{
"type": "FeatureCollection",
"name": "edges",
"crs": { "type": "name", "properties": { "name": "urn:ogc:def:crs:OGC:1.3:CRS84" } },
"xy_coordinate_resolution": 1e-15,
"features": [
{ "type": "Feature", "properties": { "edgeID": "e_1_0001", "from_n_id": "n_1_0003", "to_n_id": "n_1_0004", "distance": 7.485, "bidir": 1, "accessible": 1, "FloorLevel": "1", "layer": "E1", "path": "C:/Users/Stephanie/Documents/001 Tasek Mall/04 GIS/Interim Nodes and Edges_01/E1.geojson" }, "geometry": { "type": "MultiLineString", "coordinates": [ [ [ 103.655490082794969, 1.51387628427518 ], [ 103.655443398868343, 1.513827556727388 ] ] ] } },
{ "type": "Feature", "properties": { "edgeID": "e_1_0002", "from_n_id": "n_1_0001", "to_n_id": "n_1_0002", "distance": 7.495, "bidir": 1, "accessible": 1, "FloorLevel": "1", "layer": "E1", "path": "C:/Users/Stephanie/Documents/001 Tasek Mall/04 GIS/Interim Nodes and Edges_01/E1.geojson" }, "geometry": { "type": "MultiLineString", "coordinates": [ [ [ 103.655405445016726, 1.513863758413372 ], [ 103.655452186624544, 1.513912559157941 ] ] ] } },
{ "type": "Feature", "properties": { "edgeID": "e_1_0003", "from_n_id": "n_1_0006", "to_n_id": "n_1_0056", "distance": 10.39, "bidir": 1, "accessible": 1, "FloorLevel": "1", "layer": "E1", "path": "C:/Users/Stephanie/Documents/001 Tasek Mall/04 GIS/Interim Nodes and Edges_01/E1.geojson" }, "geometry": { "type": "MultiLineString", "coordinates": [ [ [ 103.655523990341294, 1.513694757055446 ], [ 103.655455543320087, 1.513758659424829 ] ] ] } },
{ "type": "Feature", "properties": { "edgeID": "e_1_0004", "from_n_id": "n_1_0055", "to_n_id": "n_1_0004", "distance": 6.256, "bidir": 1, "accessible": 1, "FloorLevel": "1", "layer": "E1", "path": "C:/Users/Stephanie/Documents/001 Tasek Mall/04 GIS/Interim Nodes and Edges_01/E1.geojson" }, "geometry": { "type": "MultiLineString", "coordinates": [ [ [ 103.655484203312568, 1.513788636047668 ], [ 103.655484168619637, 1.513788669261421 ], [ 103.655443398868343, 1.513827556727388 ] ] ] } },
{ "type": "Feature", "properties": { "edgeID": "e_1_0005", "from_n_id": "n_1_0004", "to_n_id": "n_1_0001", "distance": 5.819, "bidir": 1, "accessible": 1, "FloorLevel": "1", "layer": "E1", "path": "C:/Users/Stephanie/Documents/001 Tasek Mall/04 GIS/Interim Nodes and Edges_01/E1.geojson" }, "geometry": { "type": "MultiLineString", "coordinates": [ [ [ 103.655443398868343, 1.513827556727388 ], [ 103.655405445016726, 1.513863758413372 ] ] ] } },
{ "type": "Feature", "properties": { "edgeID": "e_1_0006", "from_n_id": "n_1_0056", "to_n_id": "n_1_0055", "distance": 4.6, "bidir": 1, "accessible": 1, "FloorLevel": "1", "layer": "E1", "path": "C:/Users/Stephanie/Documents/001 Tasek Mall/04 GIS/Interim Nodes and Edges_01/E1.geojson" }, "geometry": { "type": "MultiLineString", "coordinates": [ [ [ 103.655455543320087, 1.513758659424829 ], [ 103.655484203312568, 1.513788636047668 ] ] ] } },
{ "type": "Feature", "properties": { "edgeID": "e_1_0007", "from_n_id": "n_1_0056", "to_n_id": "n_1_0007", "distance": 28.284, "bidir": 1, "accessible": 1, "FloorLevel": "1", "layer": "E1", "path": "C:/Users/Stephanie/Documents/001 Tasek Mall/04 GIS/Interim Nodes and Edges_01/E1.geojson" }, "geometry": { "type": "MultiLineString", "coordinates": [ [ [ 103.655455543320087, 1.513758659424829 ], [ 103.655335271046582, 1.513870946019657 ], [ 103.655317264844982, 1.513887756668916 ], [ 103.655269207521286, 1.513932623144308 ] ] ] } },
{ "type": "Feature", "properties": { "edgeID": "e_1_0008", "from_n_id": "n_1_0008", "to_n_id": "n_1_0007", "distance": 3.51, "bidir": 1, "accessible": 1, "FloorLevel": "1", "layer": "E1", "path": "C:/Users/Stephanie/Documents/001 Tasek Mall/04 GIS/Interim Nodes and Edges_01/E1.geojson" }, "geometry": { "type": "MultiLineString", "coordinates": [ [ [ 103.655247315725092, 1.513909771890176 ], [ 103.655251241995572, 1.513913870238469 ], [ 103.655259283961925, 1.513922264662368 ], [ 103.655269207521286, 1.513932623144308 ] ] ] } },
{ "type": "Feature", "properties": { "edgeID": "e_1_0009", "from_n_id": "n_1_0096", "to_n_id": "n_1_0001", "distance": 11.626, "bidir": 1, "accessible": 1, "FloorLevel": "1", "layer": "E1", "path": "C:/Users/Stephanie/Documents/001 Tasek Mall/04 GIS/Interim Nodes and Edges_01/E1.geojson" }, "geometry": { "type": "MultiLineString", "coordinates": [ [ [ 103.655329620502812, 1.513936082435442 ], [ 103.655405445016726, 1.513863758413372 ] ] ] } },
{ "type": "Feature", "properties": { "edgeID": "e_1_0010", "from_n_id": "n_1_0006_L", "to_n_id": "n_1_0005", "distance": 12.299, "bidir": 1, "accessible": 1, "FloorLevel": "1", "layer": "E1", "path": "C:/Users/Stephanie/Documents/001 Tasek Mall/04 GIS/Interim Nodes and Edges_01/E1.geojson" }, "geometry": { "type": "MultiLineString", "coordinates": [ [ [ 103.655553209574649, 1.513759433355243 ], [ 103.655567582083336, 1.513774435682152 ], [ 103.655516960647176, 1.513822898116532 ], [ 103.655530807414451, 1.513837351663083 ] ] ] } },
{ "type": "Feature", "properties": { "edgeID": "e_1_0011", "from_n_id": "n_1_0006_L", "to_n_id": "n_1_0055", "distance": 15.337, "bidir": 1, "accessible": 1, "FloorLevel": "1", "layer": "E1", "path": "C:/Users/Stephanie/Documents/001 Tasek Mall/04 GIS/Interim Nodes and Edges_01/E1.geojson" }, "geometry": { "type": "MultiLineString", "coordinates": [ [ [ 103.655553209574649, 1.513759433355243 ], [ 103.655567582083336, 1.513774435682152 ], [ 103.655516961160487, 1.513822898316459 ], [ 103.655484168619637, 1.513788669261421 ] ] ] } },
{ "type": "Feature", "properties": { "edgeID": "e_1_0012", "from_n_id": "n_1_0007", "to_n_id": "n_1_0057", "distance": 4.91, "bidir": 1, "accessible": 1, "FloorLevel": "1", "layer": "E1", "path": "C:/Users/Stephanie/Documents/001 Tasek Mall/04 GIS/Interim Nodes and Edges_01/E1.geojson" }, "geometry": { "type": "MultiLineString", "coordinates": [ [ [ 103.655269207521286, 1.513932623144308 ], [ 103.6552997849045, 1.513964540650715 ], [ 103.655299832710242, 1.513964495051958 ] ] ] } },
{ "type": "Feature", "properties": { "edgeID": "e_1_0013", "from_n_id": "n_1_0057", "to_n_id": "n_1_0009", "distance": 14.694, "bidir": 1, "accessible": 1, "FloorLevel": "1", "layer": "E1", "path": "C:/Users/Stephanie/Documents/001 Tasek Mall/04 GIS/Interim Nodes and Edges_01/E1.geojson" }, "geometry": { "type": "MultiLineString", "coordinates": [ [ [ 103.6552997849045, 1.513964540650716 ], [ 103.655307335060201, 1.513973433760325 ], [ 103.655219396580961, 1.514056226612486 ] ] ] } },
{ "type": "Feature", "properties": { "edgeID": "e_1_0014", "from_n_id": "n_1_0009", "to_n_id": "n_1_0010", "distance": 2.355, "bidir": 1, "accessible": 1, "FloorLevel": "1", "layer": "E1", "path": "C:/Users/Stephanie/Documents/001 Tasek Mall/04 GIS/Interim Nodes and Edges_01/E1.geojson" }, "geometry": { "type": "MultiLineString", "coordinates": [ [ [ 103.655219396580961, 1.514056226612486 ], [ 103.655204705562795, 1.514040892519618 ] ] ] } },
{ "type": "Feature", "properties": { "edgeID": "e_1_0015", "from_n_id": "n_1_0009", "to_n_id": "n_1_0011", "distance": 3.579, "bidir": 1, "accessible": 1, "FloorLevel": "1", "layer": "E1", "path": "C:/Users/Stephanie/Documents/001 Tasek Mall/04 GIS/Interim Nodes and Edges_01/E1.geojson" }, "geometry": { "type": "MultiLineString", "coordinates": [ [ [ 103.655219124564084, 1.51405648056833 ], [ 103.65519554659268, 1.514078493038337 ] ] ] } },
{ "type": "Feature", "properties": { "edgeID": "e_1_0016", "from_n_id": "n_1_0011", "to_n_id": "n_1_0012_L", "distance": 3.248, "bidir": 1, "accessible": 1, "FloorLevel": "1", "layer": "E1", "path": "C:/Users/Stephanie/Documents/001 Tasek Mall/04 GIS/Interim Nodes and Edges_01/E1.geojson" }, "geometry": { "type": "MultiLineString", "coordinates": [ [ [ 103.65519554659268, 1.514078493038337 ], [ 103.655215764728624, 1.514099673014218 ] ] ] } },
{ "type": "Feature", "properties": { "edgeID": "e_1_0017", "from_n_id": "n_1_0011", "to_n_id": "n_1_0012", "distance": 13.743, "bidir": 1, "accessible": 1, "FloorLevel": "1", "layer": "E1", "path": "C:/Users/Stephanie/Documents/001 Tasek Mall/04 GIS/Interim Nodes and Edges_01/E1.geojson" }, "geometry": { "type": "MultiLineString", "coordinates": [ [ [ 103.65519554659268, 1.514078493038337 ], [ 103.655188288541595, 1.514070889698992 ], [ 103.655106263887433, 1.514149134725091 ] ] ] } },
{ "type": "Feature", "properties": { "edgeID": "e_1_0018", "from_n_id": "n_1_0012", "to_n_id": "n_1_0013", "distance": 4.197, "bidir": 1, "accessible": 1, "FloorLevel": "1", "layer": "E1", "path": "C:/Users/Stephanie/Documents/001 Tasek Mall/04 GIS/Interim Nodes and Edges_01/E1.geojson" }, "geometry": { "type": "MultiLineString", "coordinates": [ [ [ 103.655106260336922, 1.514149131005676 ], [ 103.655132386203121, 1.514176499714005 ] ] ] } },
{ "type": "Feature", "properties": { "edgeID": "e_1_0019", "from_n_id": "n_1_0012", "to_n_id": "n_1_0059", "distance": 11.311, "bidir": 1, "accessible": 1, "FloorLevel": "1", "layer": "E1", "path": "C:/Users/Stephanie/Documents/001 Tasek Mall/04 GIS/Interim Nodes and Edges_01/E1.geojson" }, "geometry": { "type": "MultiLineString", "coordinates": [ [ [ 103.655106260336922, 1.514149131005676 ], [ 103.655032485940254, 1.514219499539969 ] ] ] } },
{ "type": "Feature", "properties": { "edgeID": "e_1_0020", "from_n_id": "n_1_0059", "to_n_id": "n_1_0015", "distance": 5.56, "bidir": 1, "accessible": 1, "FloorLevel": "1", "layer": "E1", "path": "C:/Users/Stephanie/Documents/001 Tasek Mall/04 GIS/Interim Nodes and Edges_01/E1.geojson" }, "geometry": { "type": "MultiLineString", "coordinates": [ [ [ 103.655032485940254, 1.514219499539969 ], [ 103.654996222802509, 1.514254088555999 ] ] ] } },
{ "type": "Feature", "properties": { "edgeID": "e_1_0021", "from_n_id": "n_1_0058", "to_n_id": "n_1_0059", "distance": 3.217, "bidir": 1, "accessible": 1, "FloorLevel": "1", "layer": "E1", "path": "C:/Users/Stephanie/Documents/001 Tasek Mall/04 GIS/Interim Nodes and Edges_01/E1.geojson" }, "geometry": { "type": "MultiLineString", "coordinates": [ [ [ 103.655012418464111, 1.514198553663266 ], [ 103.655032485940254, 1.514219499539969 ] ] ] } },
{ "type": "Feature", "properties": { "edgeID": "e_1_0022", "from_n_id": "n_1_0015", "to_n_id": "n_1_0014", "distance": 4.197, "bidir": 1, "accessible": 1, "FloorLevel": "1", "layer": "E1", "path": "C:/Users/Stephanie/Documents/001 Tasek Mall/04 GIS/Interim Nodes and Edges_01/E1.geojson" }, "geometry": { "type": "MultiLineString", "coordinates": [ [ [ 103.654996222802509, 1.514254088555999 ], [ 103.655022474347703, 1.514281343940523 ] ] ] } },
{ "type": "Feature", "properties": { "edgeID": "e_1_0023", "from_n_id": "n_1_0015", "to_n_id": "n_1_0016", "distance": 5.967, "bidir": 1, "accessible": 1, "FloorLevel": "1", "layer": "E1", "path": "C:/Users/Stephanie/Documents/001 Tasek Mall/04 GIS/Interim Nodes and Edges_01/E1.geojson" }, "geometry": { "type": "MultiLineString", "coordinates": [ [ [ 103.654996222802509, 1.514254088555999 ], [ 103.654957306174865, 1.51429120856047 ] ] ] } },
{ "type": "Feature", "properties": { "edgeID": "e_1_0024", "from_n_id": "n_1_0016", "to_n_id": "n_1_0017", "distance": 4.197, "bidir": 1, "accessible": 1, "FloorLevel": "1", "layer": "E1", "path": "C:/Users/Stephanie/Documents/001 Tasek Mall/04 GIS/Interim Nodes and Edges_01/E1.geojson" }, "geometry": { "type": "MultiLineString", "coordinates": [ [ [ 103.654957306174865, 1.51429120856047 ], [ 103.654983434399142, 1.514318581975189 ] ] ] } },
{ "type": "Feature", "properties": { "edgeID": "e_1_0025", "from_n_id": "n_1_0016", "to_n_id": "n_1_0018", "distance": 5.576, "bidir": 1, "accessible": 1, "FloorLevel": "1", "layer": "E1", "path": "C:/Users/Stephanie/Documents/001 Tasek Mall/04 GIS/Interim Nodes and Edges_01/E1.geojson" }, "geometry": { "type": "MultiLineString", "coordinates": [ [ [ 103.654957306174865, 1.51429120856047 ], [ 103.654949928559887, 1.514298245580764 ], [ 103.654920938245283, 1.514325897530098 ] ] ] } },
{ "type": "Feature", "properties": { "edgeID": "e_1_0026", "from_n_id": "n_1_0018", "to_n_id": "n_1_0022", "distance": 11.314, "bidir": 1, "accessible": 1, "FloorLevel": "1", "layer": "E1", "path": "C:/Users/Stephanie/Documents/001 Tasek Mall/04 GIS/Interim Nodes and Edges_01/E1.geojson" }, "geometry": { "type": "MultiLineString", "coordinates": [ [ [ 103.654920938245283, 1.514325897530098 ], [ 103.65499137160856, 1.514399688322394 ] ] ] } },
{ "type": "Feature", "properties": { "edgeID": "e_1_0027", "from_n_id": "n_1_0022", "to_n_id": "n_1_0019", "distance": 4.227, "bidir": 1, "accessible": 1, "FloorLevel": "1", "layer": "E1", "path": "C:/Users/Stephanie/Documents/001 Tasek Mall/04 GIS/Interim Nodes and Edges_01/E1.geojson" }, "geometry": { "type": "MultiLineString", "coordinates": [ [ [ 103.65499137160856, 1.514399688322394 ], [ 103.655009501048625, 1.514382396617433 ], [ 103.655000493213052, 1.514372958973432 ] ] ] } },
{ "type": "Feature", "properties": { "edgeID": "e_1_0028", "from_n_id": "n_1_0020", "to_n_id": "n_1_0022", "distance": 4.211, "bidir": 1, "accessible": 1, "FloorLevel": "1", "layer": "E1", "path": "C:/Users/Stephanie/Documents/001 Tasek Mall/04 GIS/Interim Nodes and Edges_01/E1.geojson" }, "geometry": { "type": "MultiLineString", "coordinates": [ [ [ 103.655018413834597, 1.514391734676529 ], [ 103.655009501048625, 1.514382396617433 ], [ 103.65499137160856, 1.514399688322394 ] ] ] } },
{ "type": "Feature", "properties": { "edgeID": "e_1_0029", "from_n_id": "n_1_0022", "to_n_id": "n_1_0021", "distance": 3.739, "bidir": 1, "accessible": 1, "FloorLevel": "1", "layer": "E1", "path": "C:/Users/Stephanie/Documents/001 Tasek Mall/04 GIS/Interim Nodes and Edges_01/E1.geojson" }, "geometry": { "type": "MultiLineString", "coordinates": [ [ [ 103.65499137160856, 1.514399688322394 ], [ 103.65498490486128, 1.514405856250621 ], [ 103.655002011166843, 1.514423778782408 ] ] ] } },
{ "type": "Feature", "properties": { "edgeID": "e_1_0030", "from_n_id": "n_1_0018", "to_n_id": "n_1_0027", "distance": 4.198, "bidir": 1, "accessible": 1, "FloorLevel": "1", "layer": "E1", "path": "C:/Users/Stephanie/Documents/001 Tasek Mall/04 GIS/Interim Nodes and Edges_01/E1.geojson" }, "geometry": { "type": "MultiLineString", "coordinates": [ [ [ 103.654920938245283, 1.514325897530098 ], [ 103.654893557363224, 1.51435201434849 ] ] ] } },
{ "type": "Feature", "properties": { "edgeID": "e_1_0031", "from_n_id": "n_1_0027", "to_n_id": "n_1_0028", "distance": 3.681, "bidir": 1, "accessible": 1, "FloorLevel": "1", "layer": "E1", "path": "C:/Users/Stephanie/Documents/001 Tasek Mall/04 GIS/Interim Nodes and Edges_01/E1.geojson" }, "geometry": { "type": "MultiLineString", "coordinates": [ [ [ 103.654893557363224, 1.51435201434849 ], [ 103.654916470133074, 1.514376019327949 ] ] ] } },
{ "type": "Feature", "properties": { "edgeID": "e_1_0032", "from_n_id": "n_1_0027", "to_n_id": "n_1_0026", "distance": 12.118, "bidir": 1, "accessible": 1, "FloorLevel": "1", "layer": "E1", "path": "C:/Users/Stephanie/Documents/001 Tasek Mall/04 GIS/Interim Nodes and Edges_01/E1.geojson" }, "geometry": { "type": "MultiLineString", "coordinates": [ [ [ 103.654893557363224, 1.51435201434849 ], [ 103.654814522825674, 1.514427400182019 ] ] ] } },
{ "type": "Feature", "properties": { "edgeID": "e_1_0033", "from_n_id": "n_1_0026", "to_n_id": "n_1_0029", "distance": 3.681, "bidir": 1, "accessible": 1, "FloorLevel": "1", "layer": "E1", "path": "C:/Users/Stephanie/Documents/001 Tasek Mall/04 GIS/Interim Nodes and Edges_01/E1.geojson" }, "geometry": { "type": "MultiLineString", "coordinates": [ [ [ 103.654814522825674, 1.514427400182019 ], [ 103.654837435983993, 1.514451406435647 ] ] ] } },
{ "type": "Feature", "properties": { "edgeID": "e_1_0034", "from_n_id": "n_1_0026", "to_n_id": "n_1_0031", "distance": 12.635, "bidir": 1, "accessible": 1, "FloorLevel": "1", "layer": "E1", "path": "C:/Users/Stephanie/Documents/001 Tasek Mall/04 GIS/Interim Nodes and Edges_01/E1.geojson" }, "geometry": { "type": "MultiLineString", "coordinates": [ [ [ 103.654814522825674, 1.514427400182019 ], [ 103.654732114181172, 1.514506004350898 ] ] ] } },
{ "type": "Feature", "properties": { "edgeID": "e_1_0035", "from_n_id": "n_1_0031", "to_n_id": "n_1_0030", "distance": 3.681, "bidir": 1, "accessible": 1, "FloorLevel": "1", "layer": "E1", "path": "C:/Users/Stephanie/Documents/001 Tasek Mall/04 GIS/Interim Nodes and Edges_01/E1.geojson" }, "geometry": { "type": "MultiLineString", "coordinates": [ [ [ 103.654732114181172, 1.514506004350898 ], [ 103.654755028920562, 1.514530010999338 ] ] ] } },
{ "type": "Feature", "properties": { "edgeID": "e_1_0036", "from_n_id": "n_1_0060", "to_n_id": "n_1_0037", "distance": 13.581, "bidir": 1, "accessible": 1, "FloorLevel": "1", "layer": "E1", "path": "C:/Users/Stephanie/Documents/001 Tasek Mall/04 GIS/Interim Nodes and Edges_01/E1.geojson" }, "geometry": { "type": "MultiLineString", "coordinates": [ [ [ 103.654663666856877, 1.514571291735367 ], [ 103.654615499996694, 1.514617234922677 ], [ 103.654560109649822, 1.514611538413316 ] ] ] } },
{ "type": "Feature", "properties": { "edgeID": "e_1_0037", "from_n_id": "n_1_0060", "to_n_id": "n_1_0032", "distance": 10.45, "bidir": 1, "accessible": 1, "FloorLevel": "1", "layer": "E1", "path": "C:/Users/Stephanie/Documents/001 Tasek Mall/04 GIS/Interim Nodes and Edges_01/E1.geojson" }, "geometry": { "type": "MultiLineString", "coordinates": [ [ [ 103.654663666856877, 1.514571291735367 ], [ 103.654675849061789, 1.514627663066685 ], [ 103.654649173892679, 1.51465285977949 ] ] ] } },
{ "type": "Feature", "properties": { "edgeID": "e_1_0038", "from_n_id": "n_1_0032", "to_n_id": "n_1_0033", "distance": 3.499, "bidir": 1, "accessible": 1, "FloorLevel": "1", "layer": "E1", "path": "C:/Users/Stephanie/Documents/001 Tasek Mall/04 GIS/Interim Nodes and Edges_01/E1.geojson" }, "geometry": { "type": "MultiLineString", "coordinates": [ [ [ 103.654649173892679, 1.51465285977949 ], [ 103.654670847405256, 1.514675788987637 ] ] ] } },
{ "type": "Feature", "properties": { "edgeID": "e_1_0039", "from_n_id": "n_1_0032", "to_n_id": "n_1_0037", "distance": 13.576, "bidir": 1, "accessible": 1, "FloorLevel": "1", "layer": "E1", "path": "C:/Users/Stephanie/Documents/001 Tasek Mall/04 GIS/Interim Nodes and Edges_01/E1.geojson" }, "geometry": { "type": "MultiLineString", "coordinates": [ [ [ 103.654649173892679, 1.51465285977949 ], [ 103.654629136005525, 1.514671787077762 ], [ 103.654617947944658, 1.514671908346205 ], [ 103.654560109649822, 1.514611538413316 ] ] ] } },
{ "type": "Feature", "properties": { "edgeID": "e_1_0040", "from_n_id": "n_1_0037", "to_n_id": "n_1_0034", "distance": 8.454, "bidir": 1, "accessible": 1, "FloorLevel": "1", "layer": "E1", "path": "C:/Users/Stephanie/Documents/001 Tasek Mall/04 GIS/Interim Nodes and Edges_01/E1.geojson" }, "geometry": { "type": "MultiLineString", "coordinates": [ [ [ 103.654560109649822, 1.514611538413316 ], [ 103.65450737894227, 1.514556499630292 ] ] ] } },
{ "type": "Feature", "properties": { "edgeID": "e_1_0041", "from_n_id": "n_1_0034", "to_n_id": "n_1_0035", "distance": 2.981, "bidir": 1, "accessible": 1, "FloorLevel": "1", "layer": "E1", "path": "C:/Users/Stephanie/Documents/001 Tasek Mall/04 GIS/Interim Nodes and Edges_01/E1.geojson" }, "geometry": { "type": "MultiLineString", "coordinates": [ [ [ 103.65450737894227, 1.514556499630292 ], [ 103.65448796774939, 1.514575083980861 ] ] ] } },
{ "type": "Feature", "properties": { "edgeID": "e_1_0042", "from_n_id": "n_1_0036", "to_n_id": "n_1_0037", "distance": 15.496, "bidir": 1, "accessible": 1, "FloorLevel": "1", "layer": "E1", "path": "C:/Users/Stephanie/Documents/001 Tasek Mall/04 GIS/Interim Nodes and Edges_01/E1.geojson" }, "geometry": { "type": "MultiLineString", "coordinates": [ [ [ 103.654459220103135, 1.51470813082837 ], [ 103.654560109649822, 1.514611538413316 ] ] ] } },
{ "type": "Feature", "properties": { "edgeID": "e_1_0043", "from_n_id": "n_1_0034", "to_n_id": "n_1_0071", "distance": 11.733, "bidir": 1, "accessible": 1, "FloorLevel": "1", "layer": "E1", "path": "C:/Users/Stephanie/Documents/001 Tasek Mall/04 GIS/Interim Nodes and Edges_01/E1.geojson" }, "geometry": { "type": "MultiLineString", "coordinates": [ [ [ 103.65450737894227, 1.514556499630292 ], [ 103.654441795176226, 1.514488045195699 ], [ 103.65443419649776, 1.514480113915165 ] ] ] } },
{ "type": "Feature", "properties": { "edgeID": "e_1_0044", "from_n_id": "n_1_0038", "to_n_id": "n_1_0039", "distance": 2.981, "bidir": 1, "accessible": 1, "FloorLevel": "1", "layer": "E1", "path": "C:/Users/Stephanie/Documents/001 Tasek Mall/04 GIS/Interim Nodes and Edges_01/E1.geojson" }, "geometry": { "type": "MultiLineString", "coordinates": [ [ [ 103.654397486720256, 1.514441797312043 ], [ 103.654378075496396, 1.514460381504081 ] ] ] } },
{ "type": "Feature", "properties": { "edgeID": "e_1_0045", "from_n_id": "n_1_0038", "to_n_id": "n_1_0040", "distance": 5.26, "bidir": 1, "accessible": 1, "FloorLevel": "1", "layer": "E1", "path": "C:/Users/Stephanie/Documents/001 Tasek Mall/04 GIS/Interim Nodes and Edges_01/E1.geojson" }, "geometry": { "type": "MultiLineString", "coordinates": [ [ [ 103.654397486720256, 1.514441797312043 ], [ 103.654364679858475, 1.514407554458828 ] ] ] } },
{ "type": "Feature", "properties": { "edgeID": "e_1_0046", "from_n_id": "n_1_0040", "to_n_id": "n_1_0041", "distance": 10.945, "bidir": 1, "accessible": 1, "FloorLevel": "1", "layer": "E1", "path": "C:/Users/Stephanie/Documents/001 Tasek Mall/04 GIS/Interim Nodes and Edges_01/E1.geojson" }, "geometry": { "type": "MultiLineString", "coordinates": [ [ [ 103.654364679858475, 1.514407554458828 ], [ 103.654293422213698, 1.51447577707996 ] ] ] } },
{ "type": "Feature", "properties": { "edgeID": "e_1_0047", "from_n_id": "n_1_0041", "to_n_id": "n_1_0043_L", "distance": 2.253, "bidir": 1, "accessible": 1, "FloorLevel": "1", "layer": "E1", "path": "C:/Users/Stephanie/Documents/001 Tasek Mall/04 GIS/Interim Nodes and Edges_01/E1.geojson" }, "geometry": { "type": "MultiLineString", "coordinates": [ [ [ 103.654293422213698, 1.51447577707996 ], [ 103.654307477687027, 1.514490447979066 ] ] ] } },
{ "type": "Feature", "properties": { "edgeID": "e_1_0048", "from_n_id": "n_1_0042", "to_n_id": "n_1_0041", "distance": 4.551, "bidir": 1, "accessible": 1, "FloorLevel": "1", "layer": "E1", "path": "C:/Users/Stephanie/Documents/001 Tasek Mall/04 GIS/Interim Nodes and Edges_01/E1.geojson" }, "geometry": { "type": "MultiLineString", "coordinates": [ [ [ 103.654263788993944, 1.514504148153518 ], [ 103.654293422213698, 1.51447577707996 ] ] ] } },
{ "type": "Feature", "properties": { "edgeID": "e_1_0049", "from_n_id": "n_1_0040", "to_n_id": "n_1_0043", "distance": 9.929, "bidir": 1, "accessible": 1, "FloorLevel": "1", "layer": "E1", "path": "C:/Users/Stephanie/Documents/001 Tasek Mall/04 GIS/Interim Nodes and Edges_01/E1.geojson" }, "geometry": { "type": "MultiLineString", "coordinates": [ [ [ 103.654364679858475, 1.514407554458828 ], [ 103.654302750658104, 1.514342914549559 ] ] ] } },
{ "type": "Feature", "properties": { "edgeID": "e_1_0050", "from_n_id": "n_1_0043", "to_n_id": "n_1_0044", "distance": 4.896, "bidir": 1, "accessible": 1, "FloorLevel": "1", "layer": "E1", "path": "C:/Users/Stephanie/Documents/001 Tasek Mall/04 GIS/Interim Nodes and Edges_01/E1.geojson" }, "geometry": { "type": "MultiLineString", "coordinates": [ [ [ 103.654302750658104, 1.514342914549559 ], [ 103.654270874908832, 1.514373430469195 ] ] ] } },
{ "type": "Feature", "properties": { "edgeID": "e_1_0051", "from_n_id": "n_1_0044", "to_n_id": "n_1_0048", "distance": 2.87, "bidir": 1, "accessible": 1, "FloorLevel": "1", "layer": "E1", "path": "C:/Users/Stephanie/Documents/001 Tasek Mall/04 GIS/Interim Nodes and Edges_01/E1.geojson" }, "geometry": { "type": "MultiLineString", "coordinates": [ [ [ 103.654270874908832, 1.514373430469195 ], [ 103.654283624141229, 1.514386738491591 ], [ 103.65428900007926, 1.51438159188067 ] ] ] } },
{ "type": "Feature", "properties": { "edgeID": "e_1_0052", "from_n_id": "n_1_0044", "to_n_id": "n_1_0049", "distance": 5.78, "bidir": 1, "accessible": 1, "FloorLevel": "1", "layer": "E1", "path": "C:/Users/Stephanie/Documents/001 Tasek Mall/04 GIS/Interim Nodes and Edges_01/E1.geojson" }, "geometry": { "type": "MultiLineString", "coordinates": [ [ [ 103.654270874908832, 1.514373430469195 ], [ 103.654306928226276, 1.514411063978285 ] ] ] } },
{ "type": "Feature", "properties": { "edgeID": "e_1_0053", "from_n_id": "n_1_0044", "to_n_id": "n_1_0045", "distance": 5.488, "bidir": 1, "accessible": 1, "FloorLevel": "1", "layer": "E1", "path": "C:/Users/Stephanie/Documents/001 Tasek Mall/04 GIS/Interim Nodes and Edges_01/E1.geojson" }, "geometry": { "type": "MultiLineString", "coordinates": [ [ [ 103.654270874908832, 1.514373430469195 ], [ 103.654235144888005, 1.514407636235423 ] ] ] } },
{ "type": "Feature", "properties": { "edgeID": "e_1_0054", "from_n_id": "n_1_0045", "to_n_id": "n_1_0046", "distance": 2.576, "bidir": 1, "accessible": 1, "FloorLevel": "1", "layer": "E1", "path": "C:/Users/Stephanie/Documents/001 Tasek Mall/04 GIS/Interim Nodes and Edges_01/E1.geojson" }, "geometry": { "type": "MultiLineString", "coordinates": [ [ [ 103.654235144888005, 1.514407636235423 ], [ 103.654244623437364, 1.514417530246251 ], [ 103.654237744105998, 1.514424116102969 ] ] ] } },
{ "type": "Feature", "properties": { "edgeID": "e_1_0055", "from_n_id": "n_1_0045", "to_n_id": "n_1_0047", "distance": 2.576, "bidir": 1, "accessible": 1, "FloorLevel": "1", "layer": "E1", "path": "C:/Users/Stephanie/Documents/001 Tasek Mall/04 GIS/Interim Nodes and Edges_01/E1.geojson" }, "geometry": { "type": "MultiLineString", "coordinates": [ [ [ 103.654235144888005, 1.514407636235423 ], [ 103.654244623437364, 1.514417530246251 ], [ 103.654251502768716, 1.514410944389504 ] ] ] } },
{ "type": "Feature", "properties": { "edgeID": "e_1_0056", "from_n_id": "n_1_0073", "to_n_id": "n_1_0072", "distance": 26.728, "bidir": 1, "accessible": 1, "FloorLevel": "1", "layer": "E1", "path": "C:/Users/Stephanie/Documents/001 Tasek Mall/04 GIS/Interim Nodes and Edges_01/E1.geojson" }, "geometry": { "type": "MultiLineString", "coordinates": [ [ [ 103.654328261914884, 1.514318491610828 ], [ 103.654365075437724, 1.514283248563686 ], [ 103.654496515501179, 1.514420451054569 ] ] ] } },
{ "type": "Feature", "properties": { "edgeID": "e_1_0057", "from_n_id": "n_1_0094", "to_n_id": "n_1_0060", "distance": 9.188, "bidir": 1, "accessible": 1, "FloorLevel": "1", "layer": "E1", "path": "C:/Users/Stephanie/Documents/001 Tasek Mall/04 GIS/Interim Nodes and Edges_01/E1.geojson" }, "geometry": { "type": "MultiLineString", "coordinates": [ [ [ 103.65472359613392, 1.514514129154182 ], [ 103.654663666856877, 1.514571291735367 ] ] ] } },
{ "type": "Feature", "properties": { "edgeID": "e_1_0058", "from_n_id": "n_1_0016", "to_n_id": "n_1_0025", "distance": 10.494, "bidir": 1, "accessible": 1, "FloorLevel": "1", "layer": "E1", "path": "C:/Users/Stephanie/Documents/001 Tasek Mall/04 GIS/Interim Nodes and Edges_01/E1.geojson" }, "geometry": { "type": "MultiLineString", "coordinates": [ [ [ 103.654957306174865, 1.51429120856047 ], [ 103.654949928559887, 1.514298245580764 ], [ 103.654891645201232, 1.51423718395517 ] ] ] } },
{ "type": "Feature", "properties": { "edgeID": "e_1_0059", "from_n_id": "n_1_0025", "to_n_id": "n_1_0024", "distance": 11.345, "bidir": 1, "accessible": 1, "FloorLevel": "1", "layer": "E1", "path": "C:/Users/Stephanie/Documents/001 Tasek Mall/04 GIS/Interim Nodes and Edges_01/E1.geojson" }, "geometry": { "type": "MultiLineString", "coordinates": [ [ [ 103.654891533703861, 1.514237290305184 ], [ 103.654820770348621, 1.514163425136086 ] ] ] } },
{ "type": "Feature", "properties": { "edgeID": "e_1_0060", "from_n_id": "n_1_0024", "to_n_id": "n_1_0023", "distance": 2.096, "bidir": 1, "accessible": 1, "FloorLevel": "1", "layer": "E1", "path": "C:/Users/Stephanie/Documents/001 Tasek Mall/04 GIS/Interim Nodes and Edges_01/E1.geojson" }, "geometry": { "type": "MultiLineString", "coordinates": [ [ [ 103.654820770348621, 1.514163425136086 ], [ 103.65483441720535, 1.514150360151256 ] ] ] } },
{ "type": "Feature", "properties": { "edgeID": "e_1_0061", "from_n_id": "n_1_0081", "to_n_id": "n_1_0061", "distance": 25.381, "bidir": 1, "accessible": 1, "FloorLevel": "1", "layer": "E1", "path": "C:/Users/Stephanie/Documents/001 Tasek Mall/04 GIS/Interim Nodes and Edges_01/E1.geojson" }, "geometry": { "type": "MultiLineString", "coordinates": [ [ [ 103.654771561824347, 1.514152367184392 ], [ 103.654771529098184, 1.514152398514398 ], [ 103.654626824860586, 1.514001351358209 ], [ 103.654640992586536, 1.513987788052498 ] ] ] } },
{ "type": "Feature", "properties": { "edgeID": "e_1_0062", "from_n_id": "n_1_0066_L", "to_n_id": "n_1_0062", "distance": 1.336, "bidir": 1, "accessible": 1, "FloorLevel": "1", "layer": "E1", "path": "C:/Users/Stephanie/Documents/001 Tasek Mall/04 GIS/Interim Nodes and Edges_01/E1.geojson" }, "geometry": { "type": "MultiLineString", "coordinates": [ [ [ 103.654598956630963, 1.513961314150357 ], [ 103.654607652578349, 1.513952988693172 ] ] ] } },
{ "type": "Feature", "properties": { "edgeID": "e_1_0063", "from_n_id": "n_1_0062", "to_n_id": "n_1_0061", "distance": 5.345, "bidir": 1, "accessible": 1, "FloorLevel": "1", "layer": "E1", "path": "C:/Users/Stephanie/Documents/001 Tasek Mall/04 GIS/Interim Nodes and Edges_01/E1.geojson" }, "geometry": { "type": "MultiLineString", "coordinates": [ [ [ 103.654607652578349, 1.513952988693172 ], [ 103.654640992586536, 1.513987788052499 ] ] ] } },
{ "type": "Feature", "properties": { "edgeID": "e_1_0064", "from_n_id": "n_1_0068", "to_n_id": "n_1_0092", "distance": 19.737, "bidir": 1, "accessible": 1, "FloorLevel": "1", "layer": "E1", "path": "C:/Users/Stephanie/Documents/001 Tasek Mall/04 GIS/Interim Nodes and Edges_01/E1.geojson" }, "geometry": { "type": "MultiLineString", "coordinates": [ [ [ 103.654666273066027, 1.513963751925514 ], [ 103.654698746292027, 1.513932877092065 ], [ 103.654606430778614, 1.513836953877772 ] ] ] } },
{ "type": "Feature", "properties": { "edgeID": "e_1_0065", "from_n_id": "n_1_0070", "to_n_id": "n_1_0054", "distance": 19.26, "bidir": 1, "accessible": 1, "FloorLevel": "1", "layer": "E1", "path": "C:/Users/Stephanie/Documents/001 Tasek Mall/04 GIS/Interim Nodes and Edges_01/E1.geojson" }, "geometry": { "type": "MultiLineString", "coordinates": [ [ [ 103.654340643243074, 1.513966724067923 ], [ 103.654331455796324, 1.51397564148242 ], [ 103.654216069243603, 1.514087636655708 ] ] ] } },
{ "type": "Feature", "properties": { "edgeID": "e_1_0066", "from_n_id": "n_1_0051", "to_n_id": "n_1_0052", "distance": 3.318, "bidir": 1, "accessible": 1, "FloorLevel": "1", "layer": "E1", "path": "C:/Users/Stephanie/Documents/001 Tasek Mall/04 GIS/Interim Nodes and Edges_01/E1.geojson" }, "geometry": { "type": "MultiLineString", "coordinates": [ [ [ 103.654452467200613, 1.513858186774003 ], [ 103.654460047612304, 1.513865991114999 ], [ 103.654473239721966, 1.513879573026784 ], [ 103.654473310988593, 1.513879646298216 ] ] ] } },
{ "type": "Feature", "properties": { "edgeID": "e_1_0067", "from_n_id": "n_1_0050", "to_n_id": "n_1_0051", "distance": 29.919, "bidir": 1, "accessible": 1, "FloorLevel": "1", "layer": "E1", "path": "C:/Users/Stephanie/Documents/001 Tasek Mall/04 GIS/Interim Nodes and Edges_01/E1.geojson" }, "geometry": { "type": "MultiLineString", "coordinates": [ [ [ 103.65458272519075, 1.513812321870495 ], [ 103.65458272519075, 1.513784535904113 ], [ 103.654582620158294, 1.513783863981924 ], [ 103.654582503689824, 1.513783193946023 ], [ 103.654582375819146, 1.513782525990899 ], [ 103.654582236583366, 1.513781860310438 ], [ 103.654582086022913, 1.513781197097863 ], [ 103.6545819241815, 1.513780536545684 ], [ 103.654581751106079, 1.513779878845636 ], [ 103.6545815668469, 1.513779224188628 ], [ 103.654581371457439, 1.513778572764684 ], [ 103.654581164994426, 1.513777924762892 ], [ 103.6545809475178, 1.513777280371345 ], [ 103.654580719090646, 1.513776639777086 ], [ 103.654580479779312, 1.513776003166061 ], [ 103.654580229653234, 1.513775370723055 ], [ 103.654579968785029, 1.513774742631645 ], [ 103.654579697250398, 1.513774119074146 ], [ 103.654579415128197, 1.513773500231555 ], [ 103.654579122500266, 1.513772886283501 ], [ 103.654578819451586, 1.513772277408193 ], [ 103.654578506070109, 1.513771673782368 ], [ 103.654578182446798, 1.513771075581236 ], [ 103.654577848675586, 1.513770482978437 ], [ 103.654577504853364, 1.513769896145982 ], [ 103.654577151079934, 1.51376931525421 ], [ 103.654576787457984, 1.513768740471734 ], [ 103.654576414093029, 1.513768171965394 ], [ 103.654576031093484, 1.513767609900208 ], [ 103.654575638570506, 1.513767054439325 ], [ 103.654575236638053, 1.513766505743977 ], [ 103.654548674074533, 1.513738780208108 ], [ 103.654548328142639, 1.513738487093179 ], [ 103.654547977226017, 1.513738199960504 ], [ 103.654547621428165, 1.513737918894783 ], [ 103.654547260854031, 1.513737643978925 ], [ 103.65454689560994, 1.513737375294021 ], [ 103.654546525803681, 1.513737112919327 ], [ 103.654546151544324, 1.513736856932237 ], [ 103.654545772942242, 1.513736607408261 ], [ 103.654545390109135, 1.513736364421003 ], [ 103.654545003157935, 1.513736128042135 ], [ 103.654544612202756, 1.513735898341387 ], [ 103.654544217358946, 1.513735675386511 ], [ 103.654543818742951, 1.513735459243276 ], [ 103.654543416472393, 1.513735249975438 ], [ 103.65454301066589, 1.513735047644723 ], [ 103.654542601443154, 1.513734852310818 ], [ 103.654542188924921, 1.513734664031337 ], [ 103.654541773232822, 1.513734482861822 ], [ 103.654541354489524, 1.513734308855709 ], [ 103.65454093281852, 1.51373414206433 ], [ 103.654540508344198, 1.513733982536881 ], [ 103.654540081191797, 1.513733830320419 ], [ 103.654539651487255, 1.513733685459844 ], [ 103.65453921935736, 1.513733547997888 ], [ 103.654538784929585, 1.513733417975096 ], [ 103.654538348332068, 1.513733295429824 ], [ 103.654537909693587, 1.513733180398218 ], [ 103.654537469143548, 1.51373307291421 ], [ 103.65453702681188, 1.513732973009505 ], [ 103.654536582829081, 1.513732880713572 ], [ 103.65453613732609, 1.513732796053637 ], [ 103.654535690434329, 1.513732719054671 ], [ 103.654535242285618, 1.513732649739389 ], [ 103.654534793012161, 1.513732588128235 ], [ 103.654534342746459, 1.513732534239384 ], [ 103.654533891621369, 1.513732488088731 ], [ 103.654533439769935, 1.51373244968989 ], [ 103.654532987325439, 1.513732419054187 ], [ 103.65453253442135, 1.51373239619066 ], [ 103.654532081191263, 1.513732381106051 ], [ 103.654531627768847, 1.513732373804812 ], [ 103.654531174287882, 1.513732374289095 ], [ 103.654517896212781, 1.513733613553812 ], [ 103.6545171707251, 1.513733783972238 ], [ 103.654516448224626, 1.513733966632751 ], [ 103.654515728918071, 1.513734161483092 ], [ 103.654515013011221, 1.513734368467514 ], [ 103.654514300708897, 1.5137345875268 ], [ 103.654513592214883, 1.513734818598278 ], [ 103.654512887731869, 1.513735061615839 ], [ 103.654512187461421, 1.513735316509956 ], [ 103.654511491603856, 1.513735583207705 ], [ 103.65451080035831, 1.513735861632785 ], [ 103.654510113922498, 1.513736151705538 ], [ 103.654509432492816, 1.513736453342977 ], [ 103.654508756264221, 1.513736766458804 ], [ 103.654508085430194, 1.513737090963437 ], [ 103.65450742018264, 1.513737426764036 ], [ 103.654506760711897, 1.513737773764531 ], [ 103.654506107206629, 1.513738131865645 ], [ 103.654505459853823, 1.513738500964926 ], [ 103.65450481883866, 1.513738880956777 ], [ 103.654504184344532, 1.513739271732484 ], [ 103.654503556552967, 1.513739673180245 ], [ 103.654502935643592, 1.513740085185211 ], [ 103.654502321794027, 1.513740507629504 ], [ 103.65450171517989, 1.513740940392267 ], [ 103.654501115974767, 1.513741383349688 ], [ 103.654500524350055, 1.513741836375037 ], [ 103.65449994047502, 1.513742299338706 ], [ 103.654499364516724, 1.513742772108243 ], [ 103.654498796639913, 1.513743254548387 ], [ 103.654469058128342, 1.513771710818146 ], [ 103.65446867923437, 1.513772178896815 ], [ 103.654468308306093, 1.513772653308389 ], [ 103.654467945449454, 1.51377313391742 ], [ 103.654467590768007, 1.513773620586687 ], [ 103.654467244363047, 1.513774113177243 ], [ 103.654466906333496, 1.513774611548447 ], [ 103.654466576775832, 1.51377511555801 ], [ 103.654466255784158, 1.513775625062031 ], [ 103.654465943450091, 1.513776139915043 ], [ 103.654465639862863, 1.513776659970049 ], [ 103.654465345109116, 1.513777185078569 ], [ 103.654465059272994, 1.513777715090677 ], [ 103.654464782436122, 1.513778249855052 ], [ 103.654464514677557, 1.513778789219012 ], [ 103.654464256073723, 1.513779333028563 ], [ 103.654464006698447, 1.513779881128442 ], [ 103.654463766622953, 1.513780433362161 ], [ 103.654463535915781, 1.513780989572052 ], [ 103.654463314642769, 1.513781549599311 ], [ 103.654463102867155, 1.513782113284045 ], [ 103.654462900649349, 1.513782680465315 ], [ 103.654462708047092, 1.513783250981187 ], [ 103.654462525115378, 1.513783824668771 ], [ 103.65446235190646, 1.513784401364275 ], [ 103.654462188469765, 1.513784980903045 ], [ 103.65446203485196, 1.513785563119618 ], [ 103.654461891096886, 1.513786147847766 ], [ 103.654461757245656, 1.513786734920541 ], [ 103.654461633336425, 1.513787324170329 ], [ 103.654461519404563, 1.513787915428893 ], [ 103.654461415482629, 1.513788508527423 ], [ 103.654452467200613, 1.513858186774003 ] ] ] } },
{ "type": "Feature", "properties": { "edgeID": "e_1_0068", "from_n_id": "n_1_0067", "to_n_id": "n_1_0052", "distance": 7.507, "bidir": 1, "accessible": 1, "FloorLevel": "1", "layer": "E1", "path": "C:/Users/Stephanie/Documents/001 Tasek Mall/04 GIS/Interim Nodes and Edges_01/E1.geojson" }, "geometry": { "type": "MultiLineString", "coordinates": [ [ [ 103.654522712483427, 1.513833410961486 ], [ 103.654473310988593, 1.513879646298216 ] ] ] } },
{ "type": "Feature", "properties": { "edgeID": "e_1_0069", "from_n_id": "n_1_0054", "to_n_id": "n_1_0058_L", "distance": 31.303, "bidir": 1, "accessible": 1, "FloorLevel": "1", "layer": "E1", "path": "C:/Users/Stephanie/Documents/001 Tasek Mall/04 GIS/Interim Nodes and Edges_01/E1.geojson" }, "geometry": { "type": "MultiLineString", "coordinates": [ [ [ 103.654216069236867, 1.514087636648793 ], [ 103.654121747003757, 1.514179186620978 ], [ 103.654088801303928, 1.514145266979202 ], [ 103.654057732894387, 1.514175422244847 ], [ 103.654026851544003, 1.514143627978829 ], [ 103.654038208082852, 1.514132605224387 ] ] ] } },
{ "type": "Feature", "properties": { "edgeID": "e_1_0070", "from_n_id": "n_1_0068", "to_n_id": "n_1_0063", "distance": 39.818, "bidir": 1, "accessible": 1, "FloorLevel": "1", "layer": "E1", "path": "C:/Users/Stephanie/Documents/001 Tasek Mall/04 GIS/Interim Nodes and Edges_01/E1.geojson" }, "geometry": { "type": "MultiLineString", "coordinates": [ [ [ 103.654666273066027, 1.513963751925514 ], [ 103.654722533984781, 1.513910260273484 ], [ 103.654744445921239, 1.51388942688281 ], [ 103.654736248012355, 1.513880810585934 ], [ 103.654880623804743, 1.513743541229941 ], [ 103.654908151629527, 1.513772474682975 ] ] ] } },
{ "type": "Feature", "properties": { "edgeID": "e_1_0071", "from_n_id": "n_1_0064", "to_n_id": "n_1_0069_E", "distance": 0.768, "bidir": 1, "accessible": 1, "FloorLevel": "1", "layer": "E1", "path": "C:/Users/Stephanie/Documents/001 Tasek Mall/04 GIS/Interim Nodes and Edges_01/E1.geojson" }, "geometry": { "type": "MultiLineString", "coordinates": [ [ [ 103.655382606200831, 1.513886972316334 ], [ 103.655386501765435, 1.513892709368099 ] ] ] } },
{ "type": "Feature", "properties": { "edgeID": "e_1_0072", "from_n_id": "n_1_0061", "to_n_id": "n_1_0068", "distance": 3.87, "bidir": 1, "accessible": 1, "FloorLevel": "1", "layer": "E1", "path": "C:/Users/Stephanie/Documents/001 Tasek Mall/04 GIS/Interim Nodes and Edges_01/E1.geojson" }, "geometry": { "type": "MultiLineString", "coordinates": [ [ [ 103.654640992586536, 1.513987788052499 ], [ 103.654666272210889, 1.513963752738555 ], [ 103.654666273066027, 1.513963751925514 ] ] ] } },
{ "type": "Feature", "properties": { "edgeID": "e_1_0073", "from_n_id": "n_1_0061", "to_n_id": "n_1_0068", "distance": 3.87, "bidir": 1, "accessible": 1, "FloorLevel": "1", "layer": "E1", "path": "C:/Users/Stephanie/Documents/001 Tasek Mall/04 GIS/Interim Nodes and Edges_01/E1.geojson" }, "geometry": { "type": "MultiLineString", "coordinates": [ [ [ 103.654640992586536, 1.513987788052499 ], [ 103.654666272210889, 1.513963752738555 ], [ 103.654666273066027, 1.513963751925514 ] ] ] } },
{ "type": "Feature", "properties": { "edgeID": "e_1_0074", "from_n_id": "n_1_0050", "to_n_id": "n_1_0066", "distance": 5.851, "bidir": 1, "accessible": 1, "FloorLevel": "1", "layer": "E1", "path": "C:/Users/Stephanie/Documents/001 Tasek Mall/04 GIS/Interim Nodes and Edges_01/E1.geojson" }, "geometry": { "type": "MultiLineString", "coordinates": [ [ [ 103.65458272519075, 1.513812321870495 ], [ 103.654582412090065, 1.513811997762089 ], [ 103.654582093380554, 1.513811679163545 ], [ 103.65458176915925, 1.51381136617185 ], [ 103.654581439524847, 1.51381105888228 ], [ 103.654581104577687, 1.513810757388369 ], [ 103.654580764419705, 1.513810461781893 ], [ 103.65458041915447, 1.513810172152833 ], [ 103.654580068887043, 1.51380988858935 ], [ 103.65457971372409, 1.513809611177762 ], [ 103.654579353773698, 1.51380934000251 ], [ 103.654578989145421, 1.51380907514614 ], [ 103.654578619950257, 1.513808816689273 ], [ 103.654578246300616, 1.513808564710582 ], [ 103.654577868310199, 1.513808319286769 ], [ 103.654577486094098, 1.51380808049254 ], [ 103.654577099768602, 1.513807848400582 ], [ 103.654576709451391, 1.513807623081545 ], [ 103.65457631526121, 1.513807404604014 ], [ 103.65457591731807, 1.513807193034492 ], [ 103.654575515743105, 1.513806988437381 ], [ 103.654575110658541, 1.51380679087496 ], [ 103.654574702187702, 1.513806600407366 ], [ 103.654574290454903, 1.513806417092576 ], [ 103.654573875585513, 1.513806240986391 ], [ 103.654573457705794, 1.513806072142417 ], [ 103.654573036942935, 1.51380591061205 ], [ 103.654572613425017, 1.513805756444458 ], [ 103.654572187280991, 1.51380560968657 ], [ 103.654571758640515, 1.513805470383058 ], [ 103.654571327634102, 1.513805338576326 ], [ 103.654570894392975, 1.513805214306495 ], [ 103.654570459048941, 1.513805097611393 ], [ 103.6545700217346, 1.513804988526541 ], [ 103.654569582583008, 1.513804887085144 ], [ 103.654569141727848, 1.513804793318081 ], [ 103.654568699303326, 1.513804707253893 ], [ 103.654568255444133, 1.51380462891878 ], [ 103.654567810285357, 1.513804558336584 ], [ 103.654567363962499, 1.513804495528793 ], [ 103.654566916611444, 1.513804440514523 ], [ 103.654566468368301, 1.513804393310521 ], [ 103.654566019369582, 1.513804353931156 ], [ 103.654565569751952, 1.513804322388415 ], [ 103.654565119652219, 1.5138042986919 ], [ 103.65456466920746, 1.513804282848821 ], [ 103.654564218554768, 1.513804274864005 ], [ 103.654563767831291, 1.513804274739879 ], [ 103.654563317174251, 1.513804282476483 ], [ 103.654562866720809, 1.513804298071462 ], [ 103.654562416608115, 1.513804321520067 ], [ 103.654561966973148, 1.513804352815163 ], [ 103.654561517952786, 1.513804391947221 ], [ 103.654561069683737, 1.513804438904331 ], [ 103.654560622302398, 1.5138044936722 ], [ 103.654560175944994, 1.513804556234155 ], [ 103.65455973074738, 1.513804626571154 ], [ 103.654559286845085, 1.513804704661786 ], [ 103.654558844373184, 1.513804790482281 ], [ 103.654558403466424, 1.513804884006515 ], [ 103.654557964258984, 1.51380498520602 ], [ 103.65455752688456, 1.51380509404999 ], [ 103.654557091476292, 1.513805210505295 ], [ 103.65455665816674, 1.513805334536485 ], [ 103.654556227087753, 1.513805466105806 ], [ 103.654555798370566, 1.51380560517321 ], [ 103.654555372145694, 1.513805751696363 ], [ 103.654554948542881, 1.513805905630665 ], [ 103.654554527691062, 1.513806066929259 ], [ 103.654554109718347, 1.513806235543047 ], [ 103.654553694751939, 1.513806411420702 ], [ 103.654553282918172, 1.51380659450869 ], [ 103.654552874342414, 1.513806784751276 ], [ 103.654552469149039, 1.513806982090554 ], [ 103.654552067461367, 1.513807186466454 ], [ 103.65455166940167, 1.513807397816763 ], [ 103.654551275091151, 1.513807616077148 ], [ 103.65455088464978, 1.513807841181172 ], [ 103.654550498196457, 1.513808073060313 ], [ 103.654550115848764, 1.513808311643988 ], [ 103.654549737723144, 1.513808556859573 ], [ 103.654549363934663, 1.513808808632426 ], [ 103.654548994597121, 1.513809066885908 ], [ 103.654548629822912, 1.513809331541407 ], [ 103.654548269723108, 1.513809602518363 ], [ 103.654547914407289, 1.513809879734292 ], [ 103.654547563983627, 1.51381016310481 ], [ 103.654547218558818, 1.513810452543661 ], [ 103.654546878237966, 1.513810747962739 ], [ 103.654546543124667, 1.513811049272121 ], [ 103.654546213320955, 1.513811356380089 ], [ 103.654545888927203, 1.513811669193161 ], [ 103.654545570042146, 1.513811987616117 ], [ 103.654545256762887, 1.513812311552031 ], [ 103.654537574348964, 1.513819501597627 ], [ 103.654537411976406, 1.513819653563674 ] ] ] } },
{ "type": "Feature", "properties": { "edgeID": "e_1_0075", "from_n_id": "n_1_0066", "to_n_id": "n_1_0067", "distance": 2.234, "bidir": 1, "accessible": 1, "FloorLevel": "1", "layer": "E1", "path": "C:/Users/Stephanie/Documents/001 Tasek Mall/04 GIS/Interim Nodes and Edges_01/E1.geojson" }, "geometry": { "type": "MultiLineString", "coordinates": [ [ [ 103.654537411976406, 1.513819653563674 ], [ 103.654522712483427, 1.513833410961486 ] ] ] } },
{ "type": "Feature", "properties": { "edgeID": "e_1_0076", "from_n_id": "n_1_0067", "to_n_id": "n_1_0076_E", "distance": 1.098, "bidir": 1, "accessible": 1, "FloorLevel": "1", "layer": "E1", "path": "C:/Users/Stephanie/Documents/001 Tasek Mall/04 GIS/Interim Nodes and Edges_01/E1.geojson" }, "geometry": { "type": "MultiLineString", "coordinates": [ [ [ 103.654522712483427, 1.513833410961486 ], [ 103.65453009818421, 1.513840001546174 ] ] ] } },
{ "type": "Feature", "properties": { "edgeID": "e_1_0077", "from_n_id": "n_1_0066", "to_n_id": "n_1_0077_E", "distance": 1.072, "bidir": 1, "accessible": 1, "FloorLevel": "1", "layer": "E1", "path": "C:/Users/Stephanie/Documents/001 Tasek Mall/04 GIS/Interim Nodes and Edges_01/E1.geojson" }, "geometry": { "type": "MultiLineString", "coordinates": [ [ [ 103.654537574348964, 1.513819501597628 ], [ 103.654544725638331, 1.513825997293079 ] ] ] } },
{ "type": "Feature", "properties": { "edgeID": "e_1_0078", "from_n_id": "n_1_0068", "to_n_id": "n_1_0074_E", "distance": 5.466, "bidir": 1, "accessible": 1, "FloorLevel": "1", "layer": "E1", "path": "C:/Users/Stephanie/Documents/001 Tasek Mall/04 GIS/Interim Nodes and Edges_01/E1.geojson" }, "geometry": { "type": "MultiLineString", "coordinates": [ [ [ 103.654666272210889, 1.513963752738555 ], [ 103.65462422682765, 1.51393824204302 ], [ 103.654624207768592, 1.513938230479096 ] ] ] } },
{ "type": "Feature", "properties": { "edgeID": "e_1_0079", "from_n_id": "n_1_0075_E", "to_n_id": "n_1_0068", "distance": 5.329, "bidir": 1, "accessible": 1, "FloorLevel": "1", "layer": "E1", "path": "C:/Users/Stephanie/Documents/001 Tasek Mall/04 GIS/Interim Nodes and Edges_01/E1.geojson" }, "geometry": { "type": "MultiLineString", "coordinates": [ [ [ 103.654638850119142, 1.513924241776052 ], [ 103.654666272210889, 1.513963752738555 ] ] ] } },
{ "type": "Feature", "properties": { "edgeID": "e_1_0080", "from_n_id": "n_1_0062", "to_n_id": "n_1_0074_E", "distance": 2.721, "bidir": 1, "accessible": 1, "FloorLevel": "1", "layer": "E1", "path": "C:/Users/Stephanie/Documents/001 Tasek Mall/04 GIS/Interim Nodes and Edges_01/E1.geojson" }, "geometry": { "type": "MultiLineString", "coordinates": [ [ [ 103.654607652578349, 1.513952988693172 ], [ 103.654623756288075, 1.513944576337446 ], [ 103.65462422682765, 1.51393824204302 ] ] ] } },
{ "type": "Feature", "properties": { "edgeID": "e_1_0081", "from_n_id": "n_1_0062", "to_n_id": "n_1_0075_E", "distance": 5.057, "bidir": 1, "accessible": 1, "FloorLevel": "1", "layer": "E1", "path": "C:/Users/Stephanie/Documents/001 Tasek Mall/04 GIS/Interim Nodes and Edges_01/E1.geojson" }, "geometry": { "type": "MultiLineString", "coordinates": [ [ [ 103.654607652578349, 1.513952988693172 ], [ 103.654638212075724, 1.513933602805594 ], [ 103.654638850119142, 1.513924241776052 ] ] ] } },
{ "type": "Feature", "properties": { "edgeID": "e_1_0082", "from_n_id": "n_1_0069", "to_n_id": "n_1_0052", "distance": 17.288, "bidir": 1, "accessible": 1, "FloorLevel": "1", "layer": "E1", "path": "C:/Users/Stephanie/Documents/001 Tasek Mall/04 GIS/Interim Nodes and Edges_01/E1.geojson" }, "geometry": { "type": "MultiLineString", "coordinates": [ [ [ 103.654361487950183, 1.513988184996346 ], [ 103.654473239721966, 1.513879573026784 ] ] ] } },
{ "type": "Feature", "properties": { "edgeID": "e_1_0083", "from_n_id": "n_1_0051", "to_n_id": "n_1_0070", "distance": 17.288, "bidir": 1, "accessible": 1, "FloorLevel": "1", "layer": "E1", "path": "C:/Users/Stephanie/Documents/001 Tasek Mall/04 GIS/Interim Nodes and Edges_01/E1.geojson" }, "geometry": { "type": "MultiLineString", "coordinates": [ [ [ 103.654452467200613, 1.513858186774003 ], [ 103.654340643243074, 1.513966724067923 ] ] ] } },
{ "type": "Feature", "properties": { "edgeID": "e_1_0084", "from_n_id": "n_1_0071", "to_n_id": "n_1_0038", "distance": 5.885, "bidir": 1, "accessible": 1, "FloorLevel": "1", "layer": "E1", "path": "C:/Users/Stephanie/Documents/001 Tasek Mall/04 GIS/Interim Nodes and Edges_01/E1.geojson" }, "geometry": { "type": "MultiLineString", "coordinates": [ [ [ 103.65443419649776, 1.514480113915165 ], [ 103.654414039717693, 1.514459074851702 ], [ 103.654403790337454, 1.51444837684526 ], [ 103.654397486720256, 1.514441797312043 ] ] ] } },
{ "type": "Feature", "properties": { "edgeID": "e_1_0085", "from_n_id": "n_1_0072", "to_n_id": "n_1_0093", "distance": 13.185, "bidir": 1, "accessible": 1, "FloorLevel": "1", "layer": "E1", "path": "C:/Users/Stephanie/Documents/001 Tasek Mall/04 GIS/Interim Nodes and Edges_01/E1.geojson" }, "geometry": { "type": "MultiLineString", "coordinates": [ [ [ 103.654496515501179, 1.514420451054569 ], [ 103.654578749948087, 1.514506290716874 ] ] ] } },
{ "type": "Feature", "properties": { "edgeID": "e_1_0086", "from_n_id": "n_1_0072", "to_n_id": "n_1_0086", "distance": 3.421, "bidir": 1, "accessible": 1, "FloorLevel": "1", "layer": "E1", "path": "C:/Users/Stephanie/Documents/001 Tasek Mall/04 GIS/Interim Nodes and Edges_01/E1.geojson" }, "geometry": { "type": "MultiLineString", "coordinates": [ [ [ 103.654496515501179, 1.51442045105457 ], [ 103.654474244380253, 1.514441772942307 ] ] ] } },
{ "type": "Feature", "properties": { "edgeID": "e_1_0087", "from_n_id": "n_1_0071", "to_n_id": "n_1_0086", "distance": 6.133, "bidir": 1, "accessible": 1, "FloorLevel": "1", "layer": "E1", "path": "C:/Users/Stephanie/Documents/001 Tasek Mall/04 GIS/Interim Nodes and Edges_01/E1.geojson" }, "geometry": { "type": "MultiLineString", "coordinates": [ [ [ 103.65443419649776, 1.514480113915165 ], [ 103.654474130262756, 1.514441882195921 ] ] ] } },
{ "type": "Feature", "properties": { "edgeID": "e_1_0088", "from_n_id": "n_1_0043", "to_n_id": "n_1_0073", "distance": 3.918, "bidir": 1, "accessible": 1, "FloorLevel": "1", "layer": "E1", "path": "C:/Users/Stephanie/Documents/001 Tasek Mall/04 GIS/Interim Nodes and Edges_01/E1.geojson" }, "geometry": { "type": "MultiLineString", "coordinates": [ [ [ 103.654302750658104, 1.514342914549559 ], [ 103.654323388063844, 1.514323157541901 ], [ 103.654328261914884, 1.514318491610828 ] ] ] } },
{ "type": "Feature", "properties": { "edgeID": "e_1_0089", "from_n_id": "n_1_0073", "to_n_id": "n_1_0089_E", "distance": 4.126, "bidir": 1, "accessible": 1, "FloorLevel": "1", "layer": "E1", "path": "C:/Users/Stephanie/Documents/001 Tasek Mall/04 GIS/Interim Nodes and Edges_01/E1.geojson" }, "geometry": { "type": "MultiLineString", "coordinates": [ [ [ 103.65432826191487, 1.514318491610829 ], [ 103.654353998981435, 1.514345355232595 ] ] ] } },
{ "type": "Feature", "properties": { "edgeID": "e_1_0090", "from_n_id": null, "to_n_id": "n_1_0074", "distance": 4.587, "bidir": 1, "accessible": 1, "FloorLevel": "1", "layer": "E1", "path": "C:/Users/Stephanie/Documents/001 Tasek Mall/04 GIS/Interim Nodes and Edges_01/E1.geojson" }, "geometry": { "type": "MultiLineString", "coordinates": [ [ [ 103.654790182060736, 1.514448682169179 ], [ 103.654761626046977, 1.514418764943665 ] ] ] } },
{ "type": "Feature", "properties": { "edgeID": "e_1_0091", "from_n_id": "n_1_0074", "to_n_id": "n_1_0075", "distance": 2.29, "bidir": 1, "accessible": 1, "FloorLevel": "1", "layer": "E1", "path": "C:/Users/Stephanie/Documents/001 Tasek Mall/04 GIS/Interim Nodes and Edges_01/E1.geojson" }, "geometry": { "type": "MultiLineString", "coordinates": [ [ [ 103.654761626046977, 1.514418764943665 ], [ 103.654747373153384, 1.51440383264119 ] ] ] } },
{ "type": "Feature", "properties": { "edgeID": "e_1_0092", "from_n_id": "n_1_0075", "to_n_id": "n_1_0094_E", "distance": 2.172, "bidir": 1, "accessible": 1, "FloorLevel": "1", "layer": "E1", "path": "C:/Users/Stephanie/Documents/001 Tasek Mall/04 GIS/Interim Nodes and Edges_01/E1.geojson" }, "geometry": { "type": "MultiLineString", "coordinates": [ [ [ 103.654747373153384, 1.51440383264119 ], [ 103.654761517015572, 1.514390293779306 ] ] ] } },
{ "type": "Feature", "properties": { "edgeID": "e_1_0093", "from_n_id": "n_1_0074", "to_n_id": "n_1_0095_E", "distance": 2.157, "bidir": 1, "accessible": 1, "FloorLevel": "1", "layer": "E1", "path": "C:/Users/Stephanie/Documents/001 Tasek Mall/04 GIS/Interim Nodes and Edges_01/E1.geojson" }, "geometry": { "type": "MultiLineString", "coordinates": [ [ [ 103.654761626046977, 1.514418764943665 ], [ 103.654775755743444, 1.514405417418663 ] ] ] } },
{ "type": "Feature", "properties": { "edgeID": "e_1_0094", "from_n_id": "n_1_0075", "to_n_id": "n_1_0076", "distance": 22.145, "bidir": 1, "accessible": 1, "FloorLevel": "1", "layer": "E1", "path": "C:/Users/Stephanie/Documents/001 Tasek Mall/04 GIS/Interim Nodes and Edges_01/E1.geojson" }, "geometry": { "type": "MultiLineString", "coordinates": [ [ [ 103.654747373153384, 1.51440383264119 ], [ 103.654733389702471, 1.51438918262505 ], [ 103.654862750293077, 1.514264935863182 ] ] ] } },
{ "type": "Feature", "properties": { "edgeID": "e_1_0095", "from_n_id": "n_1_0076", "to_n_id": "n_1_0080", "distance": 1.308, "bidir": 1, "accessible": 1, "FloorLevel": "1", "layer": "E1", "path": "C:/Users/Stephanie/Documents/001 Tasek Mall/04 GIS/Interim Nodes and Edges_01/E1.geojson" }, "geometry": { "type": "MultiLineString", "coordinates": [ [ [ 103.654862750293077, 1.514264935863182 ], [ 103.654871254823192, 1.514256767530337 ] ] ] } },
{ "type": "Feature", "properties": { "edgeID": "e_1_0096", "from_n_id": "n_1_0076", "to_n_id": "n_1_0077", "distance": 2.177, "bidir": 1, "accessible": 1, "FloorLevel": "1", "layer": "E1", "path": "C:/Users/Stephanie/Documents/001 Tasek Mall/04 GIS/Interim Nodes and Edges_01/E1.geojson" }, "geometry": { "type": "MultiLineString", "coordinates": [ [ [ 103.654862750293077, 1.514264935863182 ], [ 103.654876301350129, 1.514279132874869 ] ] ] } },
{ "type": "Feature", "properties": { "edgeID": "e_1_0097", "from_n_id": "n_1_0093_E", "to_n_id": "n_1_0077", "distance": 2.641, "bidir": 1, "accessible": 1, "FloorLevel": "1", "layer": "E1", "path": "C:/Users/Stephanie/Documents/001 Tasek Mall/04 GIS/Interim Nodes and Edges_01/E1.geojson" }, "geometry": { "type": "MultiLineString", "coordinates": [ [ [ 103.654858996709152, 1.514295479590596 ], [ 103.654876301350129, 1.514279132874869 ] ] ] } },
{ "type": "Feature", "properties": { "edgeID": "e_1_0098", "from_n_id": "n_1_0096_E", "to_n_id": "n_1_0078", "distance": 2.653, "bidir": 1, "accessible": 1, "FloorLevel": "1", "layer": "E1", "path": "C:/Users/Stephanie/Documents/001 Tasek Mall/04 GIS/Interim Nodes and Edges_01/E1.geojson" }, "geometry": { "type": "MultiLineString", "coordinates": [ [ [ 103.654873650402862, 1.51431098116453 ], [ 103.654891030014625, 1.514294563628248 ] ] ] } },
{ "type": "Feature", "properties": { "edgeID": "e_1_0099", "from_n_id": "n_1_0078", "to_n_id": "n_1_0077", "distance": 2.366, "bidir": 1, "accessible": 1, "FloorLevel": "1", "layer": "E1", "path": "C:/Users/Stephanie/Documents/001 Tasek Mall/04 GIS/Interim Nodes and Edges_01/E1.geojson" }, "geometry": { "type": "MultiLineString", "coordinates": [ [ [ 103.654891030014625, 1.514294563628248 ], [ 103.654876301350129, 1.514279132874869 ] ] ] } },
{ "type": "Feature", "properties": { "edgeID": "e_1_0100", "from_n_id": "n_1_0018", "to_n_id": "n_1_0078", "distance": 4.804, "bidir": 1, "accessible": 1, "FloorLevel": "1", "layer": "E1", "path": "C:/Users/Stephanie/Documents/001 Tasek Mall/04 GIS/Interim Nodes and Edges_01/E1.geojson" }, "geometry": { "type": "MultiLineString", "coordinates": [ [ [ 103.654920938245283, 1.514325897530098 ], [ 103.654891030014625, 1.514294563628248 ] ] ] } },
{ "type": "Feature", "properties": { "edgeID": "e_1_0101", "from_n_id": "n_1_0080", "to_n_id": "n_1_0025", "distance": 3.137, "bidir": 1, "accessible": 1, "FloorLevel": "1", "layer": "E1", "path": "C:/Users/Stephanie/Documents/001 Tasek Mall/04 GIS/Interim Nodes and Edges_01/E1.geojson" }, "geometry": { "type": "MultiLineString", "coordinates": [ [ [ 103.654871254823192, 1.514256767530337 ], [ 103.654891645201218, 1.51423718395517 ] ] ] } },
{ "type": "Feature", "properties": { "edgeID": "e_1_0102", "from_n_id": "n_1_0080", "to_n_id": "n_1_0079", "distance": 11.35, "bidir": 1, "accessible": 1, "FloorLevel": "1", "layer": "E1", "path": "C:/Users/Stephanie/Documents/001 Tasek Mall/04 GIS/Interim Nodes and Edges_01/E1.geojson" }, "geometry": { "type": "MultiLineString", "coordinates": [ [ [ 103.654871254823192, 1.514256767530337 ], [ 103.654800556378603, 1.514182777226835 ] ] ] } },
{ "type": "Feature", "properties": { "edgeID": "e_1_0103", "from_n_id": "n_1_0079", "to_n_id": "n_1_0024", "distance": 3.105, "bidir": 1, "accessible": 1, "FloorLevel": "1", "layer": "E1", "path": "C:/Users/Stephanie/Documents/001 Tasek Mall/04 GIS/Interim Nodes and Edges_01/E1.geojson" }, "geometry": { "type": "MultiLineString", "coordinates": [ [ [ 103.654800556378603, 1.514182777226835 ], [ 103.654820770348621, 1.514163425136086 ] ] ] } },
{ "type": "Feature", "properties": { "edgeID": "e_1_0104", "from_n_id": "n_1_0079", "to_n_id": "n_1_0081", "distance": 4.66, "bidir": 1, "accessible": 1, "FloorLevel": "1", "layer": "E1", "path": "C:/Users/Stephanie/Documents/001 Tasek Mall/04 GIS/Interim Nodes and Edges_01/E1.geojson" }, "geometry": { "type": "MultiLineString", "coordinates": [ [ [ 103.654800556378603, 1.514182777226835 ], [ 103.654771529734276, 1.514152399178358 ] ] ] } },
{ "type": "Feature", "properties": { "edgeID": "e_1_0105", "from_n_id": "n_1_0024", "to_n_id": "n_1_0081", "distance": 7.754, "bidir": 1, "accessible": 1, "FloorLevel": "1", "layer": "E1", "path": "C:/Users/Stephanie/Documents/001 Tasek Mall/04 GIS/Interim Nodes and Edges_01/E1.geojson" }, "geometry": { "type": "MultiLineString", "coordinates": [ [ [ 103.654820770348621, 1.514163425136086 ], [ 103.654791703803738, 1.514133084498732 ], [ 103.654771561824347, 1.514152367184392 ] ] ] } },
{ "type": "Feature", "properties": { "edgeID": "e_1_0106", "from_n_id": "n_1_0053", "to_n_id": "n_1_0083", "distance": 22.602, "bidir": 1, "accessible": 1, "FloorLevel": "1", "layer": "E1", "path": "C:/Users/Stephanie/Documents/001 Tasek Mall/04 GIS/Interim Nodes and Edges_01/E1.geojson" }, "geometry": { "type": "MultiLineString", "coordinates": [ [ [ 103.654269660537807, 1.514142736845308 ], [ 103.654303941451076, 1.514109418592074 ], [ 103.654394115206856, 1.514021776795224 ], [ 103.654373068246883, 1.514000136909318 ] ] ] } },
{ "type": "Feature", "properties": { "edgeID": "e_1_0107", "from_n_id": "n_1_0083", "to_n_id": "n_1_0084_E", "distance": 2.878, "bidir": 1, "accessible": 1, "FloorLevel": "1", "layer": "E1", "path": "C:/Users/Stephanie/Documents/001 Tasek Mall/04 GIS/Interim Nodes and Edges_01/E1.geojson" }, "geometry": { "type": "MultiLineString", "coordinates": [ [ [ 103.65437249813381, 1.514000675450967 ], [ 103.654353644334137, 1.51401848517428 ] ] ] } },
{ "type": "Feature", "properties": { "edgeID": "e_1_0108", "from_n_id": "n_1_0082_E", "to_n_id": "n_1_0082", "distance": 2.907, "bidir": 1, "accessible": 1, "FloorLevel": "1", "layer": "E1", "path": "C:/Users/Stephanie/Documents/001 Tasek Mall/04 GIS/Interim Nodes and Edges_01/E1.geojson" }, "geometry": { "type": "MultiLineString", "coordinates": [ [ [ 103.654339925932263, 1.514003598583944 ], [ 103.654358766561316, 1.513985383156487 ] ] ] } },
{ "type": "Feature", "properties": { "edgeID": "e_1_0109", "from_n_id": "n_1_0070", "to_n_id": "n_1_0082", "distance": 2.885, "bidir": 1, "accessible": 1, "FloorLevel": "1", "layer": "E1", "path": "C:/Users/Stephanie/Documents/001 Tasek Mall/04 GIS/Interim Nodes and Edges_01/E1.geojson" }, "geometry": { "type": "MultiLineString", "coordinates": [ [ [ 103.654340643243046, 1.513966724067924 ], [ 103.654358766561316, 1.513985383156488 ] ] ] } },
{ "type": "Feature", "properties": { "edgeID": "e_1_0110", "from_n_id": "n_1_0069", "to_n_id": "n_1_0082", "distance": 0.433, "bidir": 1, "accessible": 1, "FloorLevel": "1", "layer": "E1", "path": "C:/Users/Stephanie/Documents/001 Tasek Mall/04 GIS/Interim Nodes and Edges_01/E1.geojson" }, "geometry": { "type": "MultiLineString", "coordinates": [ [ [ 103.654361487950183, 1.513988184996345 ], [ 103.654358766561316, 1.513985383156488 ] ] ] } },
{ "type": "Feature", "properties": { "edgeID": "e_1_0111", "from_n_id": "n_1_0069", "to_n_id": "n_1_0083", "distance": 1.846, "bidir": 1, "accessible": 1, "FloorLevel": "1", "layer": "E1", "path": "C:/Users/Stephanie/Documents/001 Tasek Mall/04 GIS/Interim Nodes and Edges_01/E1.geojson" }, "geometry": { "type": "MultiLineString", "coordinates": [ [ [ 103.654361487950183, 1.513988184996345 ], [ 103.654373068246883, 1.514000136909318 ] ] ] } },
{ "type": "Feature", "properties": { "edgeID": "e_1_0112", "from_n_id": "n_1_0054", "to_n_id": "n_1_0084", "distance": 2.693, "bidir": 1, "accessible": 1, "FloorLevel": "1", "layer": "E1", "path": "C:/Users/Stephanie/Documents/001 Tasek Mall/04 GIS/Interim Nodes and Edges_01/E1.geojson" }, "geometry": { "type": "MultiLineString", "coordinates": [ [ [ 103.65421647480737, 1.514088053638373 ], [ 103.65423340258819, 1.51410545803128 ] ] ] } },
{ "type": "Feature", "properties": { "edgeID": "e_1_0113", "from_n_id": "n_1_0084", "to_n_id": "n_1_0085", "distance": 2.15, "bidir": 1, "accessible": 1, "FloorLevel": "1", "layer": "E1", "path": "C:/Users/Stephanie/Documents/001 Tasek Mall/04 GIS/Interim Nodes and Edges_01/E1.geojson" }, "geometry": { "type": "MultiLineString", "coordinates": [ [ [ 103.65423340258819, 1.51410545803128 ], [ 103.654246914744576, 1.514119350630671 ] ] ] } },
{ "type": "Feature", "properties": { "edgeID": "e_1_0114", "from_n_id": "n_1_0053", "to_n_id": "n_1_0085", "distance": 3.619, "bidir": 1, "accessible": 1, "FloorLevel": "1", "layer": "E1", "path": "C:/Users/Stephanie/Documents/001 Tasek Mall/04 GIS/Interim Nodes and Edges_01/E1.geojson" }, "geometry": { "type": "MultiLineString", "coordinates": [ [ [ 103.654269660537807, 1.514142736845308 ], [ 103.654246914744576, 1.514119350630671 ] ] ] } },
{ "type": "Feature", "properties": { "edgeID": "e_1_0115", "from_n_id": "n_1_0084", "to_n_id": "n_1_0081_E", "distance": 1.233, "bidir": 1, "accessible": 1, "FloorLevel": "1", "layer": "E1", "path": "C:/Users/Stephanie/Documents/001 Tasek Mall/04 GIS/Interim Nodes and Edges_01/E1.geojson" }, "geometry": { "type": "MultiLineString", "coordinates": [ [ [ 103.65423340258819, 1.51410545803128 ], [ 103.654241480842387, 1.514097826964913 ] ] ] } },
{ "type": "Feature", "properties": { "edgeID": "e_1_0116", "from_n_id": "n_1_0085", "to_n_id": "n_1_0083_E", "distance": 1.243, "bidir": 1, "accessible": 1, "FloorLevel": "1", "layer": "E1", "path": "C:/Users/Stephanie/Documents/001 Tasek Mall/04 GIS/Interim Nodes and Edges_01/E1.geojson" }, "geometry": { "type": "MultiLineString", "coordinates": [ [ [ 103.654246914744576, 1.514119350630671 ], [ 103.654255040842926, 1.514111641262359 ] ] ] } },
{ "type": "Feature", "properties": { "edgeID": "e_1_0117", "from_n_id": "n_1_0086", "to_n_id": "n_1_0088_E", "distance": 1.875, "bidir": 1, "accessible": 1, "FloorLevel": "1", "layer": "E1", "path": "C:/Users/Stephanie/Documents/001 Tasek Mall/04 GIS/Interim Nodes and Edges_01/E1.geojson" }, "geometry": { "type": "MultiLineString", "coordinates": [ [ [ 103.654474244380253, 1.514441772942307 ], [ 103.654474130262756, 1.514441882195921 ], [ 103.65446254665693, 1.514429791647596 ] ] ] } },
{ "type": "Feature", "properties": { "edgeID": "e_1_0118", "from_n_id": "n_1_0008", "to_n_id": "n_1_0087", "distance": 9.721, "bidir": 1, "accessible": 1, "FloorLevel": "1", "layer": "E1", "path": "C:/Users/Stephanie/Documents/001 Tasek Mall/04 GIS/Interim Nodes and Edges_01/E1.geojson" }, "geometry": { "type": "MultiLineString", "coordinates": [ [ [ 103.655247315725092, 1.513909771890176 ], [ 103.655224102399643, 1.513885541187561 ], [ 103.65526316559496, 1.513848144263144 ] ] ] } },
{ "type": "Feature", "properties": { "edgeID": "e_1_0119", "from_n_id": "n_1_0087", "to_n_id": "n_1_0088", "distance": 1.694, "bidir": 1, "accessible": 1, "FloorLevel": "1", "layer": "E1", "path": "C:/Users/Stephanie/Documents/001 Tasek Mall/04 GIS/Interim Nodes and Edges_01/E1.geojson" }, "geometry": { "type": "MultiLineString", "coordinates": [ [ [ 103.65526316559496, 1.513848144263144 ], [ 103.655274194091803, 1.513837586195328 ] ] ] } },
{ "type": "Feature", "properties": { "edgeID": "e_1_0120", "from_n_id": "n_1_0088", "to_n_id": "n_1_0071_E", "distance": 2.533, "bidir": 1, "accessible": 1, "FloorLevel": "1", "layer": "E1", "path": "C:/Users/Stephanie/Documents/001 Tasek Mall/04 GIS/Interim Nodes and Edges_01/E1.geojson" }, "geometry": { "type": "MultiLineString", "coordinates": [ [ [ 103.655274194091803, 1.513837586195328 ], [ 103.655258393095295, 1.513821093591982 ] ] ] } },
{ "type": "Feature", "properties": { "edgeID": "e_1_0121", "from_n_id": "n_1_0087", "to_n_id": "n_1_0070_E", "distance": 2.533, "bidir": 1, "accessible": 1, "FloorLevel": "1", "layer": "E1", "path": "C:/Users/Stephanie/Documents/001 Tasek Mall/04 GIS/Interim Nodes and Edges_01/E1.geojson" }, "geometry": { "type": "MultiLineString", "coordinates": [ [ [ 103.65526316559496, 1.513848144263144 ], [ 103.655247364889178, 1.513831651963256 ] ] ] } },
{ "type": "Feature", "properties": { "edgeID": "e_1_0122", "from_n_id": "n_1_0092", "to_n_id": "n_1_0091", "distance": 3.018, "bidir": 1, "accessible": 1, "FloorLevel": "1", "layer": "E1", "path": "C:/Users/Stephanie/Documents/001 Tasek Mall/04 GIS/Interim Nodes and Edges_01/E1.geojson" }, "geometry": { "type": "MultiLineString", "coordinates": [ [ [ 103.654606430778614, 1.513836953877772 ], [ 103.654625955648712, 1.51381800852591 ] ] ] } },
{ "type": "Feature", "properties": { "edgeID": "e_1_0123", "from_n_id": "n_1_0092", "to_n_id": "n_1_0050", "distance": 3.792, "bidir": 1, "accessible": 1, "FloorLevel": "1", "layer": "E1", "path": "C:/Users/Stephanie/Documents/001 Tasek Mall/04 GIS/Interim Nodes and Edges_01/E1.geojson" }, "geometry": { "type": "MultiLineString", "coordinates": [ [ [ 103.654606430778614, 1.513836953877772 ], [ 103.65458272519075, 1.513812321870495 ] ] ] } },
{ "type": "Feature", "properties": { "edgeID": "e_1_0124", "from_n_id": "n_1_0089", "to_n_id": "n_1_0093", "distance": 1.713, "bidir": 1, "accessible": 1, "FloorLevel": "1", "layer": "E1", "path": "C:/Users/Stephanie/Documents/001 Tasek Mall/04 GIS/Interim Nodes and Edges_01/E1.geojson" }, "geometry": { "type": "MultiLineString", "coordinates": [ [ [ 103.654589832880944, 1.514495540397525 ], [ 103.654578749948087, 1.514506290716874 ] ] ] } },
{ "type": "Feature", "properties": { "edgeID": "e_1_0125", "from_n_id": "n_1_0090", "to_n_id": "n_1_0094", "distance": 3.042, "bidir": 1, "accessible": 1, "FloorLevel": "1", "layer": "E1", "path": "C:/Users/Stephanie/Documents/001 Tasek Mall/04 GIS/Interim Nodes and Edges_01/E1.geojson" }, "geometry": { "type": "MultiLineString", "coordinates": [ [ [ 103.654705682643851, 1.514493350248404 ], [ 103.65472359613392, 1.514514129154182 ] ] ] } },
{ "type": "Feature", "properties": { "edgeID": "e_1_0126", "from_n_id": "n_1_0093", "to_n_id": "n_1_0060", "distance": 12.09, "bidir": 1, "accessible": 1, "FloorLevel": "1", "layer": "E1", "path": "C:/Users/Stephanie/Documents/001 Tasek Mall/04 GIS/Interim Nodes and Edges_01/E1.geojson" }, "geometry": { "type": "MultiLineString", "coordinates": [ [ [ 103.654578749948087, 1.514506290716874 ], [ 103.654624258496881, 1.514553794387188 ], [ 103.654663666856862, 1.514571291735367 ] ] ] } },
{ "type": "Feature", "properties": { "edgeID": "e_1_0127", "from_n_id": "n_1_0031", "to_n_id": "n_1_0094", "distance": 1.306, "bidir": 1, "accessible": 1, "FloorLevel": "1", "layer": "E1", "path": "C:/Users/Stephanie/Documents/001 Tasek Mall/04 GIS/Interim Nodes and Edges_01/E1.geojson" }, "geometry": { "type": "MultiLineString", "coordinates": [ [ [ 103.654732114181172, 1.514506004350898 ], [ 103.65472359613392, 1.514514129154182 ] ] ] } },
{ "type": "Feature", "properties": { "edgeID": "e_1_0128", "from_n_id": "n_1_0095", "to_n_id": "n_1_0096", "distance": 16.286, "bidir": 1, "accessible": 1, "FloorLevel": "1", "layer": "E1", "path": "C:/Users/Stephanie/Documents/001 Tasek Mall/04 GIS/Interim Nodes and Edges_01/E1.geojson" }, "geometry": { "type": "MultiLineString", "coordinates": [ [ [ 103.655432104444714, 1.513992328129819 ], [ 103.655420395352877, 1.513980106801837 ], [ 103.655416821058893, 1.513976376143621 ], [ 103.655391637659022, 1.51400081265254 ], [ 103.655329620502812, 1.513936082435442 ] ] ] } },
{ "type": "Feature", "properties": { "edgeID": "e_1_0129", "from_n_id": "n_1_0057", "to_n_id": "n_1_0096", "distance": 4.567, "bidir": 1, "accessible": 1, "FloorLevel": "1", "layer": "E1", "path": "C:/Users/Stephanie/Documents/001 Tasek Mall/04 GIS/Interim Nodes and Edges_01/E1.geojson" }, "geometry": { "type": "MultiLineString", "coordinates": [ [ [ 103.655299832710242, 1.513964495051958 ], [ 103.655329620502812, 1.513936082435442 ] ] ] } },
{ "type": "Feature", "properties": { "edgeID": "e_2_0001", "from_n_id": "n_2_0141_L", "to_n_id": "n_2_0136", "distance": 7.443, "bidir": 1, "accessible": 1, "FloorLevel": "2", "layer": "E2", "path": "C:/Users/Stephanie/Documents/001 Tasek Mall/04 GIS/Interim Nodes and Edges_01/E2.geojson" }, "geometry": { "type": "MultiLineString", "coordinates": [ [ [ 103.655553209574606, 1.513759433355243 ], [ 103.655566727484612, 1.513773543438693 ], [ 103.655532375305171, 1.513806430954862 ] ] ] } },
{ "type": "Feature", "properties": { "edgeID": "e_2_0002", "from_n_id": "n_2_0136", "to_n_id": "n_2_0044", "distance": 8.012, "bidir": 1, "accessible": 1, "FloorLevel": "2", "layer": "E2", "path": "C:/Users/Stephanie/Documents/001 Tasek Mall/04 GIS/Interim Nodes and Edges_01/E2.geojson" }, "geometry": { "type": "MultiLineString", "coordinates": [ [ [ 103.655533087789067, 1.513807174660534 ], [ 103.655583060895609, 1.513859337636942 ] ] ] } },
{ "type": "Feature", "properties": { "edgeID": "e_2_0003", "from_n_id": "n_2_0044", "to_n_id": "n_2_0020", "distance": 20.28, "bidir": 1, "accessible": 1, "FloorLevel": "2", "layer": "E2", "path": "C:/Users/Stephanie/Documents/001 Tasek Mall/04 GIS/Interim Nodes and Edges_01/E2.geojson" }, "geometry": { "type": "MultiLineString", "coordinates": [ [ [ 103.655583060895609, 1.513859337636942 ], [ 103.655538188780753, 1.513902299231535 ], [ 103.655561604944012, 1.51392673965051 ], [ 103.655498880156543, 1.513986793802261 ] ] ] } },
{ "type": "Feature", "properties": { "edgeID": "e_2_0004", "from_n_id": "n_2_0020", "to_n_id": "n_2_0019", "distance": 0.717, "bidir": 1, "accessible": 1, "FloorLevel": "2", "layer": "E2", "path": "C:/Users/Stephanie/Documents/001 Tasek Mall/04 GIS/Interim Nodes and Edges_01/E2.geojson" }, "geometry": { "type": "MultiLineString", "coordinates": [ [ [ 103.655498880156543, 1.513986793802261 ], [ 103.655494406521569, 1.513982124484422 ] ] ] } },
{ "type": "Feature", "properties": { "edgeID": "e_2_0005", "from_n_id": "n_2_0136", "to_n_id": "n_2_0007", "distance": 20.371, "bidir": 1, "accessible": 1, "FloorLevel": "2", "layer": "E2", "path": "C:/Users/Stephanie/Documents/001 Tasek Mall/04 GIS/Interim Nodes and Edges_01/E2.geojson" }, "geometry": { "type": "MultiLineString", "coordinates": [ [ [ 103.65553237609997, 1.513806431784491 ], [ 103.655508401996244, 1.513781407103655 ], [ 103.65540056593909, 1.513884179184563 ] ] ] } },
{ "type": "Feature", "properties": { "edgeID": "e_2_0006", "from_n_id": "n_2_0007", "to_n_id": "n_2_0004", "distance": 3.706, "bidir": 1, "accessible": 1, "FloorLevel": "2", "layer": "E2", "path": "C:/Users/Stephanie/Documents/001 Tasek Mall/04 GIS/Interim Nodes and Edges_01/E2.geojson" }, "geometry": { "type": "MultiLineString", "coordinates": [ [ [ 103.65540056593909, 1.513884179184563 ], [ 103.655423683154154, 1.513908307579127 ] ] ] } },
{ "type": "Feature", "properties": { "edgeID": "e_2_0007", "from_n_id": "n_2_0004", "to_n_id": "n_2_0003", "distance": 0.911, "bidir": 1, "accessible": 1, "FloorLevel": "2", "layer": "E2", "path": "C:/Users/Stephanie/Documents/001 Tasek Mall/04 GIS/Interim Nodes and Edges_01/E2.geojson" }, "geometry": { "type": "MultiLineString", "coordinates": [ [ [ 103.655423683154154, 1.513908307579127 ], [ 103.655429615318539, 1.513902628174968 ] ] ] } },
{ "type": "Feature", "properties": { "edgeID": "e_2_0008", "from_n_id": "n_2_0004", "to_n_id": "n_2_0006", "distance": 6.421, "bidir": 1, "accessible": 1, "FloorLevel": "2", "layer": "E2", "path": "C:/Users/Stephanie/Documents/001 Tasek Mall/04 GIS/Interim Nodes and Edges_01/E2.geojson" }, "geometry": { "type": "MultiLineString", "coordinates": [ [ [ 103.655423683154154, 1.513908307579127 ], [ 103.655463733723963, 1.513950110016567 ] ] ] } },
{ "type": "Feature", "properties": { "edgeID": "e_2_0009", "from_n_id": "n_2_0006", "to_n_id": "n_2_0005", "distance": 0.911, "bidir": 1, "accessible": 1, "FloorLevel": "2", "layer": "E2", "path": "C:/Users/Stephanie/Documents/001 Tasek Mall/04 GIS/Interim Nodes and Edges_01/E2.geojson" }, "geometry": { "type": "MultiLineString", "coordinates": [ [ [ 103.655463733723963, 1.513950110016567 ], [ 103.655469665203398, 1.513944431268046 ] ] ] } },
{ "type": "Feature", "properties": { "edgeID": "e_2_0010", "from_n_id": "n_2_0006", "to_n_id": "n_2_0019", "distance": 4.918, "bidir": 1, "accessible": 1, "FloorLevel": "2", "layer": "E2", "path": "C:/Users/Stephanie/Documents/001 Tasek Mall/04 GIS/Interim Nodes and Edges_01/E2.geojson" }, "geometry": { "type": "MultiLineString", "coordinates": [ [ [ 103.655463733723963, 1.513950110016567 ], [ 103.655494406521569, 1.513982124484422 ] ] ] } },
{ "type": "Feature", "properties": { "edgeID": "e_2_0011", "from_n_id": "n_2_0019", "to_n_id": "n_2_0021", "distance": 10.999, "bidir": 1, "accessible": 1, "FloorLevel": "2", "layer": "E2", "path": "C:/Users/Stephanie/Documents/001 Tasek Mall/04 GIS/Interim Nodes and Edges_01/E2.geojson" }, "geometry": { "type": "MultiLineString", "coordinates": [ [ [ 103.655494406521569, 1.513982124484422 ], [ 103.655451339974789, 1.514023353359933 ], [ 103.655422789383977, 1.514050685682212 ] ] ] } },
{ "type": "Feature", "properties": { "edgeID": "e_2_0012", "from_n_id": "n_2_0021", "to_n_id": "n_2_0010", "distance": 1.058, "bidir": 1, "accessible": 1, "FloorLevel": "2", "layer": "E2", "path": "C:/Users/Stephanie/Documents/001 Tasek Mall/04 GIS/Interim Nodes and Edges_01/E2.geojson" }, "geometry": { "type": "MultiLineString", "coordinates": [ [ [ 103.655422789383977, 1.514050685682212 ], [ 103.65542938591048, 1.514057571274445 ] ] ] } },
{ "type": "Feature", "properties": { "edgeID": "e_2_0013", "from_n_id": "n_2_0010", "to_n_id": "n_2_0011", "distance": 1.224, "bidir": 1, "accessible": 1, "FloorLevel": "2", "layer": "E2", "path": "C:/Users/Stephanie/Documents/001 Tasek Mall/04 GIS/Interim Nodes and Edges_01/E2.geojson" }, "geometry": { "type": "MultiLineString", "coordinates": [ [ [ 103.65542938591048, 1.514057571274445 ], [ 103.655421401514872, 1.514065187264005 ] ] ] } },
{ "type": "Feature", "properties": { "edgeID": "e_2_0014", "from_n_id": "n_2_0021", "to_n_id": "n_2_0008", "distance": 4.287, "bidir": 1, "accessible": 1, "FloorLevel": "2", "layer": "E2", "path": "C:/Users/Stephanie/Documents/001 Tasek Mall/04 GIS/Interim Nodes and Edges_01/E2.geojson" }, "geometry": { "type": "MultiLineString", "coordinates": [ [ [ 103.655422789383977, 1.514050685682212 ], [ 103.655396050621547, 1.514022775203031 ] ] ] } },
{ "type": "Feature", "properties": { "edgeID": "e_2_0015", "from_n_id": "n_2_0008", "to_n_id": "n_2_0009", "distance": 1.214, "bidir": 1, "accessible": 1, "FloorLevel": "2", "layer": "E2", "path": "C:/Users/Stephanie/Documents/001 Tasek Mall/04 GIS/Interim Nodes and Edges_01/E2.geojson" }, "geometry": { "type": "MultiLineString", "coordinates": [ [ [ 103.655396050621547, 1.514022775203031 ], [ 103.65538812984741, 1.51403033050646 ] ] ] } },
{ "type": "Feature", "properties": { "edgeID": "e_2_0016", "from_n_id": "n_2_0008", "to_n_id": "n_2_0045", "distance": 10.758, "bidir": 1, "accessible": 1, "FloorLevel": "2", "layer": "E2", "path": "C:/Users/Stephanie/Documents/001 Tasek Mall/04 GIS/Interim Nodes and Edges_01/E2.geojson" }, "geometry": { "type": "MultiLineString", "coordinates": [ [ [ 103.655396050621547, 1.514022775203031 ], [ 103.65532895326244, 1.513952737575383 ] ] ] } },
{ "type": "Feature", "properties": { "edgeID": "e_2_0017", "from_n_id": "n_2_0002", "to_n_id": "n_2_0045", "distance": 3.807, "bidir": 1, "accessible": 1, "FloorLevel": "2", "layer": "E2", "path": "C:/Users/Stephanie/Documents/001 Tasek Mall/04 GIS/Interim Nodes and Edges_01/E2.geojson" }, "geometry": { "type": "MultiLineString", "coordinates": [ [ [ 103.655353738311476, 1.513929009610729 ], [ 103.65532895326244, 1.513952737575383 ] ] ] } },
{ "type": "Feature", "properties": { "edgeID": "e_2_0018", "from_n_id": "n_2_0001", "to_n_id": "n_2_0002", "distance": 1.713, "bidir": 1, "accessible": 1, "FloorLevel": "2", "layer": "E2", "path": "C:/Users/Stephanie/Documents/001 Tasek Mall/04 GIS/Interim Nodes and Edges_01/E2.geojson" }, "geometry": { "type": "MultiLineString", "coordinates": [ [ [ 103.655343054102858, 1.513917857693954 ], [ 103.655353738311476, 1.513929009610729 ] ] ] } },
{ "type": "Feature", "properties": { "edgeID": "e_2_0019", "from_n_id": "n_2_0002", "to_n_id": "n_2_0146", "distance": 4.489, "bidir": 1, "accessible": 1, "FloorLevel": "2", "layer": "E2", "path": "C:/Users/Stephanie/Documents/001 Tasek Mall/04 GIS/Interim Nodes and Edges_01/E2.geojson" }, "geometry": { "type": "MultiLineString", "coordinates": [ [ [ 103.655353738311476, 1.513929009610729 ], [ 103.655382966045337, 1.51390102844177 ] ] ] } },
{ "type": "Feature", "properties": { "edgeID": "e_2_0020", "from_n_id": "n_2_0010", "to_n_id": "n_2_0012", "distance": 4.008, "bidir": 1, "accessible": 1, "FloorLevel": "2", "layer": "E2", "path": "C:/Users/Stephanie/Documents/001 Tasek Mall/04 GIS/Interim Nodes and Edges_01/E2.geojson" }, "geometry": { "type": "MultiLineString", "coordinates": [ [ [ 103.65542938591048, 1.514057571274445 ], [ 103.655454383475757, 1.514083664255211 ] ] ] } },
{ "type": "Feature", "properties": { "edgeID": "e_2_0021", "from_n_id": "n_2_0012", "to_n_id": "n_2_0013", "distance": 1.232, "bidir": 1, "accessible": 1, "FloorLevel": "2", "layer": "E2", "path": "C:/Users/Stephanie/Documents/001 Tasek Mall/04 GIS/Interim Nodes and Edges_01/E2.geojson" }, "geometry": { "type": "MultiLineString", "coordinates": [ [ [ 103.655454383475757, 1.514083664255211 ], [ 103.655446351371936, 1.514091325751783 ] ] ] } },
{ "type": "Feature", "properties": { "edgeID": "e_2_0022", "from_n_id": "n_2_0012", "to_n_id": "n_2_0014", "distance": 6.787, "bidir": 1, "accessible": 1, "FloorLevel": "2", "layer": "E2", "path": "C:/Users/Stephanie/Documents/001 Tasek Mall/04 GIS/Interim Nodes and Edges_01/E2.geojson" }, "geometry": { "type": "MultiLineString", "coordinates": [ [ [ 103.655454383475757, 1.514083664255211 ], [ 103.655496717087303, 1.514127852962485 ] ] ] } },
{ "type": "Feature", "properties": { "edgeID": "e_2_0023", "from_n_id": "n_2_0014", "to_n_id": "n_2_0015", "distance": 1.244, "bidir": 1, "accessible": 1, "FloorLevel": "2", "layer": "E2", "path": "C:/Users/Stephanie/Documents/001 Tasek Mall/04 GIS/Interim Nodes and Edges_01/E2.geojson" }, "geometry": { "type": "MultiLineString", "coordinates": [ [ [ 103.655496717087303, 1.514127852962485 ], [ 103.655488604188619, 1.514135591525543 ] ] ] } },
{ "type": "Feature", "properties": { "edgeID": "e_2_0024", "from_n_id": "n_2_0014", "to_n_id": "n_2_0016", "distance": 4.718, "bidir": 1, "accessible": 1, "FloorLevel": "2", "layer": "E2", "path": "C:/Users/Stephanie/Documents/001 Tasek Mall/04 GIS/Interim Nodes and Edges_01/E2.geojson" }, "geometry": { "type": "MultiLineString", "coordinates": [ [ [ 103.655496717087303, 1.514127852962485 ], [ 103.655526142601659, 1.51415856792797 ] ] ] } },
{ "type": "Feature", "properties": { "edgeID": "e_2_0025", "from_n_id": "n_2_0016", "to_n_id": "n_2_0022", "distance": 3.182, "bidir": 1, "accessible": 1, "FloorLevel": "2", "layer": "E2", "path": "C:/Users/Stephanie/Documents/001 Tasek Mall/04 GIS/Interim Nodes and Edges_01/E2.geojson" }, "geometry": { "type": "MultiLineString", "coordinates": [ [ [ 103.655526142601659, 1.51415856792797 ], [ 103.655545990098162, 1.514179285158443 ] ] ] } },
{ "type": "Feature", "properties": { "edgeID": "e_2_0026", "from_n_id": "n_2_0022", "to_n_id": "n_2_0023", "distance": 1.258, "bidir": 1, "accessible": 1, "FloorLevel": "2", "layer": "E2", "path": "C:/Users/Stephanie/Documents/001 Tasek Mall/04 GIS/Interim Nodes and Edges_01/E2.geojson" }, "geometry": { "type": "MultiLineString", "coordinates": [ [ [ 103.655545990098162, 1.514179285158443 ], [ 103.65553778316044, 1.514187113421302 ] ] ] } },
{ "type": "Feature", "properties": { "edgeID": "e_2_0027", "from_n_id": "n_2_0022", "to_n_id": "n_2_0024", "distance": 4.698, "bidir": 1, "accessible": 1, "FloorLevel": "2", "layer": "E2", "path": "C:/Users/Stephanie/Documents/001 Tasek Mall/04 GIS/Interim Nodes and Edges_01/E2.geojson" }, "geometry": { "type": "MultiLineString", "coordinates": [ [ [ 103.655545990098162, 1.514179285158443 ], [ 103.655575293510452, 1.514209872670553 ] ] ] } },
{ "type": "Feature", "properties": { "edgeID": "e_2_0028", "from_n_id": "n_2_0024", "to_n_id": "n_2_0025", "distance": 1.304, "bidir": 1, "accessible": 1, "FloorLevel": "2", "layer": "E2", "path": "C:/Users/Stephanie/Documents/001 Tasek Mall/04 GIS/Interim Nodes and Edges_01/E2.geojson" }, "geometry": { "type": "MultiLineString", "coordinates": [ [ [ 103.655575293510452, 1.514209872670553 ], [ 103.65556676400449, 1.514217954193007 ] ] ] } },
{ "type": "Feature", "properties": { "edgeID": "e_2_0029", "from_n_id": "n_2_0024", "to_n_id": "n_2_0026", "distance": 7.889, "bidir": 1, "accessible": 1, "FloorLevel": "2", "layer": "E2", "path": "C:/Users/Stephanie/Documents/001 Tasek Mall/04 GIS/Interim Nodes and Edges_01/E2.geojson" }, "geometry": { "type": "MultiLineString", "coordinates": [ [ [ 103.655575293510452, 1.514209872670553 ], [ 103.655624498991685, 1.514261234375767 ] ] ] } },
{ "type": "Feature", "properties": { "edgeID": "e_2_0030", "from_n_id": "n_2_0026", "to_n_id": "n_2_0027_L", "distance": 9.285, "bidir": 1, "accessible": 1, "FloorLevel": "2", "layer": "E2", "path": "C:/Users/Stephanie/Documents/001 Tasek Mall/04 GIS/Interim Nodes and Edges_01/E2.geojson" }, "geometry": { "type": "MultiLineString", "coordinates": [ [ [ 103.655624498991685, 1.514261234375767 ], [ 103.655575836235755, 1.514307824058479 ], [ 103.655587131784415, 1.514319613979092 ] ] ] } },
{ "type": "Feature", "properties": { "edgeID": "e_2_0031", "from_n_id": "n_2_0026", "to_n_id": "n_2_0030", "distance": 10.385, "bidir": 1, "accessible": 1, "FloorLevel": "2", "layer": "E2", "path": "C:/Users/Stephanie/Documents/001 Tasek Mall/04 GIS/Interim Nodes and Edges_01/E2.geojson" }, "geometry": { "type": "MultiLineString", "coordinates": [ [ [ 103.655624498991685, 1.514261234375767 ], [ 103.655689271847763, 1.514328845628913 ] ] ] } },
{ "type": "Feature", "properties": { "edgeID": "e_2_0032", "from_n_id": "n_2_0030", "to_n_id": "n_2_0027", "distance": 4.545, "bidir": 1, "accessible": 1, "FloorLevel": "2", "layer": "E2", "path": "C:/Users/Stephanie/Documents/001 Tasek Mall/04 GIS/Interim Nodes and Edges_01/E2.geojson" }, "geometry": { "type": "MultiLineString", "coordinates": [ [ [ 103.655689271847763, 1.514328845628913 ], [ 103.655659441184994, 1.514356920754412 ] ] ] } },
{ "type": "Feature", "properties": { "edgeID": "e_2_0033", "from_n_id": "n_2_0027", "to_n_id": "n_2_0028", "distance": 4.339, "bidir": 1, "accessible": 1, "FloorLevel": "2", "layer": "E2", "path": "C:/Users/Stephanie/Documents/001 Tasek Mall/04 GIS/Interim Nodes and Edges_01/E2.geojson" }, "geometry": { "type": "MultiLineString", "coordinates": [ [ [ 103.655659441184994, 1.514356920754412 ], [ 103.655686505665344, 1.514385169709876 ] ] ] } },
{ "type": "Feature", "properties": { "edgeID": "e_2_0034", "from_n_id": "n_2_0027", "to_n_id": "n_2_0029", "distance": 5.613, "bidir": 1, "accessible": 1, "FloorLevel": "2", "layer": "E2", "path": "C:/Users/Stephanie/Documents/001 Tasek Mall/04 GIS/Interim Nodes and Edges_01/E2.geojson" }, "geometry": { "type": "MultiLineString", "coordinates": [ [ [ 103.655659441184994, 1.514356920754412 ], [ 103.6556226032246, 1.514391590796928 ] ] ] } },
{ "type": "Feature", "properties": { "edgeID": "e_2_0035", "from_n_id": "n_2_0030", "to_n_id": "n_2_0031", "distance": 4.925, "bidir": 1, "accessible": 1, "FloorLevel": "2", "layer": "E2", "path": "C:/Users/Stephanie/Documents/001 Tasek Mall/04 GIS/Interim Nodes and Edges_01/E2.geojson" }, "geometry": { "type": "MultiLineString", "coordinates": [ [ [ 103.655689271847763, 1.514328845628913 ], [ 103.655721596545277, 1.514298423242458 ] ] ] } },
{ "type": "Feature", "properties": { "edgeID": "e_2_0036", "from_n_id": "n_2_0031", "to_n_id": "n_2_0032", "distance": 4.258, "bidir": 1, "accessible": 1, "FloorLevel": "2", "layer": "E2", "path": "C:/Users/Stephanie/Documents/001 Tasek Mall/04 GIS/Interim Nodes and Edges_01/E2.geojson" }, "geometry": { "type": "MultiLineString", "coordinates": [ [ [ 103.655721596545277, 1.514298423242458 ], [ 103.655748156273447, 1.514326145357814 ] ] ] } },
{ "type": "Feature", "properties": { "edgeID": "e_2_0037", "from_n_id": "n_2_0031", "to_n_id": "n_2_0033", "distance": 6.077, "bidir": 1, "accessible": 1, "FloorLevel": "2", "layer": "E2", "path": "C:/Users/Stephanie/Documents/001 Tasek Mall/04 GIS/Interim Nodes and Edges_01/E2.geojson" }, "geometry": { "type": "MultiLineString", "coordinates": [ [ [ 103.655721596545277, 1.514298423242458 ], [ 103.655761483439946, 1.514260883694164 ] ] ] } },
{ "type": "Feature", "properties": { "edgeID": "e_2_0038", "from_n_id": "n_2_0033", "to_n_id": "n_2_0034", "distance": 4.191, "bidir": 1, "accessible": 1, "FloorLevel": "2", "layer": "E2", "path": "C:/Users/Stephanie/Documents/001 Tasek Mall/04 GIS/Interim Nodes and Edges_01/E2.geojson" }, "geometry": { "type": "MultiLineString", "coordinates": [ [ [ 103.655761483439946, 1.514260883694164 ], [ 103.655788989860454, 1.514234996027954 ] ] ] } },
{ "type": "Feature", "properties": { "edgeID": "e_2_0039", "from_n_id": "n_2_0034", "to_n_id": "n_2_0035", "distance": 1.759, "bidir": 1, "accessible": 1, "FloorLevel": "2", "layer": "E2", "path": "C:/Users/Stephanie/Documents/001 Tasek Mall/04 GIS/Interim Nodes and Edges_01/E2.geojson" }, "geometry": { "type": "MultiLineString", "coordinates": [ [ [ 103.655788989860454, 1.514234996027954 ], [ 103.655800537007337, 1.51422412843117 ] ] ] } },
{ "type": "Feature", "properties": { "edgeID": "e_2_0040", "from_n_id": "n_2_0034", "to_n_id": "n_2_0137", "distance": 4.128, "bidir": 1, "accessible": 1, "FloorLevel": "2", "layer": "E2", "path": "C:/Users/Stephanie/Documents/001 Tasek Mall/04 GIS/Interim Nodes and Edges_01/E2.geojson" }, "geometry": { "type": "MultiLineString", "coordinates": [ [ [ 103.655788989860454, 1.514234996027954 ], [ 103.655763469350234, 1.514207899191314 ] ] ] } },
{ "type": "Feature", "properties": { "edgeID": "e_2_0041", "from_n_id": "n_2_0138", "to_n_id": "n_2_0139", "distance": 0.697, "bidir": 1, "accessible": 1, "FloorLevel": "2", "layer": "E2", "path": "C:/Users/Stephanie/Documents/001 Tasek Mall/04 GIS/Interim Nodes and Edges_01/E2.geojson" }, "geometry": { "type": "MultiLineString", "coordinates": [ [ [ 103.655715442923892, 1.514203751448075 ], [ 103.655710903509757, 1.514208091336203 ] ] ] } },
{ "type": "Feature", "properties": { "edgeID": "e_2_0042", "from_n_id": "n_2_0139", "to_n_id": "n_2_0033", "distance": 8.109, "bidir": 1, "accessible": 1, "FloorLevel": "2", "layer": "E2", "path": "C:/Users/Stephanie/Documents/001 Tasek Mall/04 GIS/Interim Nodes and Edges_01/E2.geojson" }, "geometry": { "type": "MultiLineString", "coordinates": [ [ [ 103.655710903509757, 1.514208091336203 ], [ 103.655761483439946, 1.514260883694164 ] ] ] } },
{ "type": "Feature", "properties": { "edgeID": "e_2_0043", "from_n_id": "n_2_0139", "to_n_id": "n_2_0141", "distance": 8.056, "bidir": 1, "accessible": 1, "FloorLevel": "2", "layer": "E2", "path": "C:/Users/Stephanie/Documents/001 Tasek Mall/04 GIS/Interim Nodes and Edges_01/E2.geojson" }, "geometry": { "type": "MultiLineString", "coordinates": [ [ [ 103.655710903509757, 1.514208091336203 ], [ 103.655660653353891, 1.514155643176042 ] ] ] } },
{ "type": "Feature", "properties": { "edgeID": "e_2_0044", "from_n_id": "n_2_0140", "to_n_id": "n_2_0141", "distance": 0.817, "bidir": 1, "accessible": 1, "FloorLevel": "2", "layer": "E2", "path": "C:/Users/Stephanie/Documents/001 Tasek Mall/04 GIS/Interim Nodes and Edges_01/E2.geojson" }, "geometry": { "type": "MultiLineString", "coordinates": [ [ [ 103.65566601820673, 1.51415059384295 ], [ 103.655660653353891, 1.514155643176042 ] ] ] } },
{ "type": "Feature", "properties": { "edgeID": "e_2_0045", "from_n_id": "n_2_0141", "to_n_id": "n_2_0017", "distance": 10.083, "bidir": 1, "accessible": 1, "FloorLevel": "2", "layer": "E2", "path": "C:/Users/Stephanie/Documents/001 Tasek Mall/04 GIS/Interim Nodes and Edges_01/E2.geojson" }, "geometry": { "type": "MultiLineString", "coordinates": [ [ [ 103.655660653353891, 1.514155643176042 ], [ 103.655638807017041, 1.514132841252857 ], [ 103.655638755525445, 1.514132776721894 ], [ 103.655638702919518, 1.514132713095415 ], [ 103.655638649215192, 1.514132650392653 ], [ 103.655638594428666, 1.514132588632554 ], [ 103.655638538576497, 1.514132527833781 ], [ 103.655638481675567, 1.514132468014705 ], [ 103.655638423743056, 1.514132409193403 ], [ 103.655638364796474, 1.514132351387649 ], [ 103.655638304853639, 1.51413229461491 ], [ 103.655638243932671, 1.514132238892341 ], [ 103.655638182051959, 1.51413218423678 ], [ 103.655638119230204, 1.514132130664743 ], [ 103.655635729810385, 1.514129629445278 ], [ 103.655597763176388, 1.514090002102165 ] ] ] } },
{ "type": "Feature", "properties": { "edgeID": "e_2_0046", "from_n_id": "n_2_0017", "to_n_id": "n_2_0018", "distance": 4.378, "bidir": 1, "accessible": 1, "FloorLevel": "2", "layer": "E2", "path": "C:/Users/Stephanie/Documents/001 Tasek Mall/04 GIS/Interim Nodes and Edges_01/E2.geojson" }, "geometry": { "type": "MultiLineString", "coordinates": [ [ [ 103.655597763176388, 1.514090002102165 ], [ 103.655570456926512, 1.514061501436351 ] ] ] } },
{ "type": "Feature", "properties": { "edgeID": "e_2_0047", "from_n_id": "n_2_0018", "to_n_id": "n_2_0020", "distance": 11.475, "bidir": 1, "accessible": 1, "FloorLevel": "2", "layer": "E2", "path": "C:/Users/Stephanie/Documents/001 Tasek Mall/04 GIS/Interim Nodes and Edges_01/E2.geojson" }, "geometry": { "type": "MultiLineString", "coordinates": [ [ [ 103.655570456926512, 1.514061501436351 ], [ 103.655498880156543, 1.513986793802261 ] ] ] } },
{ "type": "Feature", "properties": { "edgeID": "e_2_0048", "from_n_id": "n_2_0018", "to_n_id": "n_2_0043", "distance": 25.281, "bidir": 1, "accessible": 1, "FloorLevel": "2", "layer": "E2", "path": "C:/Users/Stephanie/Documents/001 Tasek Mall/04 GIS/Interim Nodes and Edges_01/E2.geojson" }, "geometry": { "type": "MultiLineString", "coordinates": [ [ [ 103.655570456926512, 1.514061501436351 ], [ 103.655628504162792, 1.514005925681387 ], [ 103.655683820716789, 1.514063661855425 ], [ 103.655733113181725, 1.514017450054357 ] ] ] } },
{ "type": "Feature", "properties": { "edgeID": "e_2_0049", "from_n_id": "n_2_0043", "to_n_id": "n_2_0142", "distance": 11.677, "bidir": 1, "accessible": 1, "FloorLevel": "2", "layer": "E2", "path": "C:/Users/Stephanie/Documents/001 Tasek Mall/04 GIS/Interim Nodes and Edges_01/E2.geojson" }, "geometry": { "type": "MultiLineString", "coordinates": [ [ [ 103.655733113181725, 1.514017450054357 ], [ 103.655737782643797, 1.514012979745341 ], [ 103.655669422908275, 1.513941624187917 ] ] ] } },
{ "type": "Feature", "properties": { "edgeID": "e_2_0050", "from_n_id": "n_2_0142", "to_n_id": "n_2_0134", "distance": 3.101, "bidir": 1, "accessible": 1, "FloorLevel": "2", "layer": "E2", "path": "C:/Users/Stephanie/Documents/001 Tasek Mall/04 GIS/Interim Nodes and Edges_01/E2.geojson" }, "geometry": { "type": "MultiLineString", "coordinates": [ [ [ 103.655669422826421, 1.513941624340791 ], [ 103.655681898970485, 1.513929680396142 ], [ 103.655689614872415, 1.513922293634215 ] ] ] } },
{ "type": "Feature", "properties": { "edgeID": "e_2_0051", "from_n_id": "n_2_0142", "to_n_id": "n_2_0133", "distance": 3.415, "bidir": 1, "accessible": 1, "FloorLevel": "2", "layer": "E2", "path": "C:/Users/Stephanie/Documents/001 Tasek Mall/04 GIS/Interim Nodes and Edges_01/E2.geojson" }, "geometry": { "type": "MultiLineString", "coordinates": [ [ [ 103.655669422826421, 1.513941624340791 ], [ 103.655681898970485, 1.513929680396142 ], [ 103.655672553127275, 1.513919924934219 ] ] ] } },
{ "type": "Feature", "properties": { "edgeID": "e_2_0052", "from_n_id": "n_2_0142", "to_n_id": "n_2_0135", "distance": 2.826, "bidir": 1, "accessible": 1, "FloorLevel": "2", "layer": "E2", "path": "C:/Users/Stephanie/Documents/001 Tasek Mall/04 GIS/Interim Nodes and Edges_01/E2.geojson" }, "geometry": { "type": "MultiLineString", "coordinates": [ [ [ 103.655669422826421, 1.513941624340791 ], [ 103.655681898970485, 1.513929680396142 ], [ 103.655687576576014, 1.513935606845291 ] ] ] } },
{ "type": "Feature", "properties": { "edgeID": "e_2_0053", "from_n_id": "n_2_0142", "to_n_id": "n_2_0044", "distance": 13.82, "bidir": 1, "accessible": 1, "FloorLevel": "2", "layer": "E2", "path": "C:/Users/Stephanie/Documents/001 Tasek Mall/04 GIS/Interim Nodes and Edges_01/E2.geojson" }, "geometry": { "type": "MultiLineString", "coordinates": [ [ [ 103.655669422826421, 1.513941624340791 ], [ 103.655594273485406, 1.513863181868357 ], [ 103.655590345931813, 1.513866941911169 ], [ 103.655583060896021, 1.513859337636531 ] ] ] } },
{ "type": "Feature", "properties": { "edgeID": "e_2_0054", "from_n_id": "n_2_0035", "to_n_id": "n_2_0036", "distance": 4.155, "bidir": 1, "accessible": 1, "FloorLevel": "2", "layer": "E2", "path": "C:/Users/Stephanie/Documents/001 Tasek Mall/04 GIS/Interim Nodes and Edges_01/E2.geojson" }, "geometry": { "type": "MultiLineString", "coordinates": [ [ [ 103.655800537007337, 1.51422412843117 ], [ 103.655826455676007, 1.514251181429424 ] ] ] } },
{ "type": "Feature", "properties": { "edgeID": "e_2_0055", "from_n_id": "n_2_0035", "to_n_id": "n_2_0038", "distance": 5.264, "bidir": 1, "accessible": 1, "FloorLevel": "2", "layer": "E2", "path": "C:/Users/Stephanie/Documents/001 Tasek Mall/04 GIS/Interim Nodes and Edges_01/E2.geojson" }, "geometry": { "type": "MultiLineString", "coordinates": [ [ [ 103.655800537007337, 1.51422412843117 ], [ 103.655835086084394, 1.514191612568494 ] ] ] } },
{ "type": "Feature", "properties": { "edgeID": "e_2_0056", "from_n_id": "n_2_0038", "to_n_id": "n_2_0037", "distance": 4.128, "bidir": 1, "accessible": 1, "FloorLevel": "2", "layer": "E2", "path": "C:/Users/Stephanie/Documents/001 Tasek Mall/04 GIS/Interim Nodes and Edges_01/E2.geojson" }, "geometry": { "type": "MultiLineString", "coordinates": [ [ [ 103.655835086084394, 1.514191612568494 ], [ 103.655809565147067, 1.514164515277779 ] ] ] } },
{ "type": "Feature", "properties": { "edgeID": "e_2_0057", "from_n_id": "n_2_0038", "to_n_id": "n_2_0039", "distance": 5.011, "bidir": 1, "accessible": 1, "FloorLevel": "2", "layer": "E2", "path": "C:/Users/Stephanie/Documents/001 Tasek Mall/04 GIS/Interim Nodes and Edges_01/E2.geojson" }, "geometry": { "type": "MultiLineString", "coordinates": [ [ [ 103.655835086084394, 1.514191612568494 ], [ 103.655867977935671, 1.514160656403335 ] ] ] } },
{ "type": "Feature", "properties": { "edgeID": "e_2_0058", "from_n_id": "n_2_0039", "to_n_id": "n_2_0040", "distance": 2.738, "bidir": 1, "accessible": 1, "FloorLevel": "2", "layer": "E2", "path": "C:/Users/Stephanie/Documents/001 Tasek Mall/04 GIS/Interim Nodes and Edges_01/E2.geojson" }, "geometry": { "type": "MultiLineString", "coordinates": [ [ [ 103.655867977935671, 1.514160656403335 ], [ 103.655885947617122, 1.514143744237841 ] ] ] } },
{ "type": "Feature", "properties": { "edgeID": "e_2_0059", "from_n_id": "n_2_0039", "to_n_id": "n_2_0043", "distance": 21.817, "bidir": 1, "accessible": 1, "FloorLevel": "2", "layer": "E2", "path": "C:/Users/Stephanie/Documents/001 Tasek Mall/04 GIS/Interim Nodes and Edges_01/E2.geojson" }, "geometry": { "type": "MultiLineString", "coordinates": [ [ [ 103.655867977935671, 1.514160656403335 ], [ 103.655733113181725, 1.514017450054357 ] ] ] } },
{ "type": "Feature", "properties": { "edgeID": "e_2_0060", "from_n_id": "n_2_0172", "to_n_id": "n_2_0042", "distance": 4.397, "bidir": 1, "accessible": 1, "FloorLevel": "2", "layer": "E2", "path": "C:/Users/Stephanie/Documents/001 Tasek Mall/04 GIS/Interim Nodes and Edges_01/E2.geojson" }, "geometry": { "type": "MultiLineString", "coordinates": [ [ [ 103.655893278158857, 1.514136845104529 ], [ 103.655922140729075, 1.514109681090514 ] ] ] } },
{ "type": "Feature", "properties": { "edgeID": "e_2_0061", "from_n_id": "n_2_0041", "to_n_id": "n_2_0040", "distance": 4.044, "bidir": 1, "accessible": 1, "FloorLevel": "2", "layer": "E2", "path": "C:/Users/Stephanie/Documents/001 Tasek Mall/04 GIS/Interim Nodes and Edges_01/E2.geojson" }, "geometry": { "type": "MultiLineString", "coordinates": [ [ [ 103.655911172681044, 1.514170073277568 ], [ 103.655885947617122, 1.514143744237841 ] ] ] } },
{ "type": "Feature", "properties": { "edgeID": "e_2_0062", "from_n_id": "n_2_0045", "to_n_id": "n_2_0046", "distance": 20.324, "bidir": 1, "accessible": 1, "FloorLevel": "2", "layer": "E2", "path": "C:/Users/Stephanie/Documents/001 Tasek Mall/04 GIS/Interim Nodes and Edges_01/E2.geojson" }, "geometry": { "type": "MultiLineString", "coordinates": [ [ [ 103.65532895326244, 1.513952737575383 ], [ 103.655196626850255, 1.514079420257114 ] ] ] } },
{ "type": "Feature", "properties": { "edgeID": "e_2_0063", "from_n_id": "n_2_0046", "to_n_id": "n_2_0048_L", "distance": 3.09, "bidir": 1, "accessible": 1, "FloorLevel": "2", "layer": "E2", "path": "C:/Users/Stephanie/Documents/001 Tasek Mall/04 GIS/Interim Nodes and Edges_01/E2.geojson" }, "geometry": { "type": "MultiLineString", "coordinates": [ [ [ 103.655196626850255, 1.514079420257114 ], [ 103.655215794753602, 1.514099644374076 ] ] ] } },
{ "type": "Feature", "properties": { "edgeID": "e_2_0064", "from_n_id": "n_2_0046", "to_n_id": "n_2_0047", "distance": 9.718, "bidir": 1, "accessible": 1, "FloorLevel": "2", "layer": "E2", "path": "C:/Users/Stephanie/Documents/001 Tasek Mall/04 GIS/Interim Nodes and Edges_01/E2.geojson" }, "geometry": { "type": "MultiLineString", "coordinates": [ [ [ 103.655196626850255, 1.514079420257114 ], [ 103.655133354125255, 1.514139994394982 ] ] ] } },
{ "type": "Feature", "properties": { "edgeID": "e_2_0065", "from_n_id": "n_2_0047", "to_n_id": "n_2_0051", "distance": 7.033, "bidir": 1, "accessible": 1, "FloorLevel": "2", "layer": "E2", "path": "C:/Users/Stephanie/Documents/001 Tasek Mall/04 GIS/Interim Nodes and Edges_01/E2.geojson" }, "geometry": { "type": "MultiLineString", "coordinates": [ [ [ 103.655133354125255, 1.514139994394982 ], [ 103.655177152955716, 1.514185851940324 ] ] ] } },
{ "type": "Feature", "properties": { "edgeID": "e_2_0066", "from_n_id": "n_2_0051", "to_n_id": "n_2_0050", "distance": 1.177, "bidir": 1, "accessible": 1, "FloorLevel": "2", "layer": "E2", "path": "C:/Users/Stephanie/Documents/001 Tasek Mall/04 GIS/Interim Nodes and Edges_01/E2.geojson" }, "geometry": { "type": "MultiLineString", "coordinates": [ [ [ 103.655177152955716, 1.514185851940324 ], [ 103.65518448340427, 1.514193526948288 ] ] ] } },
{ "type": "Feature", "properties": { "edgeID": "e_2_0067", "from_n_id": "n_2_0051", "to_n_id": "n_2_0052", "distance": 6.112, "bidir": 1, "accessible": 1, "FloorLevel": "2", "layer": "E2", "path": "C:/Users/Stephanie/Documents/001 Tasek Mall/04 GIS/Interim Nodes and Edges_01/E2.geojson" }, "geometry": { "type": "MultiLineString", "coordinates": [ [ [ 103.655177152955716, 1.514185851940324 ], [ 103.655137292915967, 1.514223873924729 ] ] ] } },
{ "type": "Feature", "properties": { "edgeID": "e_2_0068", "from_n_id": "n_2_0050", "to_n_id": "n_2_0049", "distance": 2.148, "bidir": 1, "accessible": 1, "FloorLevel": "2", "layer": "E2", "path": "C:/Users/Stephanie/Documents/001 Tasek Mall/04 GIS/Interim Nodes and Edges_01/E2.geojson" }, "geometry": { "type": "MultiLineString", "coordinates": [ [ [ 103.65518448340427, 1.514193526948288 ], [ 103.655197862486247, 1.514207534898738 ] ] ] } },
{ "type": "Feature", "properties": { "edgeID": "e_2_0069", "from_n_id": "n_2_0050", "to_n_id": "n_2_0048", "distance": 6.113, "bidir": 1, "accessible": 1, "FloorLevel": "2", "layer": "E2", "path": "C:/Users/Stephanie/Documents/001 Tasek Mall/04 GIS/Interim Nodes and Edges_01/E2.geojson" }, "geometry": { "type": "MultiLineString", "coordinates": [ [ [ 103.65518448340427, 1.514193526948288 ], [ 103.655224354849992, 1.514155495202838 ] ] ] } },
{ "type": "Feature", "properties": { "edgeID": "e_2_0070", "from_n_id": "n_2_0047", "to_n_id": "n_2_0054", "distance": 18.454, "bidir": 1, "accessible": 1, "FloorLevel": "2", "layer": "E2", "path": "C:/Users/Stephanie/Documents/001 Tasek Mall/04 GIS/Interim Nodes and Edges_01/E2.geojson" }, "geometry": { "type": "MultiLineString", "coordinates": [ [ [ 103.655133354125255, 1.514139994394982 ], [ 103.655013203221031, 1.514255020848206 ] ] ] } },
{ "type": "Feature", "properties": { "edgeID": "e_2_0071", "from_n_id": "n_2_0054", "to_n_id": "n_2_0053", "distance": 2.822, "bidir": 1, "accessible": 1, "FloorLevel": "2", "layer": "E2", "path": "C:/Users/Stephanie/Documents/001 Tasek Mall/04 GIS/Interim Nodes and Edges_01/E2.geojson" }, "geometry": { "type": "MultiLineString", "coordinates": [ [ [ 103.655013203221031, 1.514255020848206 ], [ 103.655030773311111, 1.514273427990104 ] ] ] } },
{ "type": "Feature", "properties": { "edgeID": "e_2_0072", "from_n_id": "n_2_0054", "to_n_id": "n_2_0055", "distance": 2.832, "bidir": 1, "accessible": 1, "FloorLevel": "2", "layer": "E2", "path": "C:/Users/Stephanie/Documents/001 Tasek Mall/04 GIS/Interim Nodes and Edges_01/E2.geojson" }, "geometry": { "type": "MultiLineString", "coordinates": [ [ [ 103.655013203221031, 1.514255020848206 ], [ 103.654994764401508, 1.514272673249216 ] ] ] } },
{ "type": "Feature", "properties": { "edgeID": "e_2_0073", "from_n_id": "n_2_0055", "to_n_id": "n_2_0056", "distance": 4.596, "bidir": 1, "accessible": 1, "FloorLevel": "2", "layer": "E2", "path": "C:/Users/Stephanie/Documents/001 Tasek Mall/04 GIS/Interim Nodes and Edges_01/E2.geojson" }, "geometry": { "type": "MultiLineString", "coordinates": [ [ [ 103.654994764401508, 1.514272673249216 ], [ 103.654966100155093, 1.514242754302234 ] ] ] } },
{ "type": "Feature", "properties": { "edgeID": "e_2_0074", "from_n_id": "n_2_0055", "to_n_id": "n_2_0057", "distance": 3.598, "bidir": 1, "accessible": 1, "FloorLevel": "2", "layer": "E2", "path": "C:/Users/Stephanie/Documents/001 Tasek Mall/04 GIS/Interim Nodes and Edges_01/E2.geojson" }, "geometry": { "type": "MultiLineString", "coordinates": [ [ [ 103.654994764401508, 1.514272673249216 ], [ 103.654971335049652, 1.514295103335465 ] ] ] } },
{ "type": "Feature", "properties": { "edgeID": "e_2_0075", "from_n_id": "n_2_0057", "to_n_id": "n_2_0058", "distance": 2.68, "bidir": 1, "accessible": 1, "FloorLevel": "2", "layer": "E2", "path": "C:/Users/Stephanie/Documents/001 Tasek Mall/04 GIS/Interim Nodes and Edges_01/E2.geojson" }, "geometry": { "type": "MultiLineString", "coordinates": [ [ [ 103.654972146750495, 1.514295953706312 ], [ 103.654988832121646, 1.514313433979746 ] ] ] } },
{ "type": "Feature", "properties": { "edgeID": "e_2_0076", "from_n_id": "n_2_0057", "to_n_id": "n_2_0059", "distance": 1.956, "bidir": 1, "accessible": 1, "FloorLevel": "2", "layer": "E2", "path": "C:/Users/Stephanie/Documents/001 Tasek Mall/04 GIS/Interim Nodes and Edges_01/E2.geojson" }, "geometry": { "type": "MultiLineString", "coordinates": [ [ [ 103.654971335049652, 1.514295103335465 ], [ 103.654958598999926, 1.514307296190498 ] ] ] } },
{ "type": "Feature", "properties": { "edgeID": "e_2_0077", "from_n_id": "n_2_0059", "to_n_id": "n_2_0062", "distance": 10.753, "bidir": 1, "accessible": 1, "FloorLevel": "2", "layer": "E2", "path": "C:/Users/Stephanie/Documents/001 Tasek Mall/04 GIS/Interim Nodes and Edges_01/E2.geojson" }, "geometry": { "type": "MultiLineString", "coordinates": [ [ [ 103.654958598999926, 1.514307296190498 ], [ 103.654912805112943, 1.514259494394769 ], [ 103.654891533703861, 1.514237290305184 ] ] ] } },
{ "type": "Feature", "properties": { "edgeID": "e_2_0078", "from_n_id": "n_2_0062", "to_n_id": "n_2_0061", "distance": 1.909, "bidir": 1, "accessible": 1, "FloorLevel": "2", "layer": "E2", "path": "C:/Users/Stephanie/Documents/001 Tasek Mall/04 GIS/Interim Nodes and Edges_01/E2.geojson" }, "geometry": { "type": "MultiLineString", "coordinates": [ [ [ 103.654891533703861, 1.514237290305184 ], [ 103.654879629113722, 1.514224863908393 ] ] ] } },
{ "type": "Feature", "properties": { "edgeID": "e_2_0079", "from_n_id": "n_2_0061", "to_n_id": "n_2_0060", "distance": 2.096, "bidir": 1, "accessible": 1, "FloorLevel": "2", "layer": "E2", "path": "C:/Users/Stephanie/Documents/001 Tasek Mall/04 GIS/Interim Nodes and Edges_01/E2.geojson" }, "geometry": { "type": "MultiLineString", "coordinates": [ [ [ 103.654879629113722, 1.514224863908393 ], [ 103.654893277560888, 1.514211796963006 ] ] ] } },
{ "type": "Feature", "properties": { "edgeID": "e_2_0080", "from_n_id": "n_2_0143", "to_n_id": "n_2_0144", "distance": 2.096, "bidir": 1, "accessible": 1, "FloorLevel": "2", "layer": "E2", "path": "C:/Users/Stephanie/Documents/001 Tasek Mall/04 GIS/Interim Nodes and Edges_01/E2.geojson" }, "geometry": { "type": "MultiLineString", "coordinates": [ [ [ 103.654926454439732, 1.514246426071548 ], [ 103.654912805112943, 1.514259494394769 ] ] ] } },
{ "type": "Feature", "properties": { "edgeID": "e_2_0081", "from_n_id": "n_2_0061", "to_n_id": "n_2_0109", "distance": 17.196, "bidir": 1, "accessible": 1, "FloorLevel": "2", "layer": "E2", "path": "C:/Users/Stephanie/Documents/001 Tasek Mall/04 GIS/Interim Nodes and Edges_01/E2.geojson" }, "geometry": { "type": "MultiLineString", "coordinates": [ [ [ 103.654879629113722, 1.514224863908393 ], [ 103.654791703743342, 1.514133084556544 ], [ 103.654771529109368, 1.514152398526056 ] ] ] } },
{ "type": "Feature", "properties": { "edgeID": "e_2_0082", "from_n_id": "n_2_0109", "to_n_id": "n_2_0107", "distance": 5.854, "bidir": 1, "accessible": 1, "FloorLevel": "2", "layer": "E2", "path": "C:/Users/Stephanie/Documents/001 Tasek Mall/04 GIS/Interim Nodes and Edges_01/E2.geojson" }, "geometry": { "type": "MultiLineString", "coordinates": [ [ [ 103.654771529734276, 1.514152399178358 ], [ 103.654735070052226, 1.514114241830251 ] ] ] } },
{ "type": "Feature", "properties": { "edgeID": "e_2_0083", "from_n_id": "n_2_0107", "to_n_id": "n_2_0105", "distance": 2.166, "bidir": 1, "accessible": 1, "FloorLevel": "2", "layer": "E2", "path": "C:/Users/Stephanie/Documents/001 Tasek Mall/04 GIS/Interim Nodes and Edges_01/E2.geojson" }, "geometry": { "type": "MultiLineString", "coordinates": [ [ [ 103.654735070052226, 1.514114241830251 ], [ 103.654749172320479, 1.51410074038907 ] ] ] } },
{ "type": "Feature", "properties": { "edgeID": "e_2_0084", "from_n_id": "n_2_0107", "to_n_id": "n_2_0106", "distance": 7.923, "bidir": 1, "accessible": 1, "FloorLevel": "2", "layer": "E2", "path": "C:/Users/Stephanie/Documents/001 Tasek Mall/04 GIS/Interim Nodes and Edges_01/E2.geojson" }, "geometry": { "type": "MultiLineString", "coordinates": [ [ [ 103.654735070052226, 1.514114241830251 ], [ 103.654685716984673, 1.514062590743043 ] ] ] } },
{ "type": "Feature", "properties": { "edgeID": "e_2_0085", "from_n_id": "n_2_0104", "to_n_id": "n_2_0106", "distance": 2.155, "bidir": 1, "accessible": 1, "FloorLevel": "2", "layer": "E2", "path": "C:/Users/Stephanie/Documents/001 Tasek Mall/04 GIS/Interim Nodes and Edges_01/E2.geojson" }, "geometry": { "type": "MultiLineString", "coordinates": [ [ [ 103.654699750418061, 1.514049155204085 ], [ 103.654685716984673, 1.514062590743043 ] ] ] } },
{ "type": "Feature", "properties": { "edgeID": "e_2_0086", "from_n_id": "n_2_0106", "to_n_id": "n_2_0108", "distance": 1.314, "bidir": 1, "accessible": 1, "FloorLevel": "2", "layer": "E2", "path": "C:/Users/Stephanie/Documents/001 Tasek Mall/04 GIS/Interim Nodes and Edges_01/E2.geojson" }, "geometry": { "type": "MultiLineString", "coordinates": [ [ [ 103.654685716984673, 1.514062590743043 ], [ 103.654677534806751, 1.514054027579462 ] ] ] } },
{ "type": "Feature", "properties": { "edgeID": "e_2_0087", "from_n_id": "n_2_0108", "to_n_id": "n_2_0119", "distance": 14.165, "bidir": 1, "accessible": 1, "FloorLevel": "2", "layer": "E2", "path": "C:/Users/Stephanie/Documents/001 Tasek Mall/04 GIS/Interim Nodes and Edges_01/E2.geojson" }, "geometry": { "type": "MultiLineString", "coordinates": [ [ [ 103.654677534806751, 1.514054027579462 ], [ 103.654585309572823, 1.514142321439551 ] ] ] } },
{ "type": "Feature", "properties": { "edgeID": "e_2_0088", "from_n_id": "n_2_0119", "to_n_id": "n_2_0118", "distance": 15.227, "bidir": 1, "accessible": 1, "FloorLevel": "2", "layer": "E2", "path": "C:/Users/Stephanie/Documents/001 Tasek Mall/04 GIS/Interim Nodes and Edges_01/E2.geojson" }, "geometry": { "type": "MultiLineString", "coordinates": [ [ [ 103.654585309572823, 1.514142321439551 ], [ 103.654692028478422, 1.514228513779626 ] ] ] } },
{ "type": "Feature", "properties": { "edgeID": "e_2_0089", "from_n_id": "n_2_0120", "to_n_id": "n_2_0121", "distance": 2.145, "bidir": 1, "accessible": 1, "FloorLevel": "2", "layer": "E2", "path": "C:/Users/Stephanie/Documents/001 Tasek Mall/04 GIS/Interim Nodes and Edges_01/E2.geojson" }, "geometry": { "type": "MultiLineString", "coordinates": [ [ [ 103.654734108456736, 1.514188226356371 ], [ 103.654747487043309, 1.5142021905551 ] ] ] } },
{ "type": "Feature", "properties": { "edgeID": "e_2_0090", "from_n_id": "n_2_0109", "to_n_id": "n_2_0120", "distance": 5.748, "bidir": 1, "accessible": 1, "FloorLevel": "2", "layer": "E2", "path": "C:/Users/Stephanie/Documents/001 Tasek Mall/04 GIS/Interim Nodes and Edges_01/E2.geojson" }, "geometry": { "type": "MultiLineString", "coordinates": [ [ [ 103.654771529734276, 1.514152399178358 ], [ 103.654734108456736, 1.514188226356371 ] ] ] } },
{ "type": "Feature", "properties": { "edgeID": "e_2_0091", "from_n_id": "n_2_0120", "to_n_id": "n_2_0118", "distance": 6.335, "bidir": 1, "accessible": 1, "FloorLevel": "2", "layer": "E2", "path": "C:/Users/Stephanie/Documents/001 Tasek Mall/04 GIS/Interim Nodes and Edges_01/E2.geojson" }, "geometry": { "type": "MultiLineString", "coordinates": [ [ [ 103.654733725337167, 1.514189513435921 ], [ 103.654692028478422, 1.514228513779626 ] ] ] } },
{ "type": "Feature", "properties": { "edgeID": "e_2_0092", "from_n_id": "n_2_0118", "to_n_id": "n_2_0117", "distance": 3.211, "bidir": 1, "accessible": 1, "FloorLevel": "2", "layer": "E2", "path": "C:/Users/Stephanie/Documents/001 Tasek Mall/04 GIS/Interim Nodes and Edges_01/E2.geojson" }, "geometry": { "type": "MultiLineString", "coordinates": [ [ [ 103.654692028478422, 1.514228513779626 ], [ 103.654671124916121, 1.514248526875743 ] ] ] } },
{ "type": "Feature", "properties": { "edgeID": "e_2_0093", "from_n_id": "n_2_0117", "to_n_id": "n_2_0116", "distance": 2.145, "bidir": 1, "accessible": 1, "FloorLevel": "2", "layer": "E2", "path": "C:/Users/Stephanie/Documents/001 Tasek Mall/04 GIS/Interim Nodes and Edges_01/E2.geojson" }, "geometry": { "type": "MultiLineString", "coordinates": [ [ [ 103.654671124916121, 1.514248526875743 ], [ 103.6546845032871, 1.514262490847375 ] ] ] } },
{ "type": "Feature", "properties": { "edgeID": "e_2_0094", "from_n_id": "n_2_0117", "to_n_id": "n_2_0114", "distance": 15.26, "bidir": 1, "accessible": 1, "FloorLevel": "2", "layer": "E2", "path": "C:/Users/Stephanie/Documents/001 Tasek Mall/04 GIS/Interim Nodes and Edges_01/E2.geojson" }, "geometry": { "type": "MultiLineString", "coordinates": [ [ [ 103.654671124916121, 1.514248526875743 ], [ 103.654571770016886, 1.514343649375259 ] ] ] } },
{ "type": "Feature", "properties": { "edgeID": "e_2_0095", "from_n_id": "n_2_0114", "to_n_id": "n_2_0115", "distance": 2.145, "bidir": 1, "accessible": 1, "FloorLevel": "2", "layer": "E2", "path": "C:/Users/Stephanie/Documents/001 Tasek Mall/04 GIS/Interim Nodes and Edges_01/E2.geojson" }, "geometry": { "type": "MultiLineString", "coordinates": [ [ [ 103.654571770016886, 1.514343649375259 ], [ 103.654585148044845, 1.514357612990665 ] ] ] } },
{ "type": "Feature", "properties": { "edgeID": "e_2_0096", "from_n_id": "n_2_0114", "to_n_id": "n_2_0113", "distance": 3.657, "bidir": 1, "accessible": 1, "FloorLevel": "2", "layer": "E2", "path": "C:/Users/Stephanie/Documents/001 Tasek Mall/04 GIS/Interim Nodes and Edges_01/E2.geojson" }, "geometry": { "type": "MultiLineString", "coordinates": [ [ [ 103.654571770016886, 1.514343649375259 ], [ 103.654547961312943, 1.514366443856321 ] ] ] } },
{ "type": "Feature", "properties": { "edgeID": "e_2_0097", "from_n_id": "n_2_0113", "to_n_id": "n_2_0122", "distance": 7.597, "bidir": 1, "accessible": 1, "FloorLevel": "2", "layer": "E2", "path": "C:/Users/Stephanie/Documents/001 Tasek Mall/04 GIS/Interim Nodes and Edges_01/E2.geojson" }, "geometry": { "type": "MultiLineString", "coordinates": [ [ [ 103.654547961312943, 1.514366443856321 ], [ 103.65449853360127, 1.514413833807565 ] ] ] } },
{ "type": "Feature", "properties": { "edgeID": "e_2_0098", "from_n_id": "n_2_0112", "to_n_id": "n_2_0113", "distance": 15.33, "bidir": 1, "accessible": 1, "FloorLevel": "2", "layer": "E2", "path": "C:/Users/Stephanie/Documents/001 Tasek Mall/04 GIS/Interim Nodes and Edges_01/E2.geojson" }, "geometry": { "type": "MultiLineString", "coordinates": [ [ [ 103.654472057740747, 1.514250745571886 ], [ 103.654547961312943, 1.514366443856321 ] ] ] } },
{ "type": "Feature", "properties": { "edgeID": "e_2_0099", "from_n_id": "n_2_0119", "to_n_id": "n_2_0111", "distance": 12.617, "bidir": 1, "accessible": 1, "FloorLevel": "2", "layer": "E2", "path": "C:/Users/Stephanie/Documents/001 Tasek Mall/04 GIS/Interim Nodes and Edges_01/E2.geojson" }, "geometry": { "type": "MultiLineString", "coordinates": [ [ [ 103.654585309572823, 1.514142321439551 ], [ 103.654503163399511, 1.514220965885871 ] ] ] } },
{ "type": "Feature", "properties": { "edgeID": "e_2_0100", "from_n_id": "n_2_0111", "to_n_id": "n_2_0112", "distance": 4.778, "bidir": 1, "accessible": 1, "FloorLevel": "2", "layer": "E2", "path": "C:/Users/Stephanie/Documents/001 Tasek Mall/04 GIS/Interim Nodes and Edges_01/E2.geojson" }, "geometry": { "type": "MultiLineString", "coordinates": [ [ [ 103.654503163399511, 1.514220965885871 ], [ 103.654472057740747, 1.514250745571886 ] ] ] } },
{ "type": "Feature", "properties": { "edgeID": "e_2_0101", "from_n_id": "n_2_0110", "to_n_id": "n_2_0111", "distance": 2.147, "bidir": 1, "accessible": 1, "FloorLevel": "2", "layer": "E2", "path": "C:/Users/Stephanie/Documents/001 Tasek Mall/04 GIS/Interim Nodes and Edges_01/E2.geojson" }, "geometry": { "type": "MultiLineString", "coordinates": [ [ [ 103.654489774417499, 1.514206990845745 ], [ 103.654503163399511, 1.514220965885871 ] ] ] } },
{ "type": "Feature", "properties": { "edgeID": "e_2_0102", "from_n_id": "n_2_0112", "to_n_id": "n_2_0092", "distance": 16.493, "bidir": 1, "accessible": 1, "FloorLevel": "2", "layer": "E2", "path": "C:/Users/Stephanie/Documents/001 Tasek Mall/04 GIS/Interim Nodes and Edges_01/E2.geojson" }, "geometry": { "type": "MultiLineString", "coordinates": [ [ [ 103.654472057740747, 1.514250745571886 ], [ 103.654400014454936, 1.514319717793271 ], [ 103.654366157658671, 1.514284378182416 ] ] ] } },
{ "type": "Feature", "properties": { "edgeID": "e_2_0103", "from_n_id": "n_2_0108", "to_n_id": "n_2_0103", "distance": 9.912, "bidir": 1, "accessible": 1, "FloorLevel": "2", "layer": "E2", "path": "C:/Users/Stephanie/Documents/001 Tasek Mall/04 GIS/Interim Nodes and Edges_01/E2.geojson" }, "geometry": { "type": "MultiLineString", "coordinates": [ [ [ 103.654677534806751, 1.514054027579462 ], [ 103.654629306827587, 1.514003553966531 ], [ 103.654643447816923, 1.51399005155992 ] ] ] } },
{ "type": "Feature", "properties": { "edgeID": "e_2_0104", "from_n_id": "n_2_0103", "to_n_id": "n_2_0168", "distance": 3.982, "bidir": 1, "accessible": 1, "FloorLevel": "2", "layer": "E2", "path": "C:/Users/Stephanie/Documents/001 Tasek Mall/04 GIS/Interim Nodes and Edges_01/E2.geojson" }, "geometry": { "type": "MultiLineString", "coordinates": [ [ [ 103.65464342979935, 1.5139900327034 ], [ 103.654618589608262, 1.513964105373909 ] ] ] } },
{ "type": "Feature", "properties": { "edgeID": "e_2_0105", "from_n_id": "n_2_0103", "to_n_id": "n_2_0102", "distance": 8.819, "bidir": 1, "accessible": 1, "FloorLevel": "2", "layer": "E2", "path": "C:/Users/Stephanie/Documents/001 Tasek Mall/04 GIS/Interim Nodes and Edges_01/E2.geojson" }, "geometry": { "type": "MultiLineString", "coordinates": [ [ [ 103.65464342979935, 1.5139900327034 ], [ 103.654700847933313, 1.51393506086579 ] ] ] } },
{ "type": "Feature", "properties": { "edgeID": "e_2_0106", "from_n_id": "n_2_0102", "to_n_id": "n_2_0101", "distance": 2.984, "bidir": 1, "accessible": 1, "FloorLevel": "2", "layer": "E2", "path": "C:/Users/Stephanie/Documents/001 Tasek Mall/04 GIS/Interim Nodes and Edges_01/E2.geojson" }, "geometry": { "type": "MultiLineString", "coordinates": [ [ [ 103.654700847933313, 1.51393506086579 ], [ 103.654720277538374, 1.513916459057632 ] ] ] } },
{ "type": "Feature", "properties": { "edgeID": "e_2_0107", "from_n_id": "n_2_0167", "to_n_id": "n_2_0100", "distance": 17.752, "bidir": 1, "accessible": 1, "FloorLevel": "2", "layer": "E2", "path": "C:/Users/Stephanie/Documents/001 Tasek Mall/04 GIS/Interim Nodes and Edges_01/E2.geojson" }, "geometry": { "type": "MultiLineString", "coordinates": [ [ [ 103.654675949277646, 1.51390918916788 ], [ 103.654564964399171, 1.513793866984191 ] ] ] } },
{ "type": "Feature", "properties": { "edgeID": "e_2_0108", "from_n_id": "n_2_0100", "to_n_id": "n_2_0098", "distance": 28.202, "bidir": 1, "accessible": 1, "FloorLevel": "2", "layer": "E2", "path": "C:/Users/Stephanie/Documents/001 Tasek Mall/04 GIS/Interim Nodes and Edges_01/E2.geojson" }, "geometry": { "type": "MultiLineString", "coordinates": [ [ [ 103.654564964399171, 1.513793866984191 ], [ 103.654573490879812, 1.513761442402802 ], [ 103.65454371041632, 1.513733725440588 ], [ 103.654499210873254, 1.513739200396116 ], [ 103.654461557413711, 1.513775814160848 ], [ 103.654452467200613, 1.513858186774003 ] ] ] } },
{ "type": "Feature", "properties": { "edgeID": "e_2_0109", "from_n_id": "n_2_0165", "to_n_id": "n_2_0099", "distance": 7.637, "bidir": 1, "accessible": 1, "FloorLevel": "2", "layer": "E2", "path": "C:/Users/Stephanie/Documents/001 Tasek Mall/04 GIS/Interim Nodes and Edges_01/E2.geojson" }, "geometry": { "type": "MultiLineString", "coordinates": [ [ [ 103.654523567034147, 1.513832611179197 ], [ 103.654473310988593, 1.513879646298217 ] ] ] } },
{ "type": "Feature", "properties": { "edgeID": "e_2_0110", "from_n_id": "n_2_0098", "to_n_id": "n_2_0099", "distance": 3.318, "bidir": 1, "accessible": 1, "FloorLevel": "2", "layer": "E2", "path": "C:/Users/Stephanie/Documents/001 Tasek Mall/04 GIS/Interim Nodes and Edges_01/E2.geojson" }, "geometry": { "type": "MultiLineString", "coordinates": [ [ [ 103.654452467200613, 1.513858186774003 ], [ 103.654473310988593, 1.513879646298217 ] ] ] } },
{ "type": "Feature", "properties": { "edgeID": "e_2_0111", "from_n_id": "n_2_0098", "to_n_id": "n_2_0096", "distance": 1.995, "bidir": 1, "accessible": 1, "FloorLevel": "2", "layer": "E2", "path": "C:/Users/Stephanie/Documents/001 Tasek Mall/04 GIS/Interim Nodes and Edges_01/E2.geojson" }, "geometry": { "type": "MultiLineString", "coordinates": [ [ [ 103.654452467200613, 1.513858186774003 ], [ 103.654439561013803, 1.513870713629801 ] ] ] } },
{ "type": "Feature", "properties": { "edgeID": "e_2_0112", "from_n_id": "n_2_0095", "to_n_id": "n_2_0096", "distance": 1.514, "bidir": 1, "accessible": 1, "FloorLevel": "2", "layer": "E2", "path": "C:/Users/Stephanie/Documents/001 Tasek Mall/04 GIS/Interim Nodes and Edges_01/E2.geojson" }, "geometry": { "type": "MultiLineString", "coordinates": [ [ [ 103.654430119549517, 1.51386085888888 ], [ 103.654439561013803, 1.513870713629801 ] ] ] } },
{ "type": "Feature", "properties": { "edgeID": "e_2_0113", "from_n_id": "n_2_0099", "to_n_id": "n_2_0155", "distance": 17.319, "bidir": 1, "accessible": 1, "FloorLevel": "2", "layer": "E2", "path": "C:/Users/Stephanie/Documents/001 Tasek Mall/04 GIS/Interim Nodes and Edges_01/E2.geojson" }, "geometry": { "type": "MultiLineString", "coordinates": [ [ [ 103.654473310988593, 1.513879646298217 ], [ 103.654483469219585, 1.513890104608504 ], [ 103.65438190501483, 1.513988685783486 ] ] ] } },
{ "type": "Feature", "properties": { "edgeID": "e_2_0114", "from_n_id": "n_2_0151", "to_n_id": "n_2_0149", "distance": 18.546, "bidir": 1, "accessible": 1, "FloorLevel": "2", "layer": "E2", "path": "C:/Users/Stephanie/Documents/001 Tasek Mall/04 GIS/Interim Nodes and Edges_01/E2.geojson" }, "geometry": { "type": "MultiLineString", "coordinates": [ [ [ 103.654334457334187, 1.513972728161657 ], [ 103.654225897556117, 1.514078097207268 ], [ 103.654214498854088, 1.514089160884275 ] ] ] } },
{ "type": "Feature", "properties": { "edgeID": "e_2_0115", "from_n_id": "n_2_0094", "to_n_id": "n_2_0097", "distance": 8.512, "bidir": 1, "accessible": 1, "FloorLevel": "2", "layer": "E2", "path": "C:/Users/Stephanie/Documents/001 Tasek Mall/04 GIS/Interim Nodes and Edges_01/E2.geojson" }, "geometry": { "type": "MultiLineString", "coordinates": [ [ [ 103.654196172681893, 1.514106948422591 ], [ 103.65424926677133, 1.51416236786015 ] ] ] } },
{ "type": "Feature", "properties": { "edgeID": "e_2_0116", "from_n_id": "n_2_0094", "to_n_id": "n_2_0093", "distance": 12.971, "bidir": 1, "accessible": 1, "FloorLevel": "2", "layer": "E2", "path": "C:/Users/Stephanie/Documents/001 Tasek Mall/04 GIS/Interim Nodes and Edges_01/E2.geojson" }, "geometry": { "type": "MultiLineString", "coordinates": [ [ [ 103.654196172681893, 1.514106948422591 ], [ 103.65417872525137, 1.514088736851179 ], [ 103.654112488044888, 1.514152150499833 ] ] ] } },
{ "type": "Feature", "properties": { "edgeID": "e_2_0117", "from_n_id": "n_2_0096_L", "to_n_id": "n_2_0093", "distance": 15.146, "bidir": 1, "accessible": 1, "FloorLevel": "2", "layer": "E2", "path": "C:/Users/Stephanie/Documents/001 Tasek Mall/04 GIS/Interim Nodes and Edges_01/E2.geojson" }, "geometry": { "type": "MultiLineString", "coordinates": [ [ [ 103.654038284816565, 1.51413268422649 ], [ 103.654027073035266, 1.51414341832275 ], [ 103.654059036372175, 1.514176780770479 ], [ 103.65409922338965, 1.514138305946651 ], [ 103.65411248768136, 1.514152150847869 ] ] ] } },
{ "type": "Feature", "properties": { "edgeID": "e_2_0118", "from_n_id": "n_2_0093", "to_n_id": "n_2_0145", "distance": 11.38, "bidir": 1, "accessible": 1, "FloorLevel": "2", "layer": "E2", "path": "C:/Users/Stephanie/Documents/001 Tasek Mall/04 GIS/Interim Nodes and Edges_01/E2.geojson" }, "geometry": { "type": "MultiLineString", "coordinates": [ [ [ 103.654112488044888, 1.514152150499833 ], [ 103.654183470345373, 1.514226235969601 ] ] ] } },
{ "type": "Feature", "properties": { "edgeID": "e_2_0119", "from_n_id": "n_2_0145", "to_n_id": "n_2_0097", "distance": 10.173, "bidir": 1, "accessible": 1, "FloorLevel": "2", "layer": "E2", "path": "C:/Users/Stephanie/Documents/001 Tasek Mall/04 GIS/Interim Nodes and Edges_01/E2.geojson" }, "geometry": { "type": "MultiLineString", "coordinates": [ [ [ 103.654183470345373, 1.514226235969601 ], [ 103.65424926677133, 1.51416236786015 ] ] ] } },
{ "type": "Feature", "properties": { "edgeID": "e_2_0120", "from_n_id": "n_2_0145", "to_n_id": "n_2_0086", "distance": 18.63, "bidir": 1, "accessible": 1, "FloorLevel": "2", "layer": "E2", "path": "C:/Users/Stephanie/Documents/001 Tasek Mall/04 GIS/Interim Nodes and Edges_01/E2.geojson" }, "geometry": { "type": "MultiLineString", "coordinates": [ [ [ 103.654183470345373, 1.514226235969601 ], [ 103.65429967721505, 1.514347523108473 ] ] ] } },
{ "type": "Feature", "properties": { "edgeID": "e_2_0121", "from_n_id": "n_2_0086", "to_n_id": "n_2_0091", "distance": 7.663, "bidir": 1, "accessible": 1, "FloorLevel": "2", "layer": "E2", "path": "C:/Users/Stephanie/Documents/001 Tasek Mall/04 GIS/Interim Nodes and Edges_01/E2.geojson" }, "geometry": { "type": "MultiLineString", "coordinates": [ [ [ 103.65429967721505, 1.514347523108473 ], [ 103.65424978656263, 1.514395290020182 ] ] ] } },
{ "type": "Feature", "properties": { "edgeID": "e_2_0122", "from_n_id": "n_2_0091", "to_n_id": "n_2_0089", "distance": 4.418, "bidir": 1, "accessible": 1, "FloorLevel": "2", "layer": "E2", "path": "C:/Users/Stephanie/Documents/001 Tasek Mall/04 GIS/Interim Nodes and Edges_01/E2.geojson" }, "geometry": { "type": "MultiLineString", "coordinates": [ [ [ 103.65424978656263, 1.514395290020182 ], [ 103.654226129068903, 1.514417940463526 ], [ 103.654231022607036, 1.514423048000977 ] ] ] } },
{ "type": "Feature", "properties": { "edgeID": "e_2_0123", "from_n_id": "n_2_0090", "to_n_id": "n_2_0091", "distance": 5.736, "bidir": 1, "accessible": 1, "FloorLevel": "2", "layer": "E2", "path": "C:/Users/Stephanie/Documents/001 Tasek Mall/04 GIS/Interim Nodes and Edges_01/E2.geojson" }, "geometry": { "type": "MultiLineString", "coordinates": [ [ [ 103.654222442835476, 1.514431262224616 ], [ 103.654217549694181, 1.514426154632026 ], [ 103.654249787979936, 1.514395291499601 ] ] ] } },
{ "type": "Feature", "properties": { "edgeID": "e_2_0124", "from_n_id": "n_2_0091", "to_n_id": "n_2_0087", "distance": 2.973, "bidir": 1, "accessible": 1, "FloorLevel": "2", "layer": "E2", "path": "C:/Users/Stephanie/Documents/001 Tasek Mall/04 GIS/Interim Nodes and Edges_01/E2.geojson" }, "geometry": { "type": "MultiLineString", "coordinates": [ [ [ 103.65424978656263, 1.514395290020182 ], [ 103.654258157678811, 1.514404027130103 ], [ 103.654268778215922, 1.514393858589844 ] ] ] } },
{ "type": "Feature", "properties": { "edgeID": "e_2_0125", "from_n_id": "n_2_0091", "to_n_id": "n_2_0088", "distance": 5.636, "bidir": 1, "accessible": 1, "FloorLevel": "2", "layer": "E2", "path": "C:/Users/Stephanie/Documents/001 Tasek Mall/04 GIS/Interim Nodes and Edges_01/E2.geojson" }, "geometry": { "type": "MultiLineString", "coordinates": [ [ [ 103.65424978656263, 1.514395290020182 ], [ 103.654284938933543, 1.51443197928818 ] ] ] } },
{ "type": "Feature", "properties": { "edgeID": "e_2_0126", "from_n_id": "n_2_0159", "to_n_id": "n_2_0092", "distance": 3.452, "bidir": 1, "accessible": 1, "FloorLevel": "2", "layer": "E2", "path": "C:/Users/Stephanie/Documents/001 Tasek Mall/04 GIS/Interim Nodes and Edges_01/E2.geojson" }, "geometry": { "type": "MultiLineString", "coordinates": [ [ [ 103.654343600817626, 1.514305803281212 ], [ 103.654366157658671, 1.514284378182416 ] ] ] } },
{ "type": "Feature", "properties": { "edgeID": "e_2_0127", "from_n_id": "n_2_0092", "to_n_id": "n_2_0097", "distance": 18.741, "bidir": 1, "accessible": 1, "FloorLevel": "2", "layer": "E2", "path": "C:/Users/Stephanie/Documents/001 Tasek Mall/04 GIS/Interim Nodes and Edges_01/E2.geojson" }, "geometry": { "type": "MultiLineString", "coordinates": [ [ [ 103.654366157658671, 1.514284378182416 ], [ 103.65424926677133, 1.51416236786015 ] ] ] } },
{ "type": "Feature", "properties": { "edgeID": "e_2_0128", "from_n_id": "n_2_0086", "to_n_id": "n_2_0085", "distance": 9.765, "bidir": 1, "accessible": 1, "FloorLevel": "2", "layer": "E2", "path": "C:/Users/Stephanie/Documents/001 Tasek Mall/04 GIS/Interim Nodes and Edges_01/E2.geojson" }, "geometry": { "type": "MultiLineString", "coordinates": [ [ [ 103.654300178579632, 1.514348046391423 ], [ 103.654361090070012, 1.514411620774754 ] ] ] } },
{ "type": "Feature", "properties": { "edgeID": "e_2_0129", "from_n_id": "n_2_0085", "to_n_id": "n_2_0088_L", "distance": 12.548, "bidir": 1, "accessible": 1, "FloorLevel": "2", "layer": "E2", "path": "C:/Users/Stephanie/Documents/001 Tasek Mall/04 GIS/Interim Nodes and Edges_01/E2.geojson" }, "geometry": { "type": "MultiLineString", "coordinates": [ [ [ 103.654361090070012, 1.514411620774754 ], [ 103.654293737024176, 1.514476104691507 ], [ 103.65430747832491, 1.514490447368325 ] ] ] } },
{ "type": "Feature", "properties": { "edgeID": "e_2_0130", "from_n_id": "n_2_0085", "to_n_id": "n_2_0123", "distance": 10.714, "bidir": 1, "accessible": 1, "FloorLevel": "2", "layer": "E2", "path": "C:/Users/Stephanie/Documents/001 Tasek Mall/04 GIS/Interim Nodes and Edges_01/E2.geojson" }, "geometry": { "type": "MultiLineString", "coordinates": [ [ [ 103.654361090070012, 1.514411620774754 ], [ 103.654427919606164, 1.514481371923374 ] ] ] } },
{ "type": "Feature", "properties": { "edgeID": "e_2_0131", "from_n_id": "n_2_0123", "to_n_id": "n_2_0083", "distance": 21.526, "bidir": 1, "accessible": 1, "FloorLevel": "2", "layer": "E2", "path": "C:/Users/Stephanie/Documents/001 Tasek Mall/04 GIS/Interim Nodes and Edges_01/E2.geojson" }, "geometry": { "type": "MultiLineString", "coordinates": [ [ [ 103.654427919606164, 1.514481371923374 ], [ 103.654423310273174, 1.514485784903908 ], [ 103.654552623927728, 1.514621833085642 ] ] ] } },
{ "type": "Feature", "properties": { "edgeID": "e_2_0132", "from_n_id": "n_2_0083", "to_n_id": "n_2_0084", "distance": 1.592, "bidir": 1, "accessible": 1, "FloorLevel": "2", "layer": "E2", "path": "C:/Users/Stephanie/Documents/001 Tasek Mall/04 GIS/Interim Nodes and Edges_01/E2.geojson" }, "geometry": { "type": "MultiLineString", "coordinates": [ [ [ 103.654552623927728, 1.514621833085642 ], [ 103.654542222073573, 1.514631713129814 ] ] ] } },
{ "type": "Feature", "properties": { "edgeID": "e_2_0133", "from_n_id": "n_2_0122", "to_n_id": "n_2_0157", "distance": 4.117, "bidir": 1, "accessible": 1, "FloorLevel": "2", "layer": "E2", "path": "C:/Users/Stephanie/Documents/001 Tasek Mall/04 GIS/Interim Nodes and Edges_01/E2.geojson" }, "geometry": { "type": "MultiLineString", "coordinates": [ [ [ 103.65449853360127, 1.514413833807565 ], [ 103.6544717145471, 1.514439484649147 ] ] ] } },
{ "type": "Feature", "properties": { "edgeID": "e_2_0134", "from_n_id": "n_2_0122", "to_n_id": "n_2_0124", "distance": 20.858, "bidir": 1, "accessible": 1, "FloorLevel": "2", "layer": "E2", "path": "C:/Users/Stephanie/Documents/001 Tasek Mall/04 GIS/Interim Nodes and Edges_01/E2.geojson" }, "geometry": { "type": "MultiLineString", "coordinates": [ [ [ 103.65449853360127, 1.514413833807565 ], [ 103.654628096590173, 1.514550148956221 ] ] ] } },
{ "type": "Feature", "properties": { "edgeID": "e_2_0135", "from_n_id": "n_2_0124", "to_n_id": "n_2_0083", "distance": 11.548, "bidir": 1, "accessible": 1, "FloorLevel": "2", "layer": "E2", "path": "C:/Users/Stephanie/Documents/001 Tasek Mall/04 GIS/Interim Nodes and Edges_01/E2.geojson" }, "geometry": { "type": "MultiLineString", "coordinates": [ [ [ 103.654628096590173, 1.514550148956221 ], [ 103.654552623927728, 1.514621833085642 ] ] ] } },
{ "type": "Feature", "properties": { "edgeID": "e_2_0136", "from_n_id": "n_2_0083", "to_n_id": "n_2_0081", "distance": 13.495, "bidir": 1, "accessible": 1, "FloorLevel": "2", "layer": "E2", "path": "C:/Users/Stephanie/Documents/001 Tasek Mall/04 GIS/Interim Nodes and Edges_01/E2.geojson" }, "geometry": { "type": "MultiLineString", "coordinates": [ [ [ 103.654552623927728, 1.514621833085642 ], [ 103.65458951164527, 1.51466064187749 ], [ 103.654637793225305, 1.514683180804995 ], [ 103.654648429532358, 1.51467299479878 ] ] ] } },
{ "type": "Feature", "properties": { "edgeID": "e_2_0137", "from_n_id": "n_2_0081", "to_n_id": "n_2_0082", "distance": 7.59, "bidir": 1, "accessible": 1, "FloorLevel": "2", "layer": "E2", "path": "C:/Users/Stephanie/Documents/001 Tasek Mall/04 GIS/Interim Nodes and Edges_01/E2.geojson" }, "geometry": { "type": "MultiLineString", "coordinates": [ [ [ 103.654648429532358, 1.51467299479878 ], [ 103.654662599728709, 1.514740134953903 ] ] ] } },
{ "type": "Feature", "properties": { "edgeID": "e_2_0138", "from_n_id": "n_2_0081", "to_n_id": "n_2_0125", "distance": 13.652, "bidir": 1, "accessible": 1, "FloorLevel": "2", "layer": "E2", "path": "C:/Users/Stephanie/Documents/001 Tasek Mall/04 GIS/Interim Nodes and Edges_01/E2.geojson" }, "geometry": { "type": "MultiLineString", "coordinates": [ [ [ 103.654648429532358, 1.51467299479878 ], [ 103.654679309017723, 1.5146434226332 ], [ 103.654690781112265, 1.514563691588988 ] ] ] } },
{ "type": "Feature", "properties": { "edgeID": "e_2_0139", "from_n_id": "n_2_0125", "to_n_id": "n_2_0124", "distance": 7.135, "bidir": 1, "accessible": 1, "FloorLevel": "2", "layer": "E2", "path": "C:/Users/Stephanie/Documents/001 Tasek Mall/04 GIS/Interim Nodes and Edges_01/E2.geojson" }, "geometry": { "type": "MultiLineString", "coordinates": [ [ [ 103.654690781112265, 1.514563691588988 ], [ 103.654628096590173, 1.514550148956221 ] ] ] } },
{ "type": "Feature", "properties": { "edgeID": "e_2_0140", "from_n_id": "n_2_0125", "to_n_id": "n_2_0080", "distance": 6.629, "bidir": 1, "accessible": 1, "FloorLevel": "2", "layer": "E2", "path": "C:/Users/Stephanie/Documents/001 Tasek Mall/04 GIS/Interim Nodes and Edges_01/E2.geojson" }, "geometry": { "type": "MultiLineString", "coordinates": [ [ [ 103.654690781112265, 1.514563691588988 ], [ 103.654733942497714, 1.514522371062614 ] ] ] } },
{ "type": "Feature", "properties": { "edgeID": "e_2_0141", "from_n_id": "n_2_0079", "to_n_id": "n_2_0080", "distance": 4.411, "bidir": 1, "accessible": 1, "FloorLevel": "2", "layer": "E2", "path": "C:/Users/Stephanie/Documents/001 Tasek Mall/04 GIS/Interim Nodes and Edges_01/E2.geojson" }, "geometry": { "type": "MultiLineString", "coordinates": [ [ [ 103.654706483743112, 1.514493601515529 ], [ 103.654733942497714, 1.514522371062614 ] ] ] } },
{ "type": "Feature", "properties": { "edgeID": "e_2_0142", "from_n_id": "n_2_0080", "to_n_id": "n_2_0078", "distance": 1.085, "bidir": 1, "accessible": 1, "FloorLevel": "2", "layer": "E2", "path": "C:/Users/Stephanie/Documents/001 Tasek Mall/04 GIS/Interim Nodes and Edges_01/E2.geojson" }, "geometry": { "type": "MultiLineString", "coordinates": [ [ [ 103.654733942497714, 1.514522371062614 ], [ 103.654741003673976, 1.514515611049703 ] ] ] } },
{ "type": "Feature", "properties": { "edgeID": "e_2_0143", "from_n_id": "n_2_0078", "to_n_id": "n_2_0077", "distance": 2.746, "bidir": 1, "accessible": 1, "FloorLevel": "2", "layer": "E2", "path": "C:/Users/Stephanie/Documents/001 Tasek Mall/04 GIS/Interim Nodes and Edges_01/E2.geojson" }, "geometry": { "type": "MultiLineString", "coordinates": [ [ [ 103.654741003673976, 1.514515611049703 ], [ 103.654758098158936, 1.51453352166348 ] ] ] } },
{ "type": "Feature", "properties": { "edgeID": "e_2_0144", "from_n_id": "n_2_0078", "to_n_id": "n_2_0075", "distance": 5.804, "bidir": 1, "accessible": 1, "FloorLevel": "2", "layer": "E2", "path": "C:/Users/Stephanie/Documents/001 Tasek Mall/04 GIS/Interim Nodes and Edges_01/E2.geojson" }, "geometry": { "type": "MultiLineString", "coordinates": [ [ [ 103.654741003673976, 1.514515611049703 ], [ 103.654778789643132, 1.514479436674149 ] ] ] } },
{ "type": "Feature", "properties": { "edgeID": "e_2_0145", "from_n_id": "n_2_0075", "to_n_id": "n_2_0076", "distance": 2.757, "bidir": 1, "accessible": 1, "FloorLevel": "2", "layer": "E2", "path": "C:/Users/Stephanie/Documents/001 Tasek Mall/04 GIS/Interim Nodes and Edges_01/E2.geojson" }, "geometry": { "type": "MultiLineString", "coordinates": [ [ [ 103.654778789643132, 1.514479436674149 ], [ 103.654795951067058, 1.51449741532477 ] ] ] } },
{ "type": "Feature", "properties": { "edgeID": "e_2_0146", "from_n_id": "n_2_0074", "to_n_id": "n_2_0161", "distance": 6.176, "bidir": 1, "accessible": 1, "FloorLevel": "2", "layer": "E2", "path": "C:/Users/Stephanie/Documents/001 Tasek Mall/04 GIS/Interim Nodes and Edges_01/E2.geojson" }, "geometry": { "type": "MultiLineString", "coordinates": [ [ [ 103.654800803415284, 1.514458361801917 ], [ 103.654762470405927, 1.514417967325438 ] ] ] } },
{ "type": "Feature", "properties": { "edgeID": "e_2_0147", "from_n_id": "n_2_0072", "to_n_id": "n_2_0073", "distance": 1.366, "bidir": 1, "accessible": 1, "FloorLevel": "2", "layer": "E2", "path": "C:/Users/Stephanie/Documents/001 Tasek Mall/04 GIS/Interim Nodes and Edges_01/E2.geojson" }, "geometry": { "type": "MultiLineString", "coordinates": [ [ [ 103.654734891666394, 1.514368860339774 ], [ 103.654743412530067, 1.514377754181298 ] ] ] } },
{ "type": "Feature", "properties": { "edgeID": "e_2_0148", "from_n_id": "n_2_0073", "to_n_id": "n_2_0071", "distance": 4.141, "bidir": 1, "accessible": 1, "FloorLevel": "2", "layer": "E2", "path": "C:/Users/Stephanie/Documents/001 Tasek Mall/04 GIS/Interim Nodes and Edges_01/E2.geojson" }, "geometry": { "type": "MultiLineString", "coordinates": [ [ [ 103.654743412530067, 1.514377754181298 ], [ 103.654770407002133, 1.514352156027969 ], [ 103.654770493063779, 1.514352073608203 ] ] ] } },
{ "type": "Feature", "properties": { "edgeID": "e_2_0149", "from_n_id": "n_2_0071", "to_n_id": "n_2_0070", "distance": 1.386, "bidir": 1, "accessible": 1, "FloorLevel": "2", "layer": "E2", "path": "C:/Users/Stephanie/Documents/001 Tasek Mall/04 GIS/Interim Nodes and Edges_01/E2.geojson" }, "geometry": { "type": "MultiLineString", "coordinates": [ [ [ 103.654770406596938, 1.514352155605011 ], [ 103.654761763746606, 1.514343133165004 ] ] ] } },
{ "type": "Feature", "properties": { "edgeID": "e_2_0150", "from_n_id": "n_2_0071", "to_n_id": "n_2_0065", "distance": 9.207, "bidir": 1, "accessible": 1, "FloorLevel": "2", "layer": "E2", "path": "C:/Users/Stephanie/Documents/001 Tasek Mall/04 GIS/Interim Nodes and Edges_01/E2.geojson" }, "geometry": { "type": "MultiLineString", "coordinates": [ [ [ 103.654770406596938, 1.514352155605011 ], [ 103.654830618731879, 1.514295056207396 ] ] ] } },
{ "type": "Feature", "properties": { "edgeID": "e_2_0151", "from_n_id": "n_2_0064", "to_n_id": "n_2_0065", "distance": 1.43, "bidir": 1, "accessible": 1, "FloorLevel": "2", "layer": "E2", "path": "C:/Users/Stephanie/Documents/001 Tasek Mall/04 GIS/Interim Nodes and Edges_01/E2.geojson" }, "geometry": { "type": "MultiLineString", "coordinates": [ [ [ 103.654821701726704, 1.514285748884567 ], [ 103.654830618731879, 1.514295056207396 ] ] ] } },
{ "type": "Feature", "properties": { "edgeID": "e_2_0152", "from_n_id": "n_2_0065", "to_n_id": "n_2_0164", "distance": 5.07, "bidir": 1, "accessible": 1, "FloorLevel": "2", "layer": "E2", "path": "C:/Users/Stephanie/Documents/001 Tasek Mall/04 GIS/Interim Nodes and Edges_01/E2.geojson" }, "geometry": { "type": "MultiLineString", "coordinates": [ [ [ 103.654830618731879, 1.514295056207396 ], [ 103.654863780029444, 1.514263609221543 ] ] ] } },
{ "type": "Feature", "properties": { "edgeID": "e_2_0153", "from_n_id": "n_2_0074", "to_n_id": "n_2_0068", "distance": 3.537, "bidir": 1, "accessible": 1, "FloorLevel": "2", "layer": "E2", "path": "C:/Users/Stephanie/Documents/001 Tasek Mall/04 GIS/Interim Nodes and Edges_01/E2.geojson" }, "geometry": { "type": "MultiLineString", "coordinates": [ [ [ 103.654801124494881, 1.514458173815118 ], [ 103.65482409119663, 1.514436067243844 ] ] ] } },
{ "type": "Feature", "properties": { "edgeID": "e_2_0154", "from_n_id": "n_2_0068", "to_n_id": "n_2_0069", "distance": 2.769, "bidir": 1, "accessible": 1, "FloorLevel": "2", "layer": "E2", "path": "C:/Users/Stephanie/Documents/001 Tasek Mall/04 GIS/Interim Nodes and Edges_01/E2.geojson" }, "geometry": { "type": "MultiLineString", "coordinates": [ [ [ 103.65482409119663, 1.514436067243844 ], [ 103.654841332607816, 1.51445412773056 ] ] ] } },
{ "type": "Feature", "properties": { "edgeID": "e_2_0155", "from_n_id": "n_2_0068", "to_n_id": "n_2_0066", "distance": 9.314, "bidir": 1, "accessible": 1, "FloorLevel": "2", "layer": "E2", "path": "C:/Users/Stephanie/Documents/001 Tasek Mall/04 GIS/Interim Nodes and Edges_01/E2.geojson" }, "geometry": { "type": "MultiLineString", "coordinates": [ [ [ 103.65482409119663, 1.514436067243844 ], [ 103.654884733563662, 1.514378011271142 ] ] ] } },
{ "type": "Feature", "properties": { "edgeID": "e_2_0156", "from_n_id": "n_2_0066", "to_n_id": "n_2_0067", "distance": 2.786, "bidir": 1, "accessible": 1, "FloorLevel": "2", "layer": "E2", "path": "C:/Users/Stephanie/Documents/001 Tasek Mall/04 GIS/Interim Nodes and Edges_01/E2.geojson" }, "geometry": { "type": "MultiLineString", "coordinates": [ [ [ 103.654884733563662, 1.514378011271142 ], [ 103.654902079891798, 1.514396183383194 ] ] ] } },
{ "type": "Feature", "properties": { "edgeID": "e_2_0157", "from_n_id": "n_2_0066", "to_n_id": "n_2_0063", "distance": 7.094, "bidir": 1, "accessible": 1, "FloorLevel": "2", "layer": "E2", "path": "C:/Users/Stephanie/Documents/001 Tasek Mall/04 GIS/Interim Nodes and Edges_01/E2.geojson" }, "geometry": { "type": "MultiLineString", "coordinates": [ [ [ 103.654884733563662, 1.514378011271142 ], [ 103.654930920687846, 1.514333794017664 ] ] ] } },
{ "type": "Feature", "properties": { "edgeID": "e_2_0158", "from_n_id": "n_2_0063", "to_n_id": "n_2_0127", "distance": 7.461, "bidir": 1, "accessible": 1, "FloorLevel": "2", "layer": "E2", "path": "C:/Users/Stephanie/Documents/001 Tasek Mall/04 GIS/Interim Nodes and Edges_01/E2.geojson" }, "geometry": { "type": "MultiLineString", "coordinates": [ [ [ 103.654930920687846, 1.514333794017664 ], [ 103.654977422885025, 1.514382404609499 ] ] ] } },
{ "type": "Feature", "properties": { "edgeID": "e_2_0159", "from_n_id": "n_2_0127", "to_n_id": "n_2_0130", "distance": 1.867, "bidir": 1, "accessible": 1, "FloorLevel": "2", "layer": "E2", "path": "C:/Users/Stephanie/Documents/001 Tasek Mall/04 GIS/Interim Nodes and Edges_01/E2.geojson" }, "geometry": { "type": "MultiLineString", "coordinates": [ [ [ 103.654977422885025, 1.514382404609499 ], [ 103.654989601476274, 1.514370789577884 ] ] ] } },
{ "type": "Feature", "properties": { "edgeID": "e_2_0160", "from_n_id": "n_2_0127", "to_n_id": "n_2_0131", "distance": 2.131, "bidir": 1, "accessible": 1, "FloorLevel": "2", "layer": "E2", "path": "C:/Users/Stephanie/Documents/001 Tasek Mall/04 GIS/Interim Nodes and Edges_01/E2.geojson" }, "geometry": { "type": "MultiLineString", "coordinates": [ [ [ 103.654977422885025, 1.514382404609499 ], [ 103.65499070515223, 1.514396289090223 ] ] ] } },
{ "type": "Feature", "properties": { "edgeID": "e_2_0161", "from_n_id": "n_2_0131", "to_n_id": "n_2_0128", "distance": 1.865, "bidir": 1, "accessible": 1, "FloorLevel": "2", "layer": "E2", "path": "C:/Users/Stephanie/Documents/001 Tasek Mall/04 GIS/Interim Nodes and Edges_01/E2.geojson" }, "geometry": { "type": "MultiLineString", "coordinates": [ [ [ 103.65499070515223, 1.514396289090223 ], [ 103.655002868427815, 1.514384688575374 ] ] ] } },
{ "type": "Feature", "properties": { "edgeID": "e_2_0162", "from_n_id": "n_2_0131", "to_n_id": "n_2_0132", "distance": 1.419, "bidir": 1, "accessible": 1, "FloorLevel": "2", "layer": "E2", "path": "C:/Users/Stephanie/Documents/001 Tasek Mall/04 GIS/Interim Nodes and Edges_01/E2.geojson" }, "geometry": { "type": "MultiLineString", "coordinates": [ [ [ 103.65499070515223, 1.514396289090223 ], [ 103.654999551731166, 1.514405536766333 ] ] ] } },
{ "type": "Feature", "properties": { "edgeID": "e_2_0163", "from_n_id": "n_2_0132", "to_n_id": "n_2_0129", "distance": 1.863, "bidir": 1, "accessible": 1, "FloorLevel": "2", "layer": "E2", "path": "C:/Users/Stephanie/Documents/001 Tasek Mall/04 GIS/Interim Nodes and Edges_01/E2.geojson" }, "geometry": { "type": "MultiLineString", "coordinates": [ [ [ 103.654999551731166, 1.514405536766333 ], [ 103.655011703257486, 1.514393944301819 ] ] ] } },
{ "type": "Feature", "properties": { "edgeID": "e_2_0164", "from_n_id": "n_2_0132", "to_n_id": "n_2_0126", "distance": 4.567, "bidir": 1, "accessible": 1, "FloorLevel": "2", "layer": "E2", "path": "C:/Users/Stephanie/Documents/001 Tasek Mall/04 GIS/Interim Nodes and Edges_01/E2.geojson" }, "geometry": { "type": "MultiLineString", "coordinates": [ [ [ 103.654999551731166, 1.514405536766333 ], [ 103.654992875244233, 1.514411919238331 ], [ 103.655014953991596, 1.514434998933601 ] ] ] } },
{ "type": "Feature", "properties": { "edgeID": "e_2_0165", "from_n_id": "n_2_0063", "to_n_id": "n_2_0059", "distance": 4.251, "bidir": 1, "accessible": 1, "FloorLevel": "2", "layer": "E2", "path": "C:/Users/Stephanie/Documents/001 Tasek Mall/04 GIS/Interim Nodes and Edges_01/E2.geojson" }, "geometry": { "type": "MultiLineString", "coordinates": [ [ [ 103.654930920687846, 1.514333794017664 ], [ 103.654958598999926, 1.514307296190498 ] ] ] } },
{ "type": "Feature", "properties": { "edgeID": "e_2_0166", "from_n_id": "n_2_0017", "to_n_id": "n_2_0016", "distance": 11.0, "bidir": 1, "accessible": 1, "FloorLevel": "2", "layer": "E2", "path": "C:/Users/Stephanie/Documents/001 Tasek Mall/04 GIS/Interim Nodes and Edges_01/E2.geojson" }, "geometry": { "type": "MultiLineString", "coordinates": [ [ [ 103.655597763176388, 1.514090002102165 ], [ 103.655526142601659, 1.51415856792797 ] ] ] } },
{ "type": "Feature", "properties": { "edgeID": "e_2_0167", "from_n_id": "n_2_0146", "to_n_id": "n_2_0007", "distance": 2.703, "bidir": 1, "accessible": 1, "FloorLevel": "2", "layer": "E2", "path": "C:/Users/Stephanie/Documents/001 Tasek Mall/04 GIS/Interim Nodes and Edges_01/E2.geojson" }, "geometry": { "type": "MultiLineString", "coordinates": [ [ [ 103.655382966045337, 1.51390102844177 ], [ 103.65540056593909, 1.513884179184563 ] ] ] } },
{ "type": "Feature", "properties": { "edgeID": "e_2_0168", "from_n_id": "n_2_0146", "to_n_id": "n_2_0152_E", "distance": 1.319, "bidir": 1, "accessible": 1, "FloorLevel": "2", "layer": "E2", "path": "C:/Users/Stephanie/Documents/001 Tasek Mall/04 GIS/Interim Nodes and Edges_01/E2.geojson" }, "geometry": { "type": "MultiLineString", "coordinates": [ [ [ 103.655382966045337, 1.51390102844177 ], [ 103.655389648158931, 1.513910878030659 ] ] ] } },
{ "type": "Feature", "properties": { "edgeID": "e_2_0169", "from_n_id": "n_2_0019", "to_n_id": "n_2_0155_E", "distance": 12.499, "bidir": 1, "accessible": 1, "FloorLevel": "2", "layer": "E2", "path": "C:/Users/Stephanie/Documents/001 Tasek Mall/04 GIS/Interim Nodes and Edges_01/E2.geojson" }, "geometry": { "type": "MultiLineString", "coordinates": [ [ [ 103.655494406521569, 1.513982124484422 ], [ 103.655451339974789, 1.514023353359933 ], [ 103.655450816970117, 1.514023578996415 ], [ 103.655450290130332, 1.514023795533612 ], [ 103.655449759613845, 1.514024002906416 ], [ 103.655449225580156, 1.514024201052476 ], [ 103.655448688189836, 1.514024389912215 ], [ 103.655448147604474, 1.514024569428847 ], [ 103.655447603986602, 1.514024739548397 ], [ 103.655447057499671, 1.514024900219714 ], [ 103.655446508308003, 1.51402505139449 ], [ 103.655445956576727, 1.514025193027267 ], [ 103.655445402471713, 1.514025325075463 ], [ 103.655444846159568, 1.514025447499375 ], [ 103.655444287807597, 1.514025560262191 ], [ 103.655443727583645, 1.514025663330007 ], [ 103.65544316565618, 1.514025756671834 ], [ 103.655442602194114, 1.514025840259606 ], [ 103.655442037366939, 1.51402591406819 ], [ 103.655441471344417, 1.514025978075394 ], [ 103.655440904296768, 1.514026032261974 ], [ 103.655440336394477, 1.514026076611635 ], [ 103.655439767808332, 1.514026111111044 ], [ 103.655439198709232, 1.514026135749829 ], [ 103.655438629268318, 1.514026150520579 ], [ 103.655438059656817, 1.514026155418853 ], [ 103.655437490045998, 1.514026150443181 ], [ 103.655436920607116, 1.514026135595057 ], [ 103.655436351511369, 1.514026110878946 ], [ 103.655435782929899, 1.51402607630228 ], [ 103.655435215033663, 1.514026031875453 ], [ 103.655434647993388, 1.514025977611826 ], [ 103.655434081979578, 1.514025913527713 ], [ 103.655433517162422, 1.514025839642382 ], [ 103.655432953711738, 1.51402575597805 ], [ 103.655432391796978, 1.514025662559872 ], [ 103.655431831587052, 1.514025559415934 ], [ 103.6554312732504, 1.514025446577252 ], [ 103.655430716954939, 1.514025324077753 ], [ 103.655430162867873, 1.514025191954267 ], [ 103.655429611155839, 1.514025050246523 ], [ 103.655429061984734, 1.514024898997127 ], [ 103.65542851551966, 1.514024738251556 ], [ 103.655427971924922, 1.514024568058143 ], [ 103.655427431363975, 1.514024388468059 ], [ 103.655426893999348, 1.514024199535303 ], [ 103.655426359992603, 1.514024001316681 ], [ 103.65542582950431, 1.514023793871795 ], [ 103.655425302693985, 1.514023577263015 ], [ 103.655424779719993, 1.51402335155547 ], [ 103.655424260739622, 1.514023116817026 ], [ 103.655423745908877, 1.514022873118262 ], [ 103.655423235382557, 1.514022620532451 ], [ 103.655422729314196, 1.514022359135539 ], [ 103.655422227855937, 1.514022089006122 ], [ 103.655421731158526, 1.51402181022542 ], [ 103.655421239371364, 1.514021522877256 ], [ 103.6554207526423, 1.514021227048026 ], [ 103.655420271117634, 1.51402092282668 ], [ 103.655419794942205, 1.514020610304688 ], [ 103.655419324259157, 1.514020289576019 ], [ 103.65541885921003, 1.514019960737105 ], [ 103.655418399934632, 1.514019623886821 ], [ 103.655417946571077, 1.514019279126449 ], [ 103.655417499255648, 1.514018926559649 ], [ 103.655417058122865, 1.514018566292428 ], [ 103.655416623305356, 1.514018198433109 ], [ 103.655416194933892, 1.514017823092298 ], [ 103.655415773137207, 1.51401744038285 ], [ 103.655415358042177, 1.514017050419835 ], [ 103.655414949773601, 1.514016653320506 ], [ 103.655414548454218, 1.514016249204259 ], [ 103.65541415420472, 1.514015838192601 ], [ 103.655413767143614, 1.514015420409113 ], [ 103.655413387387298, 1.514014995979412 ], [ 103.655413015049959, 1.514014565031111 ], [ 103.655412650243548, 1.514014127693786 ], [ 103.655412293077745, 1.514013684098933 ], [ 103.655411943659942, 1.514013234379929 ], [ 103.655411602095199, 1.514012778671992 ], [ 103.655411268486219, 1.514012317112142 ], [ 103.655410942933301, 1.514011849839158 ], [ 103.655410625534358, 1.514011376993537 ], [ 103.655410316384788, 1.514010898717449 ], [ 103.655410015577559, 1.514010415154702 ], [ 103.655409723203121, 1.514009926450688 ], [ 103.655409439349356, 1.514009432752349 ], [ 103.65540916410167, 1.514008934208126 ], [ 103.655408897542742, 1.51400843096792 ], [ 103.655408639752793, 1.514007923183039 ], [ 103.655408390809299, 1.514007411006163 ], [ 103.65540815078711, 1.514006894591289 ], [ 103.655407919758403, 1.514006374093689 ], [ 103.655407697792654, 1.514005849669865 ], [ 103.655407484956569, 1.514005321477492 ] ] ] } },
{ "type": "Feature", "properties": { "edgeID": "e_2_0170", "from_n_id": "n_2_0008", "to_n_id": "n_2_0155_E", "distance": 2.312, "bidir": 1, "accessible": 1, "FloorLevel": "2", "layer": "E2", "path": "C:/Users/Stephanie/Documents/001 Tasek Mall/04 GIS/Interim Nodes and Edges_01/E2.geojson" }, "geometry": { "type": "MultiLineString", "coordinates": [ [ [ 103.655396050621547, 1.514022775203031 ], [ 103.655407484956569, 1.514005321477492 ] ] ] } },
{ "type": "Feature", "properties": { "edgeID": "e_2_0171", "from_n_id": "n_2_0141", "to_n_id": "n_2_0159_E", "distance": 4.959, "bidir": 1, "accessible": 1, "FloorLevel": "2", "layer": "E2", "path": "C:/Users/Stephanie/Documents/001 Tasek Mall/04 GIS/Interim Nodes and Edges_01/E2.geojson" }, "geometry": { "type": "MultiLineString", "coordinates": [ [ [ 103.655660653353891, 1.514155643176042 ], [ 103.655638807017041, 1.514132841252857 ], [ 103.655638755525445, 1.514132776721894 ], [ 103.655638702919518, 1.514132713095415 ], [ 103.655638649215192, 1.514132650392653 ], [ 103.655638594428666, 1.514132588632554 ], [ 103.655638538576497, 1.514132527833781 ], [ 103.655638481675567, 1.514132468014705 ], [ 103.655638423743056, 1.514132409193403 ], [ 103.655638364796474, 1.514132351387649 ], [ 103.655638304853639, 1.51413229461491 ], [ 103.655638243932671, 1.514132238892341 ], [ 103.655638182051959, 1.51413218423678 ], [ 103.655638119230204, 1.514132130664743 ], [ 103.655638055486421, 1.514132078192418 ], [ 103.655637990839864, 1.514132026835662 ], [ 103.655637925310018, 1.51413197660999 ], [ 103.655637858916748, 1.514131927530583 ], [ 103.655637791680078, 1.514131879612269 ], [ 103.655637723620345, 1.514131832869529 ], [ 103.655637654758095, 1.514131787316487 ], [ 103.655637585114135, 1.514131742966907 ], [ 103.655637514709525, 1.514131699834192 ], [ 103.655637443565567, 1.514131657931375 ], [ 103.655637371703691, 1.514131617271118 ], [ 103.655637299145667, 1.514131577865706 ], [ 103.655637225913395, 1.514131539727049 ], [ 103.655637152029001, 1.514131502866669 ], [ 103.655637077514839, 1.514131467295706 ], [ 103.655637002393391, 1.514131433024907 ], [ 103.655636926687393, 1.514131400064629 ], [ 103.655636850419683, 1.514131368424833 ], [ 103.655636773613324, 1.514131338115076 ], [ 103.655636696291552, 1.514131309144521 ], [ 103.655636618477672, 1.514131281521919 ], [ 103.655636540195246, 1.514131255255619 ], [ 103.655636461467907, 1.514131230353555 ], [ 103.655636382319472, 1.514131206823255 ], [ 103.655636302773814, 1.514131184671829 ], [ 103.655636222855009, 1.514131163905969 ], [ 103.655636142587184, 1.51413114453195 ], [ 103.655636061994599, 1.514131126555627 ], [ 103.655635981101582, 1.514131109982433 ], [ 103.655635899932648, 1.514131094817373 ], [ 103.655635818512252, 1.514131081065033 ], [ 103.655635736865023, 1.514131068729566 ], [ 103.655635655015644, 1.5141310578147 ], [ 103.655635572988842, 1.514131048323735 ], [ 103.655635490809388, 1.514131040259537 ], [ 103.655635408502135, 1.514131033624543 ], [ 103.655635326091939, 1.514131028420758 ], [ 103.655635243603697, 1.514131024649755 ], [ 103.655635161062349, 1.514131022312674 ], [ 103.655635078492836, 1.514131021410219 ], [ 103.655634995920124, 1.514131021942665 ], [ 103.655634913369127, 1.514131023909851 ], [ 103.655634830864813, 1.51413102731118 ], [ 103.655634748432107, 1.514131032145627 ], [ 103.655634666095906, 1.51413103841173 ], [ 103.655634583881138, 1.514131046107596 ], [ 103.655634501812585, 1.514131055230899 ], [ 103.655634419915074, 1.514131065778882 ], [ 103.655634338213375, 1.514131077748358 ], [ 103.655634256732128, 1.51413109113571 ], [ 103.655634175495976, 1.514131105936894 ], [ 103.655634094529489, 1.514131122147435 ], [ 103.655634013857096, 1.514131139762436 ], [ 103.655633933503196, 1.514131158776575 ], [ 103.655633853492063, 1.514131179184105 ], [ 103.655633773847896, 1.51413120097886 ], [ 103.655633694594727, 1.514131224154254 ], [ 103.655633615756514, 1.514131248703285 ], [ 103.65563353735709, 1.514131274618532 ], [ 103.655633459420145, 1.514131301892168 ], [ 103.655633381969224, 1.514131330515948 ], [ 103.65563330502772, 1.514131360481226 ], [ 103.65563322861891, 1.514131391778943 ], [ 103.655633152765859, 1.514131424399647 ], [ 103.655633077491487, 1.514131458333477 ], [ 103.655633002818576, 1.51413149357018 ], [ 103.655632928769634, 1.514131530099109 ], [ 103.655632855367074, 1.514131567909225 ], [ 103.655632782633077, 1.514131606989102 ], [ 103.655632710589614, 1.514131647326934 ], [ 103.655632639258442, 1.514131688910529 ], [ 103.655632568661119, 1.514131731727323 ], [ 103.655632498819003, 1.514131775764378 ], [ 103.655632429753183, 1.514131821008387 ], [ 103.655632361484521, 1.514131867445677 ], [ 103.655632294033651, 1.514131915062217 ], [ 103.655632227420952, 1.514131963843619 ], [ 103.65563216166656, 1.514132013775141 ], [ 103.655632096790342, 1.514132064841697 ], [ 103.655632032811909, 1.514132117027855 ], [ 103.655631969750573, 1.514132170317845 ], [ 103.655631907625406, 1.514132224695565 ], [ 103.655631846455151, 1.514132280144583 ], [ 103.655631786258354, 1.514132336648145 ], [ 103.655631727053148, 1.514132394189175 ], [ 103.655631668857467, 1.514132452750286 ], [ 103.655631611688847, 1.514132512313783 ], [ 103.655631555564611, 1.514132572861669 ], [ 103.655631500501684, 1.514132634375645 ], [ 103.655631446516708, 1.514132696837125 ], [ 103.65563139362601, 1.514132760227233 ], [ 103.655631341845591, 1.514132824526817 ], [ 103.655631291191042, 1.514132889716445 ], [ 103.655631241677725, 1.514132955776418 ], [ 103.655631193320559, 1.514133022686777 ], [ 103.655631146134183, 1.5141330904273 ], [ 103.655631100132837, 1.51413315897752 ], [ 103.655631055330446, 1.514133228316723 ], [ 103.655631011740539, 1.514133298423955 ], [ 103.655630969376261, 1.514133369278032 ], [ 103.655630928250446, 1.514133440857544 ], [ 103.655630888375526, 1.514133513140861 ], [ 103.655630849763497, 1.514133586106142 ], [ 103.655630812426111, 1.514133659731337 ], [ 103.655630776374565, 1.514133733994199 ], [ 103.655630741619802, 1.514133808872289 ], [ 103.655630708172325, 1.514133884342979 ], [ 103.655630676042222, 1.514133960383465 ], [ 103.655630645239185, 1.514134036970769 ], [ 103.65563061577258, 1.514134114081747 ], [ 103.655630587651274, 1.5141341916931 ], [ 103.65563056088375, 1.514134269781375 ], [ 103.655630535478139, 1.514134348322976 ], [ 103.655630511442084, 1.514134427294169 ], [ 103.655630488782847, 1.514134506671093 ], [ 103.655630467507294, 1.51413458642976 ], [ 103.655630447621846, 1.514134666546069 ], [ 103.655630429132501, 1.514134746995813 ], [ 103.655630412044871, 1.51413482775468 ], [ 103.655630396364089, 1.514134908798268 ], [ 103.655630382094913, 1.514134990102087 ], [ 103.655630369241649, 1.51413507164157 ], [ 103.655630357808178, 1.514135153392077 ], [ 103.655630347797967, 1.514135235328905 ], [ 103.655630339214028, 1.514135317427296 ], [ 103.655630332058976, 1.51413539966244 ], [ 103.655630326334943, 1.51413548200949 ], [ 103.655630322043663, 1.514135564443561 ], [ 103.655630319186471, 1.514135646939745 ], [ 103.655630317764178, 1.514135729473112 ], [ 103.655630317777252, 1.514135812018724 ], [ 103.655630319225665, 1.514135894551637 ], [ 103.655630322108991, 1.514135977046912 ], [ 103.655630326426362, 1.514136059479621 ], [ 103.655630332176486, 1.514136141824856 ], [ 103.655630339357558, 1.514136224057733 ], [ 103.655630347967502, 1.514136306153403 ], [ 103.655630358003648, 1.51413638808706 ], [ 103.655630369462997, 1.514136469833945 ], [ 103.655630382342082, 1.514136551369357 ], [ 103.655630396636994, 1.514136632668657 ], [ 103.655630412343413, 1.51413671370728 ], [ 103.65563042945665, 1.514136794460736 ], [ 103.655630447971447, 1.514136874904626 ], [ 103.655630467882247, 1.514136955014639 ], [ 103.655630489183082, 1.514137034766571 ], [ 103.655630511867443, 1.51413711413632 ] ] ] } },
{ "type": "Feature", "properties": { "edgeID": "e_2_0172", "from_n_id": "n_2_0017", "to_n_id": "n_2_0159_E", "distance": 6.243, "bidir": 1, "accessible": 1, "FloorLevel": "2", "layer": "E2", "path": "C:/Users/Stephanie/Documents/001 Tasek Mall/04 GIS/Interim Nodes and Edges_01/E2.geojson" }, "geometry": { "type": "MultiLineString", "coordinates": [ [ [ 103.655597763176388, 1.514090002102165 ], [ 103.655630322108991, 1.514135977046914 ] ] ] } },
{ "type": "Feature", "properties": { "edgeID": "e_2_0173", "from_n_id": "n_2_0022", "to_n_id": "n_2_0159_E", "distance": 11.204, "bidir": 1, "accessible": 1, "FloorLevel": "2", "layer": "E2", "path": "C:/Users/Stephanie/Documents/001 Tasek Mall/04 GIS/Interim Nodes and Edges_01/E2.geojson" }, "geometry": { "type": "MultiLineString", "coordinates": [ [ [ 103.655545990098162, 1.514179285158443 ], [ 103.655608327152933, 1.514134604864498 ], [ 103.655608564935534, 1.514134436701117 ], [ 103.655608805584933, 1.514134272663596 ], [ 103.655609049029522, 1.514134112800759 ], [ 103.655609295196811, 1.514133957160194 ], [ 103.655609544013529, 1.514133805788228 ], [ 103.655609795405638, 1.514133658729917 ], [ 103.655610049298303, 1.514133516029035 ], [ 103.655610305615909, 1.514133377728058 ], [ 103.655610564282199, 1.514133243868154 ], [ 103.65561082522018, 1.514133114489166 ], [ 103.655611088352174, 1.514132989629605 ], [ 103.655611353599852, 1.514132869326637 ], [ 103.655611620884244, 1.514132753616071 ], [ 103.65561189012584, 1.514132642532349 ], [ 103.655612161244449, 1.514132536108538 ], [ 103.655612434159409, 1.514132434376314 ], [ 103.655612708789448, 1.514132337365959 ], [ 103.655612985052855, 1.514132245106348 ], [ 103.655613262867362, 1.514132157624946 ], [ 103.655613542150292, 1.51413207494779 ], [ 103.655613822818509, 1.51413199709949 ], [ 103.655614104788484, 1.514131924103218 ], [ 103.655614387976286, 1.514131855980704 ], [ 103.655614672297602, 1.514131792752223 ], [ 103.655614957667822, 1.514131734436597 ], [ 103.655615244001979, 1.514131681051183 ], [ 103.655615531214863, 1.514131632611873 ], [ 103.655615819220969, 1.514131589133084 ], [ 103.655616107934591, 1.514131550627758 ], [ 103.655616397269768, 1.514131517107359 ], [ 103.65561668714038, 1.514131488581861 ], [ 103.655616977460156, 1.514131465059757 ], [ 103.655617268142649, 1.514131446548049 ], [ 103.655617559101387, 1.514131433052245 ], [ 103.655617850249726, 1.514131424576364 ], [ 103.655618141501023, 1.514131421122928 ], [ 103.655618432768549, 1.514131422692966 ], [ 103.655618723965631, 1.514131429286009 ], [ 103.655619015005612, 1.514131440900096 ], [ 103.655619305801835, 1.51413145753177 ], [ 103.655619596267741, 1.514131479176079 ], [ 103.655619886316885, 1.514131505826581 ], [ 103.655620175862893, 1.514131537475345 ], [ 103.655620464819634, 1.514131574112948 ], [ 103.655620753101061, 1.514131615728485 ], [ 103.655621040621384, 1.51413166230957 ], [ 103.655621327295009, 1.514131713842336 ], [ 103.655621613036587, 1.514131770311445 ], [ 103.655621897761108, 1.514131831700088 ], [ 103.655622181383791, 1.514131897989993 ], [ 103.655622463820222, 1.514131969161427 ], [ 103.655622744986317, 1.514132045193205 ], [ 103.655623024798388, 1.514132126062697 ], [ 103.655623303173172, 1.51413221174583 ], [ 103.655623580027779, 1.514132302217101 ], [ 103.655623855279813, 1.514132397449578 ], [ 103.65562412884735, 1.514132497414917 ], [ 103.655624400648961, 1.514132602083361 ], [ 103.6556246706037, 1.514132711423754 ], [ 103.655624938631263, 1.514132825403551 ], [ 103.655625204651855, 1.514132943988824 ], [ 103.655625468586294, 1.514133067144275 ], [ 103.655625730356007, 1.514133194833246 ], [ 103.655625989883063, 1.51413332701773 ], [ 103.655626247090254, 1.514133463658379 ], [ 103.655626501900983, 1.514133604714523 ], [ 103.655626754239407, 1.514133750144174 ], [ 103.655627004030436, 1.514133899904043 ], [ 103.655627251199718, 1.514134053949554 ], [ 103.655627495673627, 1.514134212234852 ], [ 103.655627737379476, 1.514134374712825 ], [ 103.65562797624527, 1.514134541335107 ], [ 103.6556282121999, 1.514134712052103 ], [ 103.65562844517315, 1.514134886812998 ], [ 103.65562867509567, 1.51413506556577 ], [ 103.655628901899036, 1.514135248257215 ], [ 103.655629125515716, 1.514135434832951 ], [ 103.655629345879163, 1.514135625237442 ], [ 103.65562956292375, 1.514135819414013 ], [ 103.655629776584917, 1.514136017304867 ], [ 103.655629986799056, 1.514136218851097 ], [ 103.655630193503583, 1.514136423992714 ], [ 103.655630396636965, 1.514136632668657 ] ] ] } },
{ "type": "Feature", "properties": { "edgeID": "e_2_0174", "from_n_id": "n_2_0149", "to_n_id": "n_2_0147", "distance": 2.754, "bidir": 1, "accessible": 1, "FloorLevel": "2", "layer": "E2", "path": "C:/Users/Stephanie/Documents/001 Tasek Mall/04 GIS/Interim Nodes and Edges_01/E2.geojson" }, "geometry": { "type": "MultiLineString", "coordinates": [ [ [ 103.654214498854074, 1.514089160884275 ], [ 103.654231799196879, 1.514106972663658 ] ] ] } },
{ "type": "Feature", "properties": { "edgeID": "e_2_0175", "from_n_id": "n_2_0147", "to_n_id": "n_2_0162_E", "distance": 1.48, "bidir": 1, "accessible": 1, "FloorLevel": "2", "layer": "E2", "path": "C:/Users/Stephanie/Documents/001 Tasek Mall/04 GIS/Interim Nodes and Edges_01/E2.geojson" }, "geometry": { "type": "MultiLineString", "coordinates": [ [ [ 103.654231799196879, 1.514106972663658 ], [ 103.654240951414323, 1.514097266903173 ] ] ] } },
{ "type": "Feature", "properties": { "edgeID": "e_2_0176", "from_n_id": "n_2_0147", "to_n_id": "n_2_0148", "distance": 2.047, "bidir": 1, "accessible": 1, "FloorLevel": "2", "layer": "E2", "path": "C:/Users/Stephanie/Documents/001 Tasek Mall/04 GIS/Interim Nodes and Edges_01/E2.geojson" }, "geometry": { "type": "MultiLineString", "coordinates": [ [ [ 103.654233412013227, 1.514108633158402 ], [ 103.654246272557344, 1.51412187388865 ] ] ] } },
{ "type": "Feature", "properties": { "edgeID": "e_2_0177", "from_n_id": "n_2_0148", "to_n_id": "n_2_0163_E", "distance": 1.533, "bidir": 1, "accessible": 1, "FloorLevel": "2", "layer": "E2", "path": "C:/Users/Stephanie/Documents/001 Tasek Mall/04 GIS/Interim Nodes and Edges_01/E2.geojson" }, "geometry": { "type": "MultiLineString", "coordinates": [ [ [ 103.654246272557344, 1.51412187388865 ], [ 103.654256313237624, 1.514112377742317 ] ] ] } },
{ "type": "Feature", "properties": { "edgeID": "e_2_0178", "from_n_id": "n_2_0148", "to_n_id": "n_2_0150", "distance": 3.454, "bidir": 1, "accessible": 1, "FloorLevel": "2", "layer": "E2", "path": "C:/Users/Stephanie/Documents/001 Tasek Mall/04 GIS/Interim Nodes and Edges_01/E2.geojson" }, "geometry": { "type": "MultiLineString", "coordinates": [ [ [ 103.654246272557344, 1.51412187388865 ], [ 103.654267969802362, 1.514144212552038 ] ] ] } },
{ "type": "Feature", "properties": { "edgeID": "e_2_0179", "from_n_id": "n_2_0151", "to_n_id": "n_2_0152", "distance": 2.904, "bidir": 1, "accessible": 1, "FloorLevel": "2", "layer": "E2", "path": "C:/Users/Stephanie/Documents/001 Tasek Mall/04 GIS/Interim Nodes and Edges_01/E2.geojson" }, "geometry": { "type": "MultiLineString", "coordinates": [ [ [ 103.654334457334187, 1.513972728161657 ], [ 103.65435270080286, 1.513991510550809 ] ] ] } },
{ "type": "Feature", "properties": { "edgeID": "e_2_0180", "from_n_id": "n_2_0152", "to_n_id": "n_2_0153", "distance": 2.247, "bidir": 1, "accessible": 1, "FloorLevel": "2", "layer": "E2", "path": "C:/Users/Stephanie/Documents/001 Tasek Mall/04 GIS/Interim Nodes and Edges_01/E2.geojson" }, "geometry": { "type": "MultiLineString", "coordinates": [ [ [ 103.65435270080286, 1.513991510550809 ], [ 103.65436681596681, 1.514006042683107 ] ] ] } },
{ "type": "Feature", "properties": { "edgeID": "e_2_0181", "from_n_id": "n_2_0153", "to_n_id": "n_2_0154", "distance": 3.36, "bidir": 1, "accessible": 1, "FloorLevel": "2", "layer": "E2", "path": "C:/Users/Stephanie/Documents/001 Tasek Mall/04 GIS/Interim Nodes and Edges_01/E2.geojson" }, "geometry": { "type": "MultiLineString", "coordinates": [ [ [ 103.65436681596681, 1.514006042683107 ], [ 103.654387923497822, 1.514027773739988 ] ] ] } },
{ "type": "Feature", "properties": { "edgeID": "e_2_0182", "from_n_id": "n_2_0161_E", "to_n_id": "n_2_0152", "distance": 1.98, "bidir": 1, "accessible": 1, "FloorLevel": "2", "layer": "E2", "path": "C:/Users/Stephanie/Documents/001 Tasek Mall/04 GIS/Interim Nodes and Edges_01/E2.geojson" }, "geometry": { "type": "MultiLineString", "coordinates": [ [ [ 103.654339728801347, 1.514003764461935 ], [ 103.65435270080286, 1.513991510550809 ] ] ] } },
{ "type": "Feature", "properties": { "edgeID": "e_2_0183", "from_n_id": "n_2_0160_E", "to_n_id": "n_2_0153", "distance": 2.01, "bidir": 1, "accessible": 1, "FloorLevel": "2", "layer": "E2", "path": "C:/Users/Stephanie/Documents/001 Tasek Mall/04 GIS/Interim Nodes and Edges_01/E2.geojson" }, "geometry": { "type": "MultiLineString", "coordinates": [ [ [ 103.654353644334137, 1.51401848517428 ], [ 103.65436681596681, 1.514006042683107 ] ] ] } },
{ "type": "Feature", "properties": { "edgeID": "e_2_0184", "from_n_id": "n_2_0096", "to_n_id": "n_2_0151", "distance": 16.249, "bidir": 1, "accessible": 1, "FloorLevel": "2", "layer": "E2", "path": "C:/Users/Stephanie/Documents/001 Tasek Mall/04 GIS/Interim Nodes and Edges_01/E2.geojson" }, "geometry": { "type": "MultiLineString", "coordinates": [ [ [ 103.654439561013803, 1.513870713629801 ], [ 103.654334457334187, 1.513972728161657 ] ] ] } },
{ "type": "Feature", "properties": { "edgeID": "e_2_0185", "from_n_id": "n_2_0149", "to_n_id": "n_2_0094", "distance": 2.833, "bidir": 1, "accessible": 1, "FloorLevel": "2", "layer": "E2", "path": "C:/Users/Stephanie/Documents/001 Tasek Mall/04 GIS/Interim Nodes and Edges_01/E2.geojson" }, "geometry": { "type": "MultiLineString", "coordinates": [ [ [ 103.654214498854088, 1.514089160884275 ], [ 103.654196172681893, 1.514106948422591 ] ] ] } },
{ "type": "Feature", "properties": { "edgeID": "e_2_0186", "from_n_id": "n_2_0150", "to_n_id": "n_2_0097", "distance": 2.89, "bidir": 1, "accessible": 1, "FloorLevel": "2", "layer": "E2", "path": "C:/Users/Stephanie/Documents/001 Tasek Mall/04 GIS/Interim Nodes and Edges_01/E2.geojson" }, "geometry": { "type": "MultiLineString", "coordinates": [ [ [ 103.654267960320155, 1.51414422175155 ], [ 103.654249261835261, 1.514162362778261 ] ] ] } },
{ "type": "Feature", "properties": { "edgeID": "e_2_0187", "from_n_id": "n_2_0154", "to_n_id": "n_2_0150", "distance": 18.547, "bidir": 1, "accessible": 1, "FloorLevel": "2", "layer": "E2", "path": "C:/Users/Stephanie/Documents/001 Tasek Mall/04 GIS/Interim Nodes and Edges_01/E2.geojson" }, "geometry": { "type": "MultiLineString", "coordinates": [ [ [ 103.654387923497822, 1.514027773739988 ], [ 103.65436443848526, 1.514050568976095 ], [ 103.654267969802362, 1.514144212552038 ], [ 103.654267960320155, 1.51414422175155 ] ] ] } },
{ "type": "Feature", "properties": { "edgeID": "e_2_0188", "from_n_id": "n_2_0155", "to_n_id": "n_2_0154", "distance": 6.118, "bidir": 1, "accessible": 1, "FloorLevel": "2", "layer": "E2", "path": "C:/Users/Stephanie/Documents/001 Tasek Mall/04 GIS/Interim Nodes and Edges_01/E2.geojson" }, "geometry": { "type": "MultiLineString", "coordinates": [ [ [ 103.65438190501483, 1.513988685783486 ], [ 103.654381850012726, 1.513988739170135 ], [ 103.654404312944123, 1.514011865666694 ], [ 103.654387923497822, 1.514027773739988 ] ] ] } },
{ "type": "Feature", "properties": { "edgeID": "e_2_0189", "from_n_id": "n_2_0155", "to_n_id": "n_2_0153", "distance": 2.542, "bidir": 1, "accessible": 1, "FloorLevel": "2", "layer": "E2", "path": "C:/Users/Stephanie/Documents/001 Tasek Mall/04 GIS/Interim Nodes and Edges_01/E2.geojson" }, "geometry": { "type": "MultiLineString", "coordinates": [ [ [ 103.654381850012726, 1.513988739170135 ], [ 103.65436681596681, 1.514006042683107 ] ] ] } },
{ "type": "Feature", "properties": { "edgeID": "e_2_0190", "from_n_id": "n_2_0158", "to_n_id": "n_2_0176_E", "distance": 3.975, "bidir": 1, "accessible": 1, "FloorLevel": "2", "layer": "E2", "path": "C:/Users/Stephanie/Documents/001 Tasek Mall/04 GIS/Interim Nodes and Edges_01/E2.geojson" }, "geometry": { "type": "MultiLineString", "coordinates": [ [ [ 103.654329205422513, 1.514319476417438 ], [ 103.654353998981435, 1.514345355232595 ] ] ] } },
{ "type": "Feature", "properties": { "edgeID": "e_2_0191", "from_n_id": "n_2_0159", "to_n_id": "n_2_0175_E", "distance": 3.966, "bidir": 1, "accessible": 1, "FloorLevel": "2", "layer": "E2", "path": "C:/Users/Stephanie/Documents/001 Tasek Mall/04 GIS/Interim Nodes and Edges_01/E2.geojson" }, "geometry": { "type": "MultiLineString", "coordinates": [ [ [ 103.654343600817612, 1.514305803281212 ], [ 103.654368339938074, 1.514331625275167 ] ] ] } },
{ "type": "Feature", "properties": { "edgeID": "e_2_0192", "from_n_id": "n_2_0156", "to_n_id": "n_2_0173_E", "distance": 1.479, "bidir": 1, "accessible": 1, "FloorLevel": "2", "layer": "E2", "path": "C:/Users/Stephanie/Documents/001 Tasek Mall/04 GIS/Interim Nodes and Edges_01/E2.geojson" }, "geometry": { "type": "MultiLineString", "coordinates": [ [ [ 103.65445706005778, 1.51445350080269 ], [ 103.654447836978804, 1.514443874014171 ] ] ] } },
{ "type": "Feature", "properties": { "edgeID": "e_2_0193", "from_n_id": "n_2_0174_E", "to_n_id": "n_2_0157", "distance": 1.48, "bidir": 1, "accessible": 1, "FloorLevel": "2", "layer": "E2", "path": "C:/Users/Stephanie/Documents/001 Tasek Mall/04 GIS/Interim Nodes and Edges_01/E2.geojson" }, "geometry": { "type": "MultiLineString", "coordinates": [ [ [ 103.654462464436591, 1.51442986976286 ], [ 103.654471694490709, 1.514439503831902 ] ] ] } },
{ "type": "Feature", "properties": { "edgeID": "e_2_0194", "from_n_id": "n_2_0156", "to_n_id": "n_2_0123", "distance": 4.488, "bidir": 1, "accessible": 1, "FloorLevel": "2", "layer": "E2", "path": "C:/Users/Stephanie/Documents/001 Tasek Mall/04 GIS/Interim Nodes and Edges_01/E2.geojson" }, "geometry": { "type": "MultiLineString", "coordinates": [ [ [ 103.654457153192212, 1.514453411725125 ], [ 103.654457060057794, 1.514453500802689 ], [ 103.654427919606164, 1.514481371923374 ] ] ] } },
{ "type": "Feature", "properties": { "edgeID": "e_2_0195", "from_n_id": "n_2_0157", "to_n_id": "n_2_0156", "distance": 2.235, "bidir": 1, "accessible": 1, "FloorLevel": "2", "layer": "E2", "path": "C:/Users/Stephanie/Documents/001 Tasek Mall/04 GIS/Interim Nodes and Edges_01/E2.geojson" }, "geometry": { "type": "MultiLineString", "coordinates": [ [ [ 103.6544717145471, 1.514439484649147 ], [ 103.654471694490709, 1.514439503831902 ], [ 103.654457153192212, 1.514453411725125 ] ] ] } },
{ "type": "Feature", "properties": { "edgeID": "e_2_0196", "from_n_id": "n_2_0086", "to_n_id": "n_2_0158", "distance": 4.518, "bidir": 1, "accessible": 1, "FloorLevel": "2", "layer": "E2", "path": "C:/Users/Stephanie/Documents/001 Tasek Mall/04 GIS/Interim Nodes and Edges_01/E2.geojson" }, "geometry": { "type": "MultiLineString", "coordinates": [ [ [ 103.65429967721505, 1.514347523108473 ], [ 103.654329205422513, 1.514319476417438 ] ] ] } },
{ "type": "Feature", "properties": { "edgeID": "e_2_0197", "from_n_id": "n_2_0158", "to_n_id": "n_2_0159", "distance": 2.203, "bidir": 1, "accessible": 1, "FloorLevel": "2", "layer": "E2", "path": "C:/Users/Stephanie/Documents/001 Tasek Mall/04 GIS/Interim Nodes and Edges_01/E2.geojson" }, "geometry": { "type": "MultiLineString", "coordinates": [ [ [ 103.654329205422513, 1.514319476417438 ], [ 103.654343600817626, 1.514305803281212 ] ] ] } },
{ "type": "Feature", "properties": { "edgeID": "e_2_0198", "from_n_id": "n_2_0164", "to_n_id": "n_2_0162", "distance": 2.34, "bidir": 1, "accessible": 1, "FloorLevel": "2", "layer": "E2", "path": "C:/Users/Stephanie/Documents/001 Tasek Mall/04 GIS/Interim Nodes and Edges_01/E2.geojson" }, "geometry": { "type": "MultiLineString", "coordinates": [ [ [ 103.654863780029444, 1.514263609221543 ], [ 103.654878366920812, 1.514278857478489 ] ] ] } },
{ "type": "Feature", "properties": { "edgeID": "e_2_0199", "from_n_id": "n_2_0162", "to_n_id": "n_2_0163", "distance": 2.231, "bidir": 1, "accessible": 1, "FloorLevel": "2", "layer": "E2", "path": "C:/Users/Stephanie/Documents/001 Tasek Mall/04 GIS/Interim Nodes and Edges_01/E2.geojson" }, "geometry": { "type": "MultiLineString", "coordinates": [ [ [ 103.654878366920812, 1.514278857478489 ], [ 103.654892270685892, 1.514293391636264 ] ] ] } },
{ "type": "Feature", "properties": { "edgeID": "e_2_0200", "from_n_id": "n_2_0181_E", "to_n_id": "n_2_0162", "distance": 2.829, "bidir": 1, "accessible": 1, "FloorLevel": "2", "layer": "E2", "path": "C:/Users/Stephanie/Documents/001 Tasek Mall/04 GIS/Interim Nodes and Edges_01/E2.geojson" }, "geometry": { "type": "MultiLineString", "coordinates": [ [ [ 103.654859833576836, 1.514296364880452 ], [ 103.654878366920812, 1.514278857478489 ] ] ] } },
{ "type": "Feature", "properties": { "edgeID": "e_2_0201", "from_n_id": "n_2_0183_E", "to_n_id": "n_2_0163", "distance": 2.842, "bidir": 1, "accessible": 1, "FloorLevel": "2", "layer": "E2", "path": "C:/Users/Stephanie/Documents/001 Tasek Mall/04 GIS/Interim Nodes and Edges_01/E2.geojson" }, "geometry": { "type": "MultiLineString", "coordinates": [ [ [ 103.654873650402862, 1.51431098116453 ], [ 103.654892270685892, 1.514293391636264 ] ] ] } },
{ "type": "Feature", "properties": { "edgeID": "e_2_0202", "from_n_id": "n_2_0063", "to_n_id": "n_2_0163", "distance": 6.201, "bidir": 1, "accessible": 1, "FloorLevel": "2", "layer": "E2", "path": "C:/Users/Stephanie/Documents/001 Tasek Mall/04 GIS/Interim Nodes and Edges_01/E2.geojson" }, "geometry": { "type": "MultiLineString", "coordinates": [ [ [ 103.654930920687846, 1.514333794017664 ], [ 103.654892270685892, 1.514293391636264 ] ] ] } },
{ "type": "Feature", "properties": { "edgeID": "e_2_0203", "from_n_id": "n_2_0160", "to_n_id": "n_2_0182_E", "distance": 2.037, "bidir": 1, "accessible": 1, "FloorLevel": "2", "layer": "E2", "path": "C:/Users/Stephanie/Documents/001 Tasek Mall/04 GIS/Interim Nodes and Edges_01/E2.geojson" }, "geometry": { "type": "MultiLineString", "coordinates": [ [ [ 103.654748285242349, 1.514403019313974 ], [ 103.654761517015572, 1.514390293779306 ] ] ] } },
{ "type": "Feature", "properties": { "edgeID": "e_2_0204", "from_n_id": "n_2_0161", "to_n_id": "n_2_0184_E", "distance": 2.028, "bidir": 1, "accessible": 1, "FloorLevel": "2", "layer": "E2", "path": "C:/Users/Stephanie/Documents/001 Tasek Mall/04 GIS/Interim Nodes and Edges_01/E2.geojson" }, "geometry": { "type": "MultiLineString", "coordinates": [ [ [ 103.654762470405927, 1.514417967325438 ], [ 103.654775755743444, 1.514405417418663 ] ] ] } },
{ "type": "Feature", "properties": { "edgeID": "e_2_0205", "from_n_id": "n_2_0160", "to_n_id": "n_2_0073", "distance": 3.943, "bidir": 1, "accessible": 1, "FloorLevel": "2", "layer": "E2", "path": "C:/Users/Stephanie/Documents/001 Tasek Mall/04 GIS/Interim Nodes and Edges_01/E2.geojson" }, "geometry": { "type": "MultiLineString", "coordinates": [ [ [ 103.654748285242349, 1.514403019313974 ], [ 103.65473335780726, 1.514387289113106 ], [ 103.654743412530067, 1.514377754181298 ] ] ] } },
{ "type": "Feature", "properties": { "edgeID": "e_2_0206", "from_n_id": "n_2_0161", "to_n_id": "n_2_0160", "distance": 2.286, "bidir": 1, "accessible": 1, "FloorLevel": "2", "layer": "E2", "path": "C:/Users/Stephanie/Documents/001 Tasek Mall/04 GIS/Interim Nodes and Edges_01/E2.geojson" }, "geometry": { "type": "MultiLineString", "coordinates": [ [ [ 103.654762470405927, 1.514417967325438 ], [ 103.654748285242349, 1.514403019313974 ] ] ] } },
{ "type": "Feature", "properties": { "edgeID": "e_2_0207", "from_n_id": "n_2_0075", "to_n_id": "n_2_0074", "distance": 3.381, "bidir": 1, "accessible": 1, "FloorLevel": "2", "layer": "E2", "path": "C:/Users/Stephanie/Documents/001 Tasek Mall/04 GIS/Interim Nodes and Edges_01/E2.geojson" }, "geometry": { "type": "MultiLineString", "coordinates": [ [ [ 103.654778789643132, 1.514479436674149 ], [ 103.654800803415284, 1.514458361801917 ] ] ] } },
{ "type": "Feature", "properties": { "edgeID": "e_2_0208", "from_n_id": "n_2_0164", "to_n_id": "n_2_0062", "distance": 4.244, "bidir": 1, "accessible": 1, "FloorLevel": "2", "layer": "E2", "path": "C:/Users/Stephanie/Documents/001 Tasek Mall/04 GIS/Interim Nodes and Edges_01/E2.geojson" }, "geometry": { "type": "MultiLineString", "coordinates": [ [ [ 103.654863780029444, 1.514263609221543 ], [ 103.654891533703861, 1.514237290305184 ] ] ] } },
{ "type": "Feature", "properties": { "edgeID": "e_2_0209", "from_n_id": "n_2_0165", "to_n_id": "n_2_0191_E", "distance": 1.093, "bidir": 1, "accessible": 1, "FloorLevel": "2", "layer": "E2", "path": "C:/Users/Stephanie/Documents/001 Tasek Mall/04 GIS/Interim Nodes and Edges_01/E2.geojson" }, "geometry": { "type": "MultiLineString", "coordinates": [ [ [ 103.654523567034147, 1.513832611179197 ], [ 103.654530384685231, 1.513839727251499 ] ] ] } },
{ "type": "Feature", "properties": { "edgeID": "e_2_0210", "from_n_id": "n_2_0166", "to_n_id": "n_2_0190_E", "distance": 1.068, "bidir": 1, "accessible": 1, "FloorLevel": "2", "layer": "E2", "path": "C:/Users/Stephanie/Documents/001 Tasek Mall/04 GIS/Interim Nodes and Edges_01/E2.geojson" }, "geometry": { "type": "MultiLineString", "coordinates": [ [ [ 103.654537989424199, 1.513819113124668 ], [ 103.65454465223003, 1.513826067573804 ] ] ] } },
{ "type": "Feature", "properties": { "edgeID": "e_2_0211", "from_n_id": "n_2_0168", "to_n_id": "n_2_0169", "distance": 2.443, "bidir": 1, "accessible": 1, "FloorLevel": "2", "layer": "E2", "path": "C:/Users/Stephanie/Documents/001 Tasek Mall/04 GIS/Interim Nodes and Edges_01/E2.geojson" }, "geometry": { "type": "MultiLineString", "coordinates": [ [ [ 103.654618589608262, 1.513964105373909 ], [ 103.654634495627832, 1.513948876934664 ] ] ] } },
{ "type": "Feature", "properties": { "edgeID": "e_2_0212", "from_n_id": "n_2_0169", "to_n_id": "n_2_0192_E", "distance": 1.64, "bidir": 1, "accessible": 1, "FloorLevel": "2", "layer": "E2", "path": "C:/Users/Stephanie/Documents/001 Tasek Mall/04 GIS/Interim Nodes and Edges_01/E2.geojson" }, "geometry": { "type": "MultiLineString", "coordinates": [ [ [ 103.654634495627832, 1.513948876934664 ], [ 103.654624222732039, 1.513938245964125 ] ] ] } },
{ "type": "Feature", "properties": { "edgeID": "e_2_0213", "from_n_id": "n_2_0169", "to_n_id": "n_2_0170", "distance": 2.24, "bidir": 1, "accessible": 1, "FloorLevel": "2", "layer": "E2", "path": "C:/Users/Stephanie/Documents/001 Tasek Mall/04 GIS/Interim Nodes and Edges_01/E2.geojson" }, "geometry": { "type": "MultiLineString", "coordinates": [ [ [ 103.654634495627832, 1.513948876934664 ], [ 103.654649077203857, 1.513934916518908 ] ] ] } },
{ "type": "Feature", "properties": { "edgeID": "e_2_0214", "from_n_id": "n_2_0170", "to_n_id": "n_2_0193_E", "distance": 1.64, "bidir": 1, "accessible": 1, "FloorLevel": "2", "layer": "E2", "path": "C:/Users/Stephanie/Documents/001 Tasek Mall/04 GIS/Interim Nodes and Edges_01/E2.geojson" }, "geometry": { "type": "MultiLineString", "coordinates": [ [ [ 103.654649077203857, 1.513934916518908 ], [ 103.654638850119142, 1.513924241776052 ] ] ] } },
{ "type": "Feature", "properties": { "edgeID": "e_2_0215", "from_n_id": "n_2_0170", "to_n_id": "n_2_0167", "distance": 4.127, "bidir": 1, "accessible": 1, "FloorLevel": "2", "layer": "E2", "path": "C:/Users/Stephanie/Documents/001 Tasek Mall/04 GIS/Interim Nodes and Edges_01/E2.geojson" }, "geometry": { "type": "MultiLineString", "coordinates": [ [ [ 103.654649077203857, 1.513934916518908 ], [ 103.654675949277646, 1.51390918916788 ] ] ] } },
{ "type": "Feature", "properties": { "edgeID": "e_2_0216", "from_n_id": "n_2_0168", "to_n_id": "n_2_0105_L", "distance": 3.088, "bidir": 1, "accessible": 1, "FloorLevel": "2", "layer": "E2", "path": "C:/Users/Stephanie/Documents/001 Tasek Mall/04 GIS/Interim Nodes and Edges_01/E2.geojson" }, "geometry": { "type": "MultiLineString", "coordinates": [ [ [ 103.654618589608262, 1.513964105373909 ], [ 103.654613238081581, 1.513958519636046 ], [ 103.654607801997486, 1.51395284564003 ], [ 103.654598956657196, 1.513961314177736 ] ] ] } },
{ "type": "Feature", "properties": { "edgeID": "e_2_0217", "from_n_id": "n_2_0102", "to_n_id": "n_2_0167", "distance": 3.983, "bidir": 1, "accessible": 1, "FloorLevel": "2", "layer": "E2", "path": "C:/Users/Stephanie/Documents/001 Tasek Mall/04 GIS/Interim Nodes and Edges_01/E2.geojson" }, "geometry": { "type": "MultiLineString", "coordinates": [ [ [ 103.654700847933313, 1.51393506086579 ], [ 103.654675949277646, 1.51390918916788 ] ] ] } },
{ "type": "Feature", "properties": { "edgeID": "e_2_0218", "from_n_id": "n_2_0100", "to_n_id": "n_2_0166", "distance": 4.099, "bidir": 1, "accessible": 1, "FloorLevel": "2", "layer": "E2", "path": "C:/Users/Stephanie/Documents/001 Tasek Mall/04 GIS/Interim Nodes and Edges_01/E2.geojson" }, "geometry": { "type": "MultiLineString", "coordinates": [ [ [ 103.654564964399171, 1.513793866984191 ], [ 103.654537989424213, 1.513819113124668 ] ] ] } },
{ "type": "Feature", "properties": { "edgeID": "e_2_0219", "from_n_id": "n_2_0166", "to_n_id": "n_2_0165", "distance": 2.192, "bidir": 1, "accessible": 1, "FloorLevel": "2", "layer": "E2", "path": "C:/Users/Stephanie/Documents/001 Tasek Mall/04 GIS/Interim Nodes and Edges_01/E2.geojson" }, "geometry": { "type": "MultiLineString", "coordinates": [ [ [ 103.654537989424213, 1.513819113124668 ], [ 103.654523567034147, 1.513832611179197 ] ] ] } },
{ "type": "Feature", "properties": { "edgeID": "e_2_0220", "from_n_id": "n_2_0171", "to_n_id": "n_2_0172", "distance": 4.315, "bidir": 1, "accessible": 1, "FloorLevel": "2", "layer": "E2", "path": "C:/Users/Stephanie/Documents/001 Tasek Mall/04 GIS/Interim Nodes and Edges_01/E2.geojson" }, "geometry": { "type": "MultiLineString", "coordinates": [ [ [ 103.655866553061472, 1.514108573656405 ], [ 103.655893278158857, 1.514136845104529 ] ] ] } },
{ "type": "Feature", "properties": { "edgeID": "e_2_0221", "from_n_id": "n_2_0040", "to_n_id": "n_2_0172", "distance": 1.117, "bidir": 1, "accessible": 1, "FloorLevel": "2", "layer": "E2", "path": "C:/Users/Stephanie/Documents/001 Tasek Mall/04 GIS/Interim Nodes and Edges_01/E2.geojson" }, "geometry": { "type": "MultiLineString", "coordinates": [ [ [ 103.655885947617122, 1.514143744237841 ], [ 103.655893278158857, 1.514136845104529 ] ] ] } },
{ "type": "Feature", "properties": { "edgeID": "e_3_0001", "from_n_id": "n_3_0027", "to_n_id": "n_3_0081", "distance": 21.638, "bidir": 1, "accessible": 1, "FloorLevel": "3", "layer": "E3", "path": "C:/Users/Stephanie/Documents/001 Tasek Mall/04 GIS/Interim Nodes and Edges_01/E3.geojson" }, "geometry": { "type": "MultiLineString", "coordinates": [ [ [ 103.654452467200613, 1.513858186774003 ], [ 103.654312510337917, 1.513994030103683 ] ] ] } },
{ "type": "Feature", "properties": { "edgeID": "e_3_0002", "from_n_id": "n_3_0027", "to_n_id": "n_3_0029", "distance": 3.318, "bidir": 1, "accessible": 1, "FloorLevel": "3", "layer": "E3", "path": "C:/Users/Stephanie/Documents/001 Tasek Mall/04 GIS/Interim Nodes and Edges_01/E3.geojson" }, "geometry": { "type": "MultiLineString", "coordinates": [ [ [ 103.654452467200613, 1.513858186774003 ], [ 103.654473310988593, 1.513879646298216 ] ] ] } },
{ "type": "Feature", "properties": { "edgeID": "e_3_0003", "from_n_id": "n_3_0029", "to_n_id": "n_3_0028", "distance": 5.183, "bidir": 1, "accessible": 1, "FloorLevel": "3", "layer": "E3", "path": "C:/Users/Stephanie/Documents/001 Tasek Mall/04 GIS/Interim Nodes and Edges_01/E3.geojson" }, "geometry": { "type": "MultiLineString", "coordinates": [ [ [ 103.654473310988593, 1.513879646298216 ], [ 103.654505866689121, 1.513913163710476 ] ] ] } },
{ "type": "Feature", "properties": { "edgeID": "e_3_0004", "from_n_id": "n_3_0082", "to_n_id": "n_3_0086", "distance": 19.69, "bidir": 1, "accessible": 1, "FloorLevel": "3", "layer": "E3", "path": "C:/Users/Stephanie/Documents/001 Tasek Mall/04 GIS/Interim Nodes and Edges_01/E3.geojson" }, "geometry": { "type": "MultiLineString", "coordinates": [ [ [ 103.654366000848952, 1.514049101914889 ], [ 103.654239801175635, 1.514171757710902 ], [ 103.654238723211819, 1.51417280540385 ] ] ] } },
{ "type": "Feature", "properties": { "edgeID": "e_3_0005", "from_n_id": "n_3_0030", "to_n_id": "n_3_0013", "distance": 10.529, "bidir": 1, "accessible": 1, "FloorLevel": "3", "layer": "E3", "path": "C:/Users/Stephanie/Documents/001 Tasek Mall/04 GIS/Interim Nodes and Edges_01/E3.geojson" }, "geometry": { "type": "MultiLineString", "coordinates": [ [ [ 103.654158551942643, 1.514143463430991 ], [ 103.654156974058125, 1.514144994939051 ], [ 103.654090447595479, 1.514209566095372 ] ] ] } },
{ "type": "Feature", "properties": { "edgeID": "e_3_0006", "from_n_id": "n_3_0014", "to_n_id": "n_3_0013", "distance": 29.393, "bidir": 1, "accessible": 1, "FloorLevel": "3", "layer": "E3", "path": "C:/Users/Stephanie/Documents/001 Tasek Mall/04 GIS/Interim Nodes and Edges_01/E3.geojson" }, "geometry": { "type": "MultiLineString", "coordinates": [ [ [ 103.654290259083226, 1.514345804530117 ], [ 103.65428958735562, 1.514346404330001 ], [ 103.654288905295189, 1.514346992361618 ], [ 103.654288213108174, 1.514347568447118 ], [ 103.654287511003972, 1.514348132412263 ], [ 103.654286799194907, 1.514348684086483 ], [ 103.654286077896273, 1.514349223302923 ], [ 103.654285347326223, 1.514349749898497 ], [ 103.654284607705733, 1.514350263713936 ], [ 103.654283859258499, 1.514350764593836 ], [ 103.654283102210854, 1.514351252386706 ], [ 103.654282336791823, 1.514351726945012 ], [ 103.654281563232857, 1.514352188125226 ], [ 103.654280781767952, 1.51435263578786 ], [ 103.654279992633462, 1.514353069797522 ], [ 103.654279196068032, 1.514353490022943 ], [ 103.654278392312619, 1.514353896337027 ], [ 103.654277581610287, 1.514354288616884 ], [ 103.654276764206259, 1.514354666743869 ], [ 103.654275940347745, 1.514355030603616 ], [ 103.654275110283919, 1.514355380086077 ], [ 103.654274274265859, 1.51435571508555 ], [ 103.65427343254639, 1.514356035500715 ], [ 103.654272585380113, 1.514356341234661 ], [ 103.654271733023236, 1.514356632194921 ], [ 103.654270875733545, 1.514356908293491 ], [ 103.654270013770358, 1.514357169446867 ], [ 103.654269147394359, 1.514357415576062 ], [ 103.654268276867597, 1.514357646606635 ], [ 103.654267402453328, 1.51435786246871 ], [ 103.654266524416059, 1.514358063097 ], [ 103.654265643021333, 1.514358248430824 ], [ 103.654264758535746, 1.514358418414128 ], [ 103.654263871226775, 1.514358572995502 ], [ 103.65426298136282, 1.514358712128191 ], [ 103.65426208921302, 1.514358835770114 ], [ 103.654261195047184, 1.514358943883877 ], [ 103.654260299135757, 1.51435903643678 ], [ 103.654259401749741, 1.51435911340083 ], [ 103.65425850316052, 1.514359174752751 ], [ 103.654257603639849, 1.514359220473984 ], [ 103.654256703459851, 1.514359250550704 ], [ 103.654255802892735, 1.514359264973812 ], [ 103.654254902210909, 1.514359263738946 ], [ 103.654254001686766, 1.514359246846481 ], [ 103.654253101592658, 1.514359214301525 ], [ 103.654252202200865, 1.51435916611392 ], [ 103.65425130378334, 1.514359102298243 ], [ 103.654250406611894, 1.514359022873793 ], [ 103.654249510957797, 1.514358927864592 ], [ 103.654248617091994, 1.514358817299377 ], [ 103.654247725284819, 1.514358691211588 ], [ 103.654246835805992, 1.514358549639359 ], [ 103.654245948924526, 1.514358392625511 ], [ 103.654245064908693, 1.514358220217531 ], [ 103.654244184025842, 1.514358032467564 ], [ 103.654243306542398, 1.514357829432396 ], [ 103.654242432723734, 1.514357611173433 ], [ 103.654241562834187, 1.514357377756691 ], [ 103.654240697136814, 1.514357129252764 ], [ 103.654239835893478, 1.514356865736813 ], [ 103.654238979364621, 1.514356587288539 ], [ 103.65423812780935, 1.514356293992158 ], [ 103.654237281485166, 1.514355985936379 ], [ 103.654236440648091, 1.514355663214371 ], [ 103.654235605552387, 1.514355325923744 ], [ 103.654234776450679, 1.514354974166511 ], [ 103.654233953593689, 1.51435460804906 ], [ 103.654233137230293, 1.514354227682125 ], [ 103.654232327607431, 1.514353833180747 ], [ 103.654231524969958, 1.514353424664244 ], [ 103.654230729560624, 1.51435300225617 ], [ 103.654229941620002, 1.514352566084285 ], [ 103.654229161386411, 1.514352116280508 ], [ 103.654228389095834, 1.514351652980883 ], [ 103.654227624981857, 1.514351176325535 ], [ 103.654226869275547, 1.514350686458628 ], [ 103.654226122205543, 1.514350183528323 ], [ 103.654225383997741, 1.514349667686731 ], [ 103.654224654875406, 1.514349139089869 ], [ 103.654223935059079, 1.514348597897611 ], [ 103.654223224766469, 1.514348044273642 ], [ 103.654222524212415, 1.514347478385404 ], [ 103.654221833608773, 1.51434690040405 ], [ 103.654221153164457, 1.514346310504393 ], [ 103.654220483085226, 1.514345708864847 ], [ 103.654219823573769, 1.514345095667377 ], [ 103.654219174829535, 1.514344471097446 ], [ 103.654218537048777, 1.514343835343957 ], [ 103.654217910424336, 1.514343188599191 ], [ 103.654217295145784, 1.514342531058758 ], [ 103.654216691399199, 1.514341862921531 ], [ 103.654216099367162, 1.514341184389589 ], [ 103.654215519228742, 1.514340495668152 ], [ 103.654214951159446, 1.514339796965527 ], [ 103.654214395331024, 1.514339088493035 ], [ 103.654213851911621, 1.514338370464955 ], [ 103.654090447595479, 1.514209566095372 ] ] ] } },
{ "type": "Feature", "properties": { "edgeID": "e_3_0007", "from_n_id": "n_3_0014_L", "to_n_id": "n_3_0013", "distance": 11.103, "bidir": 1, "accessible": 1, "FloorLevel": "3", "layer": "E3", "path": "C:/Users/Stephanie/Documents/001 Tasek Mall/04 GIS/Interim Nodes and Edges_01/E3.geojson" }, "geometry": { "type": "MultiLineString", "coordinates": [ [ [ 103.654038284816565, 1.51413268422649 ], [ 103.654038089217707, 1.514132898497617 ], [ 103.654037897383674, 1.514133116143442 ], [ 103.654037709372702, 1.514133337097872 ], [ 103.654037525241847, 1.514133561293809 ], [ 103.654037345047087, 1.514133788663171 ], [ 103.654037168843118, 1.514134019136911 ], [ 103.654036996683416, 1.514134252645041 ], [ 103.654036828620306, 1.514134489116649 ], [ 103.654036664704805, 1.514134728479928 ], [ 103.654036504986706, 1.514134970662186 ], [ 103.654036349514499, 1.514135215589882 ], [ 103.654036198335362, 1.514135463188635 ], [ 103.654036051495268, 1.514135713383258 ], [ 103.654035909038782, 1.514135966097772 ], [ 103.654035771009148, 1.514136221255434 ], [ 103.654035637448303, 1.514136478778761 ], [ 103.654035508396788, 1.514136738589548 ], [ 103.654035383893799, 1.514137000608897 ], [ 103.65403526397715, 1.514137264757243 ], [ 103.654035148683249, 1.514137530954368 ], [ 103.654035038047141, 1.514137799119434 ], [ 103.654034932102363, 1.51413806917101 ], [ 103.654034830881116, 1.514138341027085 ], [ 103.654034734414168, 1.514138614605105 ], [ 103.654034642730792, 1.514138889821992 ], [ 103.654034555858814, 1.514139166594169 ], [ 103.654034473824609, 1.514139444837587 ], [ 103.654034396653117, 1.514139724467751 ], [ 103.654034324367757, 1.514140005399746 ], [ 103.654034256990499, 1.514140287548259 ], [ 103.654034194541794, 1.514140570827609 ], [ 103.654034137040597, 1.514140855151772 ], [ 103.65403408450436, 1.514141140434406 ], [ 103.654034036949056, 1.514141426588878 ], [ 103.654033994389138, 1.51414171352829 ], [ 103.65403395683748, 1.514142001165507 ], [ 103.654033924305551, 1.51414228941318 ], [ 103.65403389680317, 1.514142578183776 ], [ 103.654033874338737, 1.514142867389604 ], [ 103.654033856919042, 1.514143156942839 ], [ 103.654033844549403, 1.514143446755551 ], [ 103.654033837233555, 1.514143736739731 ], [ 103.654033834973717, 1.51414402680732 ], [ 103.654033837770598, 1.51414431687023 ], [ 103.654033845623317, 1.514144606840379 ], [ 103.654033858529516, 1.514144896629708 ], [ 103.654033876485258, 1.514145186150218 ], [ 103.654033899485114, 1.514145475313987 ], [ 103.654033927522079, 1.514145764033206 ], [ 103.654033960587626, 1.514146052220196 ], [ 103.65403399867175, 1.514146339787443 ], [ 103.654034041762841, 1.514146626647622 ], [ 103.654034089847855, 1.514146912713618 ], [ 103.654034142912181, 1.514147197898563 ], [ 103.654034200939705, 1.514147482115853 ], [ 103.654034263912777, 1.514147765279178 ], [ 103.654034331812312, 1.51414804730255 ], [ 103.654034404617676, 1.514148328100324 ], [ 103.654034482306741, 1.51414860758723 ], [ 103.65403456485592, 1.514148885678396 ], [ 103.654034652240185, 1.514149162289371 ], [ 103.654034744432977, 1.514149437336158 ], [ 103.654034841406272, 1.51414971073523 ], [ 103.654034943130654, 1.514149982403565 ], [ 103.654035049575214, 1.514150252258663 ], [ 103.654035160707664, 1.514150520218577 ], [ 103.654035276494199, 1.514150786201934 ], [ 103.654035396899687, 1.514151050127962 ], [ 103.654035521887565, 1.514151311916513 ], [ 103.654035651419889, 1.51415157148809 ], [ 103.654035785457296, 1.514151828763867 ], [ 103.6540359239591, 1.514152083665716 ], [ 103.654036066883236, 1.51415233611623 ], [ 103.654036214186306, 1.514152586038747 ], [ 103.654036365823572, 1.514152833357372 ], [ 103.654036521748992, 1.514153077997 ], [ 103.654036681915215, 1.514153319883341 ], [ 103.654036846273598, 1.51415355894294 ], [ 103.654037014774232, 1.514153795103202 ], [ 103.654090447595479, 1.514209566095372 ] ] ] } },
{ "type": "Feature", "properties": { "edgeID": "e_3_0008", "from_n_id": "n_3_0030", "to_n_id": "n_3_0031", "distance": 8.532, "bidir": 1, "accessible": 1, "FloorLevel": "3", "layer": "E3", "path": "C:/Users/Stephanie/Documents/001 Tasek Mall/04 GIS/Interim Nodes and Edges_01/E3.geojson" }, "geometry": { "type": "MultiLineString", "coordinates": [ [ [ 103.654156974058125, 1.514144994939051 ], [ 103.654210184675833, 1.514200542533711 ] ] ] } },
{ "type": "Feature", "properties": { "edgeID": "e_3_0009", "from_n_id": "n_3_0031", "to_n_id": "n_3_0032", "distance": 15.995, "bidir": 1, "accessible": 1, "FloorLevel": "3", "layer": "E3", "path": "C:/Users/Stephanie/Documents/001 Tasek Mall/04 GIS/Interim Nodes and Edges_01/E3.geojson" }, "geometry": { "type": "MultiLineString", "coordinates": [ [ [ 103.654210184675833, 1.514200542533711 ], [ 103.654309919164049, 1.514304709125712 ] ] ] } },
{ "type": "Feature", "properties": { "edgeID": "e_3_0010", "from_n_id": "n_3_0014", "to_n_id": "n_3_0032", "distance": 5.047, "bidir": 1, "accessible": 1, "FloorLevel": "3", "layer": "E3", "path": "C:/Users/Stephanie/Documents/001 Tasek Mall/04 GIS/Interim Nodes and Edges_01/E3.geojson" }, "geometry": { "type": "MultiLineString", "coordinates": [ [ [ 103.654290259083226, 1.514345804530117 ], [ 103.654309945064639, 1.514304684332392 ] ] ] } },
{ "type": "Feature", "properties": { "edgeID": "e_3_0011", "from_n_id": "n_3_0032", "to_n_id": "n_3_0020", "distance": 6.062, "bidir": 1, "accessible": 1, "FloorLevel": "3", "layer": "E3", "path": "C:/Users/Stephanie/Documents/001 Tasek Mall/04 GIS/Interim Nodes and Edges_01/E3.geojson" }, "geometry": { "type": "MultiLineString", "coordinates": [ [ [ 103.654309945064639, 1.514304684332392 ], [ 103.654349414756879, 1.514266901995872 ] ] ] } },
{ "type": "Feature", "properties": { "edgeID": "e_3_0012", "from_n_id": "n_3_0020", "to_n_id": "n_3_0023", "distance": 42.635, "bidir": 1, "accessible": 1, "FloorLevel": "3", "layer": "E3", "path": "C:/Users/Stephanie/Documents/001 Tasek Mall/04 GIS/Interim Nodes and Edges_01/E3.geojson" }, "geometry": { "type": "MultiLineString", "coordinates": [ [ [ 103.654349414756879, 1.514266901995872 ], [ 103.654627021939319, 1.514001162687229 ] ] ] } },
{ "type": "Feature", "properties": { "edgeID": "e_3_0013", "from_n_id": "n_3_0023", "to_n_id": "n_3_0024", "distance": 11.576, "bidir": 1, "accessible": 1, "FloorLevel": "3", "layer": "E3", "path": "C:/Users/Stephanie/Documents/001 Tasek Mall/04 GIS/Interim Nodes and Edges_01/E3.geojson" }, "geometry": { "type": "MultiLineString", "coordinates": [ [ [ 103.654627021939319, 1.514001162687229 ], [ 103.654699127210947, 1.514076624991248 ] ] ] } },
{ "type": "Feature", "properties": { "edgeID": "e_3_0014", "from_n_id": "n_3_0024", "to_n_id": "n_3_0021", "distance": 12.334, "bidir": 1, "accessible": 1, "FloorLevel": "3", "layer": "E3", "path": "C:/Users/Stephanie/Documents/001 Tasek Mall/04 GIS/Interim Nodes and Edges_01/E3.geojson" }, "geometry": { "type": "MultiLineString", "coordinates": [ [ [ 103.654699127210947, 1.514076624991248 ], [ 103.654618823285148, 1.514153505717835 ] ] ] } },
{ "type": "Feature", "properties": { "edgeID": "e_3_0015", "from_n_id": "n_3_0021", "to_n_id": "n_3_0022", "distance": 11.832, "bidir": 1, "accessible": 1, "FloorLevel": "3", "layer": "E3", "path": "C:/Users/Stephanie/Documents/001 Tasek Mall/04 GIS/Interim Nodes and Edges_01/E3.geojson" }, "geometry": { "type": "MultiLineString", "coordinates": [ [ [ 103.654618823285148, 1.514153505717835 ], [ 103.654676437357793, 1.514243440737623 ] ] ] } },
{ "type": "Feature", "properties": { "edgeID": "e_3_0016", "from_n_id": "n_3_0021", "to_n_id": "n_3_0019", "distance": 22.184, "bidir": 1, "accessible": 1, "FloorLevel": "3", "layer": "E3", "path": "C:/Users/Stephanie/Documents/001 Tasek Mall/04 GIS/Interim Nodes and Edges_01/E3.geojson" }, "geometry": { "type": "MultiLineString", "coordinates": [ [ [ 103.654620072161421, 1.51415164641082 ], [ 103.654475966705178, 1.514290272594663 ] ] ] } },
{ "type": "Feature", "properties": { "edgeID": "e_3_0017", "from_n_id": "n_3_0019", "to_n_id": "n_3_0018", "distance": 12.136, "bidir": 1, "accessible": 1, "FloorLevel": "3", "layer": "E3", "path": "C:/Users/Stephanie/Documents/001 Tasek Mall/04 GIS/Interim Nodes and Edges_01/E3.geojson" }, "geometry": { "type": "MultiLineString", "coordinates": [ [ [ 103.654475966705178, 1.514290272594663 ], [ 103.654570656519468, 1.514344715439083 ] ] ] } },
{ "type": "Feature", "properties": { "edgeID": "e_3_0018", "from_n_id": "n_3_0020", "to_n_id": "n_3_0019", "distance": 19.924, "bidir": 1, "accessible": 1, "FloorLevel": "3", "layer": "E3", "path": "C:/Users/Stephanie/Documents/001 Tasek Mall/04 GIS/Interim Nodes and Edges_01/E3.geojson" }, "geometry": { "type": "MultiLineString", "coordinates": [ [ [ 103.654349414756879, 1.514266901995872 ], [ 103.654349414756879, 1.514266901995872 ], [ 103.654369240784419, 1.514287596339029 ], [ 103.654370791715067, 1.514289215195404 ], [ 103.654393262009449, 1.514312669615443 ], [ 103.654395684947787, 1.514315198670549 ], [ 103.654421636494476, 1.514342286810013 ], [ 103.654475966705178, 1.514290272594663 ] ] ] } },
{ "type": "Feature", "properties": { "edgeID": "e_3_0019", "from_n_id": "n_3_0072", "to_n_id": "n_3_0015", "distance": 9.063, "bidir": 1, "accessible": 1, "FloorLevel": "3", "layer": "E3", "path": "C:/Users/Stephanie/Documents/001 Tasek Mall/04 GIS/Interim Nodes and Edges_01/E3.geojson" }, "geometry": { "type": "MultiLineString", "coordinates": [ [ [ 103.654299916593317, 1.514357070599469 ], [ 103.654356759428211, 1.514415768153041 ] ] ] } },
{ "type": "Feature", "properties": { "edgeID": "e_3_0020", "from_n_id": "n_3_0015", "to_n_id": "n_3_0015_L", "distance": 11.102, "bidir": 1, "accessible": 1, "FloorLevel": "3", "layer": "E3", "path": "C:/Users/Stephanie/Documents/001 Tasek Mall/04 GIS/Interim Nodes and Edges_01/E3.geojson" }, "geometry": { "type": "MultiLineString", "coordinates": [ [ [ 103.654356759428211, 1.514415768153041 ], [ 103.654302539600437, 1.514467677260349 ], [ 103.654302400786179, 1.514467976390691 ], [ 103.654302267161796, 1.514468277873533 ], [ 103.654302138767221, 1.514468581618899 ], [ 103.654302015640752, 1.514468887536142 ], [ 103.654301897819096, 1.514469195533964 ], [ 103.654301785337466, 1.514469505520448 ], [ 103.654301678229402, 1.514469817403082 ], [ 103.654301576526876, 1.514470131088788 ], [ 103.65430148026023, 1.514470446483953 ], [ 103.65430138945824, 1.514470763494449 ], [ 103.654301304147921, 1.514471082025669 ], [ 103.654301224354811, 1.514471401982552 ], [ 103.654301150102683, 1.51447172326961 ], [ 103.65430108141372, 1.51447204579096 ], [ 103.654301018308388, 1.514472369450351 ], [ 103.654300960805557, 1.514472694151188 ], [ 103.654300908922352, 1.514473019796571 ], [ 103.654300862674276, 1.514473346289314 ], [ 103.654300822075129, 1.514473673531979 ], [ 103.654300787137032, 1.514474001426906 ], [ 103.654300757870445, 1.51447432987624 ], [ 103.654300734284035, 1.514474658781956 ], [ 103.654300716384867, 1.5144749880459 ], [ 103.654300704178269, 1.514475317569805 ], [ 103.654300697667935, 1.514475647255331 ], [ 103.654300696855756, 1.514475977004086 ], [ 103.654300701742017, 1.514476306717661 ], [ 103.654300712325224, 1.514476636297658 ], [ 103.654300728602223, 1.514476965645718 ], [ 103.654300750568183, 1.514477294663552 ], [ 103.654300778216509, 1.514477623252967 ], [ 103.654300811538974, 1.514477951315902 ], [ 103.654300850525644, 1.51447827875445 ], [ 103.654300895164866, 1.51447860547089 ], [ 103.65430094544331, 1.514478931367719 ], [ 103.654301001345999, 1.514479256347678 ], [ 103.65430106285622, 1.51447958031378 ], [ 103.654301129955627, 1.514479903169341 ], [ 103.654301202624211, 1.514480224818011 ], [ 103.654301280840272, 1.514480545163797 ], [ 103.654301364580462, 1.514480864111094 ], [ 103.654301453819798, 1.51448118156472 ], [ 103.654301548531649, 1.514481497429933 ], [ 103.654301648687735, 1.514481811612467 ], [ 103.654301754258185, 1.51448212401856 ], [ 103.654301865211465, 1.514482434554976 ], [ 103.654301981514493, 1.514482743129042 ], [ 103.654302103132565, 1.514483049648666 ], [ 103.654302230029344, 1.514483354022373 ], [ 103.654302362167002, 1.514483656159325 ], [ 103.654302499506059, 1.514483955969354 ], [ 103.654302642005575, 1.514484253362986 ], [ 103.654302789623003, 1.514484548251468 ], [ 103.654302942314303, 1.514484840546793 ], [ 103.654303100033871, 1.51448513016173 ], [ 103.654303262734658, 1.514485417009847 ], [ 103.654303430368131, 1.514485701005539 ], [ 103.654303602884227, 1.51448598206405 ], [ 103.654303780231459, 1.514486260101502 ], [ 103.65430396235692, 1.514486535034918 ], [ 103.654304149206268, 1.51448680678225 ], [ 103.654304340723712, 1.514487075262395 ], [ 103.654304536852109, 1.514487340395231 ], [ 103.654304737532925, 1.514487602101633 ], [ 103.654304942706275, 1.514487860303496 ], [ 103.654305152310926, 1.514488114923764 ], [ 103.654305366284319, 1.51448836588645 ], [ 103.654305584562579, 1.514488613116656 ], [ 103.654305807080618, 1.5144888565406 ], [ 103.65430603377196, 1.514489096085635 ], [ 103.654306264569016, 1.514489331680273 ], [ 103.65430649940285, 1.514489563254202 ], [ 103.654306738203445, 1.514489790738313 ], [ 103.654306980899463, 1.514490014064717 ], [ 103.654307227418514, 1.514490233166764 ], [ 103.654307477687027, 1.514490447979066 ] ] ] } },
{ "type": "Feature", "properties": { "edgeID": "e_3_0021", "from_n_id": "n_3_0015", "to_n_id": "n_3_0016", "distance": 10.714, "bidir": 1, "accessible": 1, "FloorLevel": "3", "layer": "E3", "path": "C:/Users/Stephanie/Documents/001 Tasek Mall/04 GIS/Interim Nodes and Edges_01/E3.geojson" }, "geometry": { "type": "MultiLineString", "coordinates": [ [ [ 103.654356759428211, 1.514415768153041 ], [ 103.65442331027333, 1.514485784903788 ] ] ] } },
{ "type": "Feature", "properties": { "edgeID": "e_3_0022", "from_n_id": "n_3_0078", "to_n_id": "n_3_0017", "distance": 4.04, "bidir": 1, "accessible": 1, "FloorLevel": "3", "layer": "E3", "path": "C:/Users/Stephanie/Documents/001 Tasek Mall/04 GIS/Interim Nodes and Edges_01/E3.geojson" }, "geometry": { "type": "MultiLineString", "coordinates": [ [ [ 103.654471641014766, 1.514439512997593 ], [ 103.654472065276565, 1.514439106808873 ], [ 103.65449794182075, 1.514414332576006 ] ] ] } },
{ "type": "Feature", "properties": { "edgeID": "e_3_0023", "from_n_id": "n_3_0017", "to_n_id": "n_3_0034", "distance": 20.864, "bidir": 1, "accessible": 1, "FloorLevel": "3", "layer": "E3", "path": "C:/Users/Stephanie/Documents/001 Tasek Mall/04 GIS/Interim Nodes and Edges_01/E3.geojson" }, "geometry": { "type": "MultiLineString", "coordinates": [ [ [ 103.65449794182075, 1.514414332576006 ], [ 103.65449796459184, 1.514414356337637 ], [ 103.654497973580249, 1.514414365717011 ], [ 103.654628096590173, 1.514550148956221 ] ] ] } },
{ "type": "Feature", "properties": { "edgeID": "e_3_0024", "from_n_id": "n_3_0016", "to_n_id": "n_3_0035", "distance": 20.818, "bidir": 1, "accessible": 1, "FloorLevel": "3", "layer": "E3", "path": "C:/Users/Stephanie/Documents/001 Tasek Mall/04 GIS/Interim Nodes and Edges_01/E3.geojson" }, "geometry": { "type": "MultiLineString", "coordinates": [ [ [ 103.65442331027333, 1.514485784903788 ], [ 103.654552623927728, 1.514621833085642 ] ] ] } },
{ "type": "Feature", "properties": { "edgeID": "e_3_0025", "from_n_id": "n_3_0034", "to_n_id": "n_3_0035", "distance": 11.548, "bidir": 1, "accessible": 1, "FloorLevel": "3", "layer": "E3", "path": "C:/Users/Stephanie/Documents/001 Tasek Mall/04 GIS/Interim Nodes and Edges_01/E3.geojson" }, "geometry": { "type": "MultiLineString", "coordinates": [ [ [ 103.654628096590173, 1.514550148956221 ], [ 103.654552623927728, 1.514621833085642 ] ] ] } },
{ "type": "Feature", "properties": { "edgeID": "e_3_0026", "from_n_id": "n_3_0034", "to_n_id": "n_3_0033", "distance": 7.135, "bidir": 1, "accessible": 1, "FloorLevel": "3", "layer": "E3", "path": "C:/Users/Stephanie/Documents/001 Tasek Mall/04 GIS/Interim Nodes and Edges_01/E3.geojson" }, "geometry": { "type": "MultiLineString", "coordinates": [ [ [ 103.654628096590173, 1.514550148956221 ], [ 103.654690781112265, 1.514563691588988 ] ] ] } },
{ "type": "Feature", "properties": { "edgeID": "e_3_0027", "from_n_id": "n_3_0017", "to_n_id": "n_3_0067", "distance": 5.728, "bidir": 1, "accessible": 1, "FloorLevel": "3", "layer": "E3", "path": "C:/Users/Stephanie/Documents/001 Tasek Mall/04 GIS/Interim Nodes and Edges_01/E3.geojson" }, "geometry": { "type": "MultiLineString", "coordinates": [ [ [ 103.654497973580249, 1.514414365717011 ], [ 103.654535251395657, 1.514378643301111 ] ] ] } },
{ "type": "Feature", "properties": { "edgeID": "e_3_0028", "from_n_id": "n_3_0018", "to_n_id": "n_3_0022", "distance": 16.247, "bidir": 1, "accessible": 1, "FloorLevel": "3", "layer": "E3", "path": "C:/Users/Stephanie/Documents/001 Tasek Mall/04 GIS/Interim Nodes and Edges_01/E3.geojson" }, "geometry": { "type": "MultiLineString", "coordinates": [ [ [ 103.654570656519468, 1.514344715439083 ], [ 103.654676437357793, 1.514243440737623 ] ] ] } },
{ "type": "Feature", "properties": { "edgeID": "e_3_0029", "from_n_id": "n_3_0022", "to_n_id": "n_3_0025", "distance": 14.606, "bidir": 1, "accessible": 1, "FloorLevel": "3", "layer": "E3", "path": "C:/Users/Stephanie/Documents/001 Tasek Mall/04 GIS/Interim Nodes and Edges_01/E3.geojson" }, "geometry": { "type": "MultiLineString", "coordinates": [ [ [ 103.654676437357793, 1.514243440737623 ], [ 103.654771529734276, 1.514152399178358 ] ] ] } },
{ "type": "Feature", "properties": { "edgeID": "e_3_0030", "from_n_id": "n_3_0024", "to_n_id": "n_3_0025", "distance": 11.624, "bidir": 1, "accessible": 1, "FloorLevel": "3", "layer": "E3", "path": "C:/Users/Stephanie/Documents/001 Tasek Mall/04 GIS/Interim Nodes and Edges_01/E3.geojson" }, "geometry": { "type": "MultiLineString", "coordinates": [ [ [ 103.654699127210947, 1.514076624991248 ], [ 103.654771529734276, 1.514152399178358 ] ] ] } },
{ "type": "Feature", "properties": { "edgeID": "e_3_0031", "from_n_id": "n_3_0025", "to_n_id": "n_3_0039", "distance": 18.307, "bidir": 1, "accessible": 1, "FloorLevel": "3", "layer": "E3", "path": "C:/Users/Stephanie/Documents/001 Tasek Mall/04 GIS/Interim Nodes and Edges_01/E3.geojson" }, "geometry": { "type": "MultiLineString", "coordinates": [ [ [ 103.654771529734276, 1.514152399178358 ], [ 103.654781569983598, 1.514142786630974 ], [ 103.654781849290046, 1.514142625146236 ], [ 103.654782131362353, 1.514142468539329 ], [ 103.654782416115225, 1.51414231685758 ], [ 103.654782703462686, 1.514142170146825 ], [ 103.654782993317838, 1.514142028451396 ], [ 103.65478328559314, 1.514141891814113 ], [ 103.654783580200231, 1.514141760276264 ], [ 103.654783877050107, 1.514141633877599 ], [ 103.654784176053084, 1.514141512656313 ], [ 103.654784477118767, 1.514141396649038 ], [ 103.654784780156191, 1.514141285890829 ], [ 103.654785085073797, 1.514141180415155 ], [ 103.654785391779427, 1.51414108025389 ], [ 103.65478570018044, 1.514140985437301 ], [ 103.654786010183585, 1.51414089599404 ], [ 103.654786321695212, 1.514140811951136 ], [ 103.654786634621175, 1.514140733333984 ], [ 103.654786948866942, 1.514140660166343 ], [ 103.6547872643375, 1.514140592470321 ], [ 103.65478758093758, 1.514140530266376 ], [ 103.654787898571456, 1.514140473573304 ], [ 103.654788217143192, 1.514140422408238 ], [ 103.654788536556481, 1.514140376786639 ], [ 103.654788856714831, 1.514140336722292 ], [ 103.654789177521465, 1.514140302227306 ], [ 103.654789498879481, 1.514140273312103 ], [ 103.654789820691718, 1.514140249985422 ], [ 103.654790142860975, 1.514140232254311 ], [ 103.654790465289864, 1.514140220124128 ], [ 103.65479078788097, 1.514140213598539 ], [ 103.654791110536806, 1.514140212679516 ], [ 103.6547914331599, 1.514140217367337 ], [ 103.65479175565271, 1.514140227660585 ], [ 103.65479207791779, 1.51414024355615 ], [ 103.654792399857797, 1.514140265049227 ], [ 103.654792721375415, 1.514140292133323 ], [ 103.654793042373498, 1.514140324800253 ], [ 103.654793362755001, 1.514140363040145 ], [ 103.65479368242319, 1.514140406841444 ], [ 103.654794001281417, 1.514140456190914 ], [ 103.654794319233332, 1.514140511073642 ], [ 103.654794636182856, 1.514140571473043 ], [ 103.654794952034223, 1.514140637370867 ], [ 103.654795266691963, 1.514140708747199 ], [ 103.65479558006102, 1.514140785580469 ], [ 103.654795892046678, 1.514140867847462 ], [ 103.65479620255465, 1.514140955523317 ], [ 103.654796511491142, 1.514141048581539 ], [ 103.65479681876279, 1.514141146994009 ], [ 103.654797124276712, 1.514141250730986 ], [ 103.654797427940608, 1.514141359761124 ], [ 103.654797729662718, 1.514141474051474 ], [ 103.654798029351838, 1.514141593567502 ], [ 103.654798326917444, 1.514141718273088 ], [ 103.654798622269581, 1.514141848130552 ], [ 103.654798915319063, 1.514141983100651 ], [ 103.654799205977241, 1.5141421231426 ], [ 103.65479949415635, 1.51414226821408 ], [ 103.654799779769291, 1.514142418271252 ], [ 103.654800062729748, 1.514142573268771 ], [ 103.654800342952228, 1.5141427331598 ], [ 103.654800620352034, 1.514142897896022 ], [ 103.654800894845351, 1.514143067427656 ], [ 103.65480116634923, 1.514143241703473 ], [ 103.654801434781632, 1.51414342067081 ], [ 103.654801700061427, 1.514143604275583 ], [ 103.654801962108465, 1.514143792462308 ], [ 103.654891533703861, 1.514237290305184 ] ] ] } },
{ "type": "Feature", "properties": { "edgeID": "e_3_0032", "from_n_id": "n_3_0039", "to_n_id": "n_3_0038", "distance": 10.753, "bidir": 1, "accessible": 1, "FloorLevel": "3", "layer": "E3", "path": "C:/Users/Stephanie/Documents/001 Tasek Mall/04 GIS/Interim Nodes and Edges_01/E3.geojson" }, "geometry": { "type": "MultiLineString", "coordinates": [ [ [ 103.654891533703861, 1.514237290305184 ], [ 103.654958598999926, 1.514307296190497 ] ] ] } },
{ "type": "Feature", "properties": { "edgeID": "e_3_0033", "from_n_id": "n_3_0038", "to_n_id": "n_3_0037", "distance": 4.251, "bidir": 1, "accessible": 1, "FloorLevel": "3", "layer": "E3", "path": "C:/Users/Stephanie/Documents/001 Tasek Mall/04 GIS/Interim Nodes and Edges_01/E3.geojson" }, "geometry": { "type": "MultiLineString", "coordinates": [ [ [ 103.654958598999926, 1.514307296190497 ], [ 103.654930920687846, 1.514333794017664 ] ] ] } },
{ "type": "Feature", "properties": { "edgeID": "e_3_0034", "from_n_id": "n_3_0091", "to_n_id": "n_3_0087", "distance": 22.271, "bidir": 1, "accessible": 1, "FloorLevel": "3", "layer": "E3", "path": "C:/Users/Stephanie/Documents/001 Tasek Mall/04 GIS/Interim Nodes and Edges_01/E3.geojson" }, "geometry": { "type": "MultiLineString", "coordinates": [ [ [ 103.654863728927097, 1.514263657867413 ], [ 103.65473335780726, 1.514387289113106 ], [ 103.654747863456606, 1.514402576310218 ] ] ] } },
{ "type": "Feature", "properties": { "edgeID": "e_3_0035", "from_n_id": "n_3_0037", "to_n_id": "n_3_0036", "distance": 19.985, "bidir": 1, "accessible": 1, "FloorLevel": "3", "layer": "E3", "path": "C:/Users/Stephanie/Documents/001 Tasek Mall/04 GIS/Interim Nodes and Edges_01/E3.geojson" }, "geometry": { "type": "MultiLineString", "coordinates": [ [ [ 103.654930920687846, 1.514333794017664 ], [ 103.654916147101005, 1.51434793750938 ], [ 103.654800800013831, 1.514458365027537 ] ] ] } },
{ "type": "Feature", "properties": { "edgeID": "e_3_0036", "from_n_id": "n_3_0036", "to_n_id": "n_3_0033", "distance": 16.898, "bidir": 1, "accessible": 1, "FloorLevel": "3", "layer": "E3", "path": "C:/Users/Stephanie/Documents/001 Tasek Mall/04 GIS/Interim Nodes and Edges_01/E3.geojson" }, "geometry": { "type": "MultiLineString", "coordinates": [ [ [ 103.654800800013831, 1.514458365027537 ], [ 103.654690781112265, 1.514563691588988 ] ] ] } },
{ "type": "Feature", "properties": { "edgeID": "e_3_0037", "from_n_id": "n_3_0038", "to_n_id": "n_3_0040", "distance": 36.558, "bidir": 1, "accessible": 1, "FloorLevel": "3", "layer": "E3", "path": "C:/Users/Stephanie/Documents/001 Tasek Mall/04 GIS/Interim Nodes and Edges_01/E3.geojson" }, "geometry": { "type": "MultiLineString", "coordinates": [ [ [ 103.654958598999926, 1.514307296190497 ], [ 103.655006730361322, 1.514261217639477 ], [ 103.655196626850255, 1.514079420257114 ] ] ] } },
{ "type": "Feature", "properties": { "edgeID": "e_3_0038", "from_n_id": "n_3_0016_L", "to_n_id": "n_3_0040", "distance": 3.083, "bidir": 1, "accessible": 1, "FloorLevel": "3", "layer": "E3", "path": "C:/Users/Stephanie/Documents/001 Tasek Mall/04 GIS/Interim Nodes and Edges_01/E3.geojson" }, "geometry": { "type": "MultiLineString", "coordinates": [ [ [ 103.655215747827398, 1.514099598040463 ], [ 103.655196626850255, 1.514079420257114 ] ] ] } },
{ "type": "Feature", "properties": { "edgeID": "e_3_0039", "from_n_id": "n_3_0040", "to_n_id": "n_3_0041", "distance": 20.324, "bidir": 1, "accessible": 1, "FloorLevel": "3", "layer": "E3", "path": "C:/Users/Stephanie/Documents/001 Tasek Mall/04 GIS/Interim Nodes and Edges_01/E3.geojson" }, "geometry": { "type": "MultiLineString", "coordinates": [ [ [ 103.655196626850255, 1.514079420257114 ], [ 103.65532895326244, 1.513952737575383 ] ] ] } },
{ "type": "Feature", "properties": { "edgeID": "e_3_0040", "from_n_id": "n_3_0041", "to_n_id": "n_3_0042", "distance": 11.523, "bidir": 1, "accessible": 1, "FloorLevel": "3", "layer": "E3", "path": "C:/Users/Stephanie/Documents/001 Tasek Mall/04 GIS/Interim Nodes and Edges_01/E3.geojson" }, "geometry": { "type": "MultiLineString", "coordinates": [ [ [ 103.65532895326244, 1.513952737575383 ], [ 103.655353738311362, 1.513929009610613 ], [ 103.655373895574428, 1.513909712056077 ], [ 103.655403101542149, 1.513881744039926 ], [ 103.655403878863481, 1.513881007555924 ], [ 103.655403976436432, 1.513880914144489 ] ] ] } },
{ "type": "Feature", "properties": { "edgeID": "e_3_0041", "from_n_id": "n_3_0062", "to_n_id": "n_3_0043", "distance": 9.138, "bidir": 1, "accessible": 1, "FloorLevel": "3", "layer": "E3", "path": "C:/Users/Stephanie/Documents/001 Tasek Mall/04 GIS/Interim Nodes and Edges_01/E3.geojson" }, "geometry": { "type": "MultiLineString", "coordinates": [ [ [ 103.65549074440122, 1.514121618548194 ], [ 103.655499566506762, 1.514130827245969 ], [ 103.655547738424985, 1.514181110098411 ] ] ] } },
{ "type": "Feature", "properties": { "edgeID": "e_3_0042", "from_n_id": "n_3_0070", "to_n_id": "n_3_0044", "distance": 28.928, "bidir": 1, "accessible": 1, "FloorLevel": "3", "layer": "E3", "path": "C:/Users/Stephanie/Documents/001 Tasek Mall/04 GIS/Interim Nodes and Edges_01/E3.geojson" }, "geometry": { "type": "MultiLineString", "coordinates": [ [ [ 103.655427093563716, 1.51390504244748 ], [ 103.655446952983056, 1.513925770545594 ], [ 103.65557386729958, 1.514058236267031 ], [ 103.655570456926512, 1.514061501436351 ], [ 103.655600851320486, 1.514093225321211 ] ] ] } },
{ "type": "Feature", "properties": { "edgeID": "e_3_0043", "from_n_id": "n_3_0063", "to_n_id": "n_3_0046", "distance": 24.079, "bidir": 1, "accessible": 1, "FloorLevel": "3", "layer": "E3", "path": "C:/Users/Stephanie/Documents/001 Tasek Mall/04 GIS/Interim Nodes and Edges_01/E3.geojson" }, "geometry": { "type": "MultiLineString", "coordinates": [ [ [ 103.655611290450906, 1.514104121072874 ], [ 103.655711587302477, 1.514208805037196 ], [ 103.655761483440159, 1.514260883693952 ] ] ] } },
{ "type": "Feature", "properties": { "edgeID": "e_3_0044", "from_n_id": "n_3_0044", "to_n_id": "n_3_0043", "distance": 11.374, "bidir": 1, "accessible": 1, "FloorLevel": "3", "layer": "E3", "path": "C:/Users/Stephanie/Documents/001 Tasek Mall/04 GIS/Interim Nodes and Edges_01/E3.geojson" }, "geometry": { "type": "MultiLineString", "coordinates": [ [ [ 103.655600851320486, 1.514093225321211 ], [ 103.655547738424985, 1.514181110098411 ] ] ] } },
{ "type": "Feature", "properties": { "edgeID": "e_3_0045", "from_n_id": "n_3_0043", "to_n_id": "n_3_0045", "distance": 12.307, "bidir": 1, "accessible": 1, "FloorLevel": "3", "layer": "E3", "path": "C:/Users/Stephanie/Documents/001 Tasek Mall/04 GIS/Interim Nodes and Edges_01/E3.geojson" }, "geometry": { "type": "MultiLineString", "coordinates": [ [ [ 103.655547738424985, 1.514181110098411 ], [ 103.655624498695062, 1.514261234066118 ] ] ] } },
{ "type": "Feature", "properties": { "edgeID": "e_3_0046", "from_n_id": "n_3_0045", "to_n_id": "n_3_0019_L", "distance": 8.669, "bidir": 1, "accessible": 1, "FloorLevel": "3", "layer": "E3", "path": "C:/Users/Stephanie/Documents/001 Tasek Mall/04 GIS/Interim Nodes and Edges_01/E3.geojson" }, "geometry": { "type": "MultiLineString", "coordinates": [ [ [ 103.655624498695062, 1.514261234066118 ], [ 103.655582900500733, 1.51430106065083 ], [ 103.655582787259547, 1.514301295395816 ], [ 103.655582678090141, 1.514301532060523 ], [ 103.655582573025086, 1.514301770574379 ], [ 103.655582472095674, 1.514302010866263 ], [ 103.655582375332031, 1.51430225286452 ], [ 103.655582282763021, 1.514302496496989 ], [ 103.655582194416198, 1.514302741691019 ], [ 103.65558211031798, 1.514302988373498 ], [ 103.655582030493377, 1.514303236470864 ], [ 103.655581954966237, 1.514303485909138 ], [ 103.655581883759055, 1.514303736613939 ], [ 103.655581816893061, 1.514303988510509 ], [ 103.655581754388223, 1.514304241523734 ], [ 103.65558169626317, 1.514304495578167 ], [ 103.655581642535225, 1.514304750598052 ], [ 103.65558159322039, 1.514305006507343 ], [ 103.655581548333402, 1.514305263229731 ], [ 103.655581507887618, 1.514305520688662 ], [ 103.655581471895147, 1.514305778807365 ], [ 103.655581440366689, 1.51430603750887 ], [ 103.655581413311609, 1.514306296716035 ], [ 103.655581390738064, 1.514306556351565 ], [ 103.655581372652719, 1.514306816338041 ], [ 103.65558135906096, 1.514307076597934 ], [ 103.65558134996688, 1.514307337053639 ], [ 103.655581345373179, 1.514307597627489 ], [ 103.655581345281192, 1.514307858241782 ], [ 103.655581349691005, 1.514308118818808 ], [ 103.655581358601253, 1.514308379280861 ], [ 103.655581372009308, 1.514308639550277 ], [ 103.655581389911163, 1.514308899549442 ], [ 103.655581412301487, 1.514309159200828 ], [ 103.655581439173602, 1.51430941842701 ], [ 103.655581470519465, 1.514309677150687 ], [ 103.655581506329753, 1.514309935294709 ], [ 103.655581546593808, 1.514310192782102 ], [ 103.655581591299594, 1.514310449536084 ], [ 103.655581640433795, 1.514310705480092 ], [ 103.65558169398173, 1.514310960537806 ], [ 103.655581751927485, 1.514311214633171 ], [ 103.65558181425375, 1.514311467690416 ], [ 103.655581880941909, 1.514311719634081 ], [ 103.655581951972138, 1.51431197038904 ], [ 103.65558202732322, 1.514312219880519 ], [ 103.655582106972702, 1.514312468034123 ], [ 103.655582190896808, 1.514312714775851 ], [ 103.655582279070529, 1.514312960032129 ], [ 103.655582371467574, 1.514313203729824 ], [ 103.655582468060388, 1.514313445796266 ], [ 103.655582568820165, 1.514313686159273 ], [ 103.655582673716893, 1.51431392474717 ], [ 103.655582782719222, 1.514314161488812 ], [ 103.655582895794709, 1.514314396313606 ], [ 103.655583012909602, 1.514314629151527 ], [ 103.655583134028987, 1.514314859933146 ], [ 103.655583259116781, 1.514315088589645 ], [ 103.655583388135625, 1.51431531505284 ], [ 103.655583521047078, 1.514315539255202 ], [ 103.655583657811519, 1.514315761129875 ], [ 103.65558379838815, 1.514315980610699 ], [ 103.655583942735035, 1.514316197632226 ], [ 103.655584090809157, 1.514316412129741 ], [ 103.655584242566363, 1.514316624039283 ], [ 103.655584397961377, 1.514316833297661 ], [ 103.6555845569479, 1.514317039842478 ], [ 103.655584719478469, 1.514317243612143 ], [ 103.65558488550468, 1.514317444545893 ], [ 103.655585054976953, 1.514317642583811 ], [ 103.655585227844824, 1.514317837666844 ], [ 103.655585404056708, 1.51431802973682 ], [ 103.655585583560068, 1.514318218736465 ], [ 103.655585766301371, 1.51431840460942 ], [ 103.655585952226133, 1.514318587300261 ], [ 103.655586141278903, 1.514318766754509 ], [ 103.655586333403321, 1.514318942918653 ], [ 103.655586528542088, 1.514319115740161 ], [ 103.655586726637011, 1.514319285167501 ], [ 103.655586927629017, 1.514319451150151 ], [ 103.655587131458205, 1.514319613638614 ] ] ] } },
{ "type": "Feature", "properties": { "edgeID": "e_3_0047", "from_n_id": "n_3_0042", "to_n_id": "n_3_0047", "distance": 19.351, "bidir": 1, "accessible": 1, "FloorLevel": "3", "layer": "E3", "path": "C:/Users/Stephanie/Documents/001 Tasek Mall/04 GIS/Interim Nodes and Edges_01/E3.geojson" }, "geometry": { "type": "MultiLineString", "coordinates": [ [ [ 103.655403976436432, 1.513880914144489 ], [ 103.655501132350054, 1.513787901934568 ], [ 103.655501388606609, 1.513787805427394 ], [ 103.655501646486968, 1.513787713343989 ], [ 103.655501905914747, 1.513787625711639 ], [ 103.655502166813051, 1.513787542556312 ], [ 103.655502429104573, 1.513787463902648 ], [ 103.655502692711579, 1.513787389773953 ], [ 103.655502957555981, 1.513787320192193 ], [ 103.655503223559293, 1.513787255177987 ], [ 103.655503490642687, 1.513787194750598 ], [ 103.655503758727036, 1.513787138927934 ], [ 103.655504027732889, 1.513787087726535 ], [ 103.655504297580535, 1.513787041161573 ], [ 103.655504568189997, 1.513786999246846 ], [ 103.655504839481125, 1.513786961994776 ], [ 103.655505111373515, 1.513786929416398 ], [ 103.65550538378659, 1.513786901521368 ], [ 103.655505656639633, 1.513786878317952 ], [ 103.655505929851813, 1.513786859813024 ], [ 103.655506203342128, 1.513786846012068 ], [ 103.65550647702959, 1.513786836919174 ], [ 103.655506750833069, 1.513786832537035 ], [ 103.655507024671437, 1.513786832866952 ], [ 103.655507298463547, 1.513786837908825 ], [ 103.655507572128286, 1.513786847661161 ], [ 103.655507845584523, 1.51378686212107 ], [ 103.655508118751285, 1.513786881284267 ], [ 103.655508391547599, 1.513786905145073 ], [ 103.655508663892618, 1.513786933696419 ], [ 103.655508935705654, 1.513786966929845 ], [ 103.655509206906174, 1.513787004835502 ], [ 103.655509477413801, 1.513787047402158 ], [ 103.655509747148372, 1.5137870946172 ], [ 103.655510016029979, 1.513787146466638 ], [ 103.655510283978955, 1.513787202935106 ], [ 103.655510550915864, 1.513787264005874 ], [ 103.655510816761634, 1.513787329660845 ], [ 103.655511081437496, 1.513787399880563 ], [ 103.655511344864991, 1.513787474644221 ], [ 103.655511606966101, 1.513787553929666 ], [ 103.655511867663122, 1.513787637713403 ], [ 103.655512126878861, 1.513787725970606 ], [ 103.655512384536436, 1.513787818675123 ], [ 103.655512640559536, 1.513787915799485 ], [ 103.655512894872288, 1.51378801731491 ], [ 103.655513147399361, 1.513788123191318 ], [ 103.655513398065892, 1.513788233397337 ], [ 103.655513646797615, 1.513788347900309 ], [ 103.655513893520848, 1.513788466666306 ], [ 103.655514138162445, 1.513788589660136 ], [ 103.655514380649933, 1.513788716845353 ], [ 103.655514620911475, 1.513788848184268 ], [ 103.655514858875847, 1.513788983637965 ], [ 103.655515094472548, 1.513789123166307 ], [ 103.655515327631761, 1.513789266727948 ], [ 103.655515558284421, 1.513789414280348 ], [ 103.655515786362145, 1.513789565779785 ], [ 103.655516011797374, 1.513789721181367 ], [ 103.655516234523304, 1.513789880439045 ], [ 103.655516454473926, 1.513790043505629 ], [ 103.655516671584095, 1.513790210332799 ], [ 103.655516885789453, 1.513790380871121 ], [ 103.65551709702649, 1.513790555070061 ], [ 103.655517305232692, 1.513790732878001 ], [ 103.6555175103463, 1.513790914242257 ], [ 103.655532978939902, 1.513807060107971 ] ] ] } },
{ "type": "Feature", "properties": { "edgeID": "e_3_0048", "from_n_id": "n_3_0047", "to_n_id": "n_3_0017_L", "distance": 7.159, "bidir": 1, "accessible": 1, "FloorLevel": "3", "layer": "E3", "path": "C:/Users/Stephanie/Documents/001 Tasek Mall/04 GIS/Interim Nodes and Edges_01/E3.geojson" }, "geometry": { "type": "MultiLineString", "coordinates": [ [ [ 103.655532978939902, 1.513807060107971 ], [ 103.6555615413954, 1.51377971625589 ], [ 103.655561641453659, 1.513779619936886 ], [ 103.65556173982209, 1.513779521893885 ], [ 103.655561836470923, 1.513779422156509 ], [ 103.655561931370968, 1.513779320754892 ], [ 103.655562024493562, 1.513779217719672 ], [ 103.655562115810554, 1.513779113081979 ], [ 103.655562205294402, 1.513779006873429 ], [ 103.655562292917992, 1.51377889912611 ], [ 103.655562378654906, 1.513778789872578 ], [ 103.655562462479224, 1.513778679145841 ], [ 103.655562544365608, 1.513778566979354 ], [ 103.655562624289331, 1.513778453407007 ], [ 103.655562702226248, 1.513778338463114 ], [ 103.655562778152799, 1.513778222182404 ], [ 103.65556285204606, 1.51377810460001 ], [ 103.655562923883693, 1.513777985751457 ], [ 103.655562993643997, 1.513777865672654 ], [ 103.655563061305898, 1.513777744399881 ], [ 103.655563126848932, 1.51377762196978 ], [ 103.655563190253318, 1.51377749841934 ], [ 103.655563251499913, 1.513777373785892 ], [ 103.655563310570173, 1.51377724810709 ], [ 103.655563367446263, 1.513777121420908 ], [ 103.65556342211103, 1.51377699376562 ], [ 103.655563474547904, 1.513776865179799 ], [ 103.655563524741112, 1.513776735702294 ], [ 103.655563572675419, 1.513776605372224 ], [ 103.655563618336402, 1.513776474228967 ], [ 103.655563661710204, 1.513776342312146 ], [ 103.655563702783766, 1.513776209661618 ], [ 103.655563741544654, 1.513776076317462 ], [ 103.655563777981172, 1.513775942319965 ], [ 103.65556381208232, 1.513775807709614 ], [ 103.655563843837754, 1.513775672527079 ], [ 103.655563873237909, 1.513775536813204 ], [ 103.655563900273904, 1.513775400608993 ], [ 103.655563924937567, 1.513775263955598 ], [ 103.655563947221466, 1.513775126894306 ], [ 103.655563967118837, 1.513774989466531 ], [ 103.655563984623655, 1.513774851713792 ], [ 103.655563999730674, 1.513774713677711 ], [ 103.65556401243532, 1.513774575399993 ], [ 103.655564022733714, 1.513774436922416 ], [ 103.655564030622784, 1.513774298286821 ], [ 103.655564036100145, 1.513774159535094 ], [ 103.655564039164133, 1.513774020709157 ], [ 103.655564039813839, 1.513773881850954 ], [ 103.655564038049036, 1.513773743002439 ], [ 103.655564033870277, 1.513773604205564 ], [ 103.655564027278814, 1.513773465502264 ], [ 103.65556401827665, 1.513773326934447 ], [ 103.655564006866513, 1.513773188543978 ], [ 103.655563993051814, 1.513773050372672 ], [ 103.655563976836746, 1.513772912462275 ], [ 103.655563958226239, 1.513772774854452 ], [ 103.655563937225864, 1.513772637590783 ], [ 103.655563913842016, 1.513772500712739 ], [ 103.655563888081701, 1.513772364261675 ], [ 103.655563859952778, 1.51377222827882 ], [ 103.655563829463659, 1.513772092805257 ], [ 103.655563796623639, 1.513771957881918 ], [ 103.655563761442593, 1.51377182354957 ], [ 103.655563723931152, 1.513771689848798 ], [ 103.655563684100656, 1.513771556819999 ], [ 103.655563641963141, 1.513771424503364 ], [ 103.655563597531341, 1.513771292938873 ], [ 103.655563550818684, 1.513771162166275 ], [ 103.655563501839268, 1.513771032225082 ], [ 103.655563450607914, 1.513770903154554 ], [ 103.655563397140071, 1.513770774993687 ], [ 103.655563341451924, 1.513770647781203 ], [ 103.655563283560269, 1.513770521555539 ], [ 103.655563223482616, 1.513770396354832 ], [ 103.655563161237112, 1.513770272216908 ], [ 103.65556309684257, 1.513770149179275 ], [ 103.655563030318447, 1.513770027279108 ], [ 103.655562961684808, 1.513769906553236 ], [ 103.655562890962457, 1.513769787038136 ], [ 103.655562818172697, 1.513769668769916 ], [ 103.655562743337541, 1.513769551784311 ], [ 103.655562666479625, 1.513769436116666 ], [ 103.655562587622143, 1.513769321801928 ], [ 103.655562506788939, 1.513769208874636 ], [ 103.655562424004401, 1.513769097368909 ], [ 103.655562339293567, 1.513768987318438 ], [ 103.655562252682046, 1.513768878756473 ], [ 103.65556216419597, 1.513768771715814 ], [ 103.655562073862114, 1.513768666228802 ], [ 103.655561981707734, 1.513768562327309 ], [ 103.655561887760697, 1.513768460042727 ], [ 103.655561792049383, 1.513768359405959 ], [ 103.655561694602696, 1.513768260447413 ], [ 103.655561595450095, 1.513768163196987 ], [ 103.655561494621537, 1.513768067684063 ], [ 103.655561392147476, 1.513767973937501 ], [ 103.655553209574592, 1.513759433355223 ] ] ] } },
{ "type": "Feature", "properties": { "edgeID": "e_3_0049", "from_n_id": "n_3_0047", "to_n_id": "n_3_0058", "distance": 21.722, "bidir": 1, "accessible": 1, "FloorLevel": "3", "layer": "E3", "path": "C:/Users/Stephanie/Documents/001 Tasek Mall/04 GIS/Interim Nodes and Edges_01/E3.geojson" }, "geometry": { "type": "MultiLineString", "coordinates": [ [ [ 103.655532978939902, 1.513807060107971 ], [ 103.655532978939902, 1.513807060107971 ], [ 103.655590347467992, 1.513866940440933 ], [ 103.655594274590655, 1.513863183022043 ], [ 103.655668629261143, 1.513940798896276 ] ] ] } },
{ "type": "Feature", "properties": { "edgeID": "e_3_0050", "from_n_id": "n_3_0058", "to_n_id": "n_3_0046", "distance": 49.853, "bidir": 1, "accessible": 1, "FloorLevel": "3", "layer": "E3", "path": "C:/Users/Stephanie/Documents/001 Tasek Mall/04 GIS/Interim Nodes and Edges_01/E3.geojson" }, "geometry": { "type": "MultiLineString", "coordinates": [ [ [ 103.655668629261129, 1.513940798896276 ], [ 103.655737779842624, 1.514012982427087 ], [ 103.655733070490854, 1.514017405492719 ], [ 103.655867977935671, 1.514160656403335 ], [ 103.655761594768308, 1.514260778917456 ], [ 103.655761483440159, 1.514260883693952 ] ] ] } },
{ "type": "Feature", "properties": { "edgeID": "e_3_0051", "from_n_id": "n_3_0058", "to_n_id": "n_3_0048", "distance": 2.468, "bidir": 1, "accessible": 1, "FloorLevel": "3", "layer": "E3", "path": "C:/Users/Stephanie/Documents/001 Tasek Mall/04 GIS/Interim Nodes and Edges_01/E3.geojson" }, "geometry": { "type": "MultiLineString", "coordinates": [ [ [ 103.655668629261129, 1.513940798896276 ], [ 103.655668865520454, 1.513940527544316 ], [ 103.655669097023207, 1.51394025212595 ], [ 103.655669323699357, 1.513939972724484 ], [ 103.65566954548035, 1.513939689424435 ], [ 103.655669762299098, 1.513939402311497 ], [ 103.655669974090003, 1.513939111472516 ], [ 103.655670180789016, 1.513938816995465 ], [ 103.655670382333611, 1.51393851896942 ], [ 103.655670578662821, 1.513938217484529 ], [ 103.655670769717247, 1.513937912631987 ], [ 103.655670955439135, 1.513937604504005 ], [ 103.65567113577228, 1.513937293193788 ], [ 103.655671310662115, 1.513936978795502 ], [ 103.655671480055801, 1.513936661404248 ], [ 103.655671643902025, 1.513936341116031 ], [ 103.655671802151275, 1.513936018027733 ], [ 103.655671954755675, 1.513935692237084 ], [ 103.655672101669055, 1.513935363842629 ], [ 103.655672242846975, 1.513935032943703 ], [ 103.655672378246734, 1.513934699640398 ], [ 103.655672507827376, 1.513934364033531 ], [ 103.65567263154972, 1.513934026224619 ], [ 103.655672749376322, 1.513933686315844 ], [ 103.655672861271555, 1.513933344410021 ], [ 103.655672967201554, 1.513933000610575 ], [ 103.655673067134288, 1.513932655021495 ], [ 103.655673161039545, 1.51393230774732 ], [ 103.655673248888888, 1.513931958893093 ], [ 103.655673330655759, 1.513931608564337 ], [ 103.655673406315444, 1.51393125686702 ], [ 103.655673475845035, 1.513930903907526 ], [ 103.6556735392235, 1.513930549792619 ], [ 103.655673596431654, 1.513930194629413 ], [ 103.655673647452232, 1.513929838525339 ], [ 103.655673692269787, 1.513929481588114 ], [ 103.655673730870745, 1.513929123925704 ], [ 103.655673763243456, 1.513928765646297 ], [ 103.655673789378099, 1.513928406858267 ], [ 103.655673809266773, 1.513928047670141 ], [ 103.655673822903495, 1.513927688190568 ], [ 103.655673830284101, 1.513927328528284 ], [ 103.655673831406375, 1.513926968792082 ], [ 103.655673826269975, 1.513926609090776 ], [ 103.655673814876465, 1.51392624953317 ], [ 103.655673797229269, 1.513925890228023 ], [ 103.655673773333746, 1.513925531284022 ], [ 103.655673743197099, 1.513925172809739 ], [ 103.655673706828495, 1.513924814913608 ], [ 103.655673664238876, 1.513924457703886 ], [ 103.65567361544116, 1.513924101288624 ], [ 103.655673560450097, 1.513923745775632 ], [ 103.655673499282315, 1.513923391272446 ], [ 103.655673431956345, 1.513923037886298 ], [ 103.655673358492507, 1.513922685724082 ], [ 103.655673278913042, 1.51392233489232 ], [ 103.655673193242038, 1.513921985497135 ], [ 103.655673101505386, 1.513921637644212 ], [ 103.655673003730854, 1.51392129143877 ], [ 103.655672899948001, 1.513920946985533 ], [ 103.655672790188234, 1.513920604388691 ], [ 103.655672674484734, 1.513920263751874 ], [ 103.655672552872531, 1.513919925178121 ] ] ] } },
{ "type": "Feature", "properties": { "edgeID": "e_3_0052", "from_n_id": "n_3_0058", "to_n_id": "n_3_0050", "distance": 2.223, "bidir": 1, "accessible": 1, "FloorLevel": "3", "layer": "E3", "path": "C:/Users/Stephanie/Documents/001 Tasek Mall/04 GIS/Interim Nodes and Edges_01/E3.geojson" }, "geometry": { "type": "MultiLineString", "coordinates": [ [ [ 103.655668629261129, 1.513940798896276 ], [ 103.65566886946435, 1.513940567968768 ], [ 103.655669113655577, 1.513940341259503 ], [ 103.655669361760701, 1.513940118837295 ], [ 103.655669613704433, 1.513939900769653 ], [ 103.655669869410289, 1.513939687122766 ], [ 103.655670128800608, 1.513939477961483 ], [ 103.655670391796733, 1.513939273349289 ], [ 103.655670658318812, 1.513939073348288 ], [ 103.655670928285915, 1.513938878019187 ], [ 103.655671201616144, 1.513938687421273 ], [ 103.655671478226509, 1.513938501612397 ], [ 103.65567175803308, 1.513938320648957 ], [ 103.65567204095089, 1.51393814458588 ], [ 103.655672326894106, 1.513937973476605 ], [ 103.655672615775899, 1.513937807373068 ], [ 103.655672907508617, 1.513937646325687 ], [ 103.655673202003683, 1.513937490383343 ], [ 103.655673499171741, 1.513937339593369 ], [ 103.655673798922564, 1.513937194001532 ], [ 103.655674101165204, 1.513937053652026 ], [ 103.6556744058079, 1.513936918587448 ], [ 103.655674712758184, 1.513936788848795 ], [ 103.655675021922889, 1.513936664475445 ], [ 103.655675333208194, 1.513936545505149 ], [ 103.655675646519569, 1.513936431974017 ], [ 103.655675961761972, 1.51393632391651 ], [ 103.655676278839692, 1.513936221365424 ], [ 103.655676597656495, 1.513936124351888 ], [ 103.655676918115603, 1.513936032905347 ], [ 103.655677240119758, 1.513935947053558 ], [ 103.655677563571203, 1.513935866822578 ], [ 103.655677888371812, 1.51393579223676 ], [ 103.655678214422949, 1.513935723318744 ], [ 103.655678541625647, 1.513935660089446 ], [ 103.655678869880632, 1.513935602568059 ], [ 103.65567919908824, 1.513935550772042 ], [ 103.655679529148557, 1.513935504717116 ], [ 103.65567985996141, 1.513935464417261 ], [ 103.655680191426356, 1.513935429884707 ], [ 103.655680523442854, 1.513935401129938 ], [ 103.655680855910049, 1.513935378161681 ], [ 103.655681188727058, 1.513935360986906 ], [ 103.6556815217929, 1.513935349610827 ], [ 103.655681855006421, 1.513935344036898 ], [ 103.655682188266553, 1.513935344266808 ], [ 103.655682521472073, 1.513935350300491 ], [ 103.655682854521871, 1.513935362136113 ], [ 103.655683187314864, 1.513935379770082 ], [ 103.655683519750028, 1.513935403197046 ], [ 103.655683851726494, 1.513935432409895 ], [ 103.655684183143464, 1.51393546739976 ], [ 103.655684513900354, 1.513935508156022 ], [ 103.655684843896765, 1.513935554666312 ], [ 103.655685173032538, 1.51393560691651 ], [ 103.65568550120777, 1.513935664890759 ], [ 103.655685828322873, 1.513935728571461 ], [ 103.655686154278541, 1.513935797939287 ], [ 103.655686478975838, 1.513935872973184 ], [ 103.655686802316211, 1.513935953650375 ], [ 103.655687124201521, 1.51393603994638 ] ] ] } },
{ "type": "Feature", "properties": { "edgeID": "e_3_0053", "from_n_id": "n_3_0058", "to_n_id": "n_3_0049", "distance": 3.102, "bidir": 1, "accessible": 1, "FloorLevel": "3", "layer": "E3", "path": "C:/Users/Stephanie/Documents/001 Tasek Mall/04 GIS/Interim Nodes and Edges_01/E3.geojson" }, "geometry": { "type": "MultiLineString", "coordinates": [ [ [ 103.655668629261129, 1.513940798896276 ], [ 103.655689204082194, 1.513921864862986 ] ] ] } },
{ "type": "Feature", "properties": { "edgeID": "e_3_0054", "from_n_id": "n_3_0014", "to_n_id": "n_3_0054", "distance": 11.846, "bidir": 1, "accessible": 1, "FloorLevel": "3", "layer": "E3", "path": "C:/Users/Stephanie/Documents/001 Tasek Mall/04 GIS/Interim Nodes and Edges_01/E3.geojson" }, "geometry": { "type": "MultiLineString", "coordinates": [ [ [ 103.654290259083226, 1.514345804530117 ], [ 103.654255588118772, 1.514378736163709 ], [ 103.654251395292803, 1.514382718649044 ], [ 103.65424888849266, 1.514385099691074 ], [ 103.654226580541518, 1.514406288523708 ], [ 103.654226478873582, 1.514406513168709 ], [ 103.654226381097445, 1.514406739533521 ], [ 103.654226287242182, 1.514406967550777 ], [ 103.654226197335745, 1.514407197152615 ], [ 103.654226111404881, 1.514407428270704 ], [ 103.654226029475183, 1.51440766083626 ], [ 103.654225951571021, 1.514407894780068 ], [ 103.654225877715575, 1.514408130032505 ], [ 103.654225807930843, 1.514408366523555 ], [ 103.654225742237571, 1.514408604182836 ], [ 103.654225680655316, 1.514408842939619 ], [ 103.654225623202422, 1.514409082722845 ], [ 103.654225569895971, 1.514409323461152 ], [ 103.654225520751822, 1.514409565082894 ], [ 103.654225475784642, 1.514409807516161 ], [ 103.65422543500776, 1.514410050688802 ], [ 103.65422539843334, 1.514410294528445 ], [ 103.654225366072268, 1.514410538962522 ], [ 103.654225337934164, 1.514410783918284 ], [ 103.654225314027428, 1.514411029322831 ], [ 103.654225294359136, 1.514411275103128 ], [ 103.654225278935158, 1.514411521186025 ], [ 103.654225267760083, 1.514411767498287 ], [ 103.654225260837251, 1.514412013966608 ], [ 103.654225258168722, 1.514412260517635 ], [ 103.654225259755265, 1.514412507077993 ], [ 103.654225265596423, 1.5144127535743 ], [ 103.654225275690465, 1.514412999933199 ], [ 103.654225290034361, 1.514413246081369 ], [ 103.654225308623865, 1.514413491945551 ], [ 103.654225331453461, 1.514413737452576 ], [ 103.654225358516314, 1.514413982529377 ], [ 103.654225389804424, 1.514414227103016 ], [ 103.654225425308397, 1.514414471100704 ], [ 103.654225465017745, 1.514414714449826 ], [ 103.654225508920604, 1.514414957077956 ], [ 103.654225557003926, 1.514415198912887 ], [ 103.654225609253402, 1.514415439882645 ], [ 103.654225665653485, 1.514415679915515 ], [ 103.654225726187363, 1.514415918940059 ], [ 103.65422579083706, 1.514416156885141 ], [ 103.654225859583306, 1.514416393679946 ], [ 103.654225932405652, 1.514416629254 ], [ 103.654226009282425, 1.514416863537194 ], [ 103.654226090190747, 1.514417096459801 ], [ 103.65422617510653, 1.514417327952503 ], [ 103.654226264004507, 1.514417557946403 ], [ 103.654226356858231, 1.514417786373052 ], [ 103.654226453640049, 1.514418013164468 ], [ 103.654226554321156, 1.514418238253155 ], [ 103.654226658871622, 1.514418461572123 ], [ 103.654226767260312, 1.51441868305491 ], [ 103.654226879454939, 1.5144189026356 ], [ 103.65422699542215, 1.514419120248843 ], [ 103.654227115127441, 1.514419335829875 ], [ 103.654227238535142, 1.514419549314536 ], [ 103.654227365608534, 1.514419760639291 ], [ 103.654227496309829, 1.514419969741246 ], [ 103.654227630600118, 1.51442017655817 ], [ 103.654227768439441, 1.514420381028512 ], [ 103.654227909786741, 1.514420583091418 ], [ 103.654228054599983, 1.514420782686754 ], [ 103.654228202836066, 1.514420979755116 ], [ 103.654228354450851, 1.514421174237854 ], [ 103.654228509399232, 1.514421366077088 ], [ 103.654228667635095, 1.514421555215725 ], [ 103.654228829111361, 1.514421741597474 ], [ 103.654228993779952, 1.514421925166865 ], [ 103.654229161591857, 1.514422105869267 ], [ 103.654229332497138, 1.514422283650899 ], [ 103.654229506444935, 1.514422458458853 ], [ 103.654229683383491, 1.514422630241101 ], [ 103.654229863260142, 1.514422798946522 ], [ 103.654230046021311, 1.514422964524905 ], [ 103.654230231612686, 1.514423126926972 ], [ 103.654230419978958, 1.51442328610439 ], [ 103.654230611064122, 1.514423442009787 ] ] ] } },
{ "type": "Feature", "properties": { "edgeID": "e_3_0055", "from_n_id": "n_3_0014", "to_n_id": "n_3_0055", "distance": 13.394, "bidir": 1, "accessible": 1, "FloorLevel": "3", "layer": "E3", "path": "C:/Users/Stephanie/Documents/001 Tasek Mall/04 GIS/Interim Nodes and Edges_01/E3.geojson" }, "geometry": { "type": "MultiLineString", "coordinates": [ [ [ 103.654290259083226, 1.514345804530117 ], [ 103.654255588118772, 1.514378736163709 ], [ 103.654251395292803, 1.514382718649044 ], [ 103.65424888849266, 1.514385099691074 ], [ 103.654216093606436, 1.514416249362754 ], [ 103.654216012288273, 1.514416428172812 ], [ 103.654215934095845, 1.514416608370693 ], [ 103.654215859052854, 1.514416789901802 ], [ 103.654215787182025, 1.514416972711138 ], [ 103.654215718505142, 1.514417156743312 ], [ 103.654215653043011, 1.514417341942565 ], [ 103.65421559081544, 1.514417528252785 ], [ 103.654215531841345, 1.514417715617522 ], [ 103.654215476138518, 1.514417903980007 ], [ 103.654215423723898, 1.514418093283171 ], [ 103.654215374613344, 1.514418283469656 ], [ 103.654215328821721, 1.51441847448184 ], [ 103.654215286362927, 1.514418666261847 ], [ 103.654215247249809, 1.514418858751573 ], [ 103.654215211494247, 1.514419051892695 ], [ 103.654215179107027, 1.514419245626695 ], [ 103.654215150097997, 1.514419439894874 ], [ 103.65421512447594, 1.514419634638372 ], [ 103.6542151022486, 1.514419829798184 ], [ 103.654215083422727, 1.514420025315181 ], [ 103.654215068004035, 1.514420221130123 ], [ 103.654215055997199, 1.514420417183681 ], [ 103.654215047405813, 1.514420613416455 ], [ 103.654215042232522, 1.514420809768988 ], [ 103.654215040478888, 1.514421006181788 ], [ 103.654215042145438, 1.514421202595347 ], [ 103.654215047231659, 1.514421398950154 ], [ 103.654215055736017, 1.514421595186714 ], [ 103.654215067655954, 1.514421791245574 ], [ 103.654215082987804, 1.514421987067329 ], [ 103.654215101726976, 1.514422182592647 ], [ 103.654215123867758, 1.514422377762289 ], [ 103.654215149403484, 1.514422572517121 ], [ 103.654215178326368, 1.514422766798134 ], [ 103.654215210627669, 1.514422960546465 ], [ 103.654215246297611, 1.514423153703411 ], [ 103.654215285325364, 1.514423346210448 ], [ 103.654215327699134, 1.51442353800925 ], [ 103.654215373406046, 1.514423729041704 ], [ 103.654215422432259, 1.514423919249932 ], [ 103.65421547476295, 1.5144241085763 ], [ 103.654215530382217, 1.514424296963449 ], [ 103.65421558927325, 1.514424484354298 ], [ 103.654215651418184, 1.514424670692071 ], [ 103.654215716798191, 1.514424855920312 ], [ 103.654215785393475, 1.514425039982898 ], [ 103.65421585718326, 1.514425222824061 ], [ 103.654215932145732, 1.514425404388403 ], [ 103.654216010258267, 1.514425584620912 ], [ 103.654216091497133, 1.514425763466982 ], [ 103.654216175837746, 1.514425940872425 ], [ 103.654216263254526, 1.514426116783489 ], [ 103.654216353721026, 1.514426291146877 ], [ 103.654216447209819, 1.514426463909757 ], [ 103.65421654369257, 1.514426635019787 ], [ 103.65421664314006, 1.514426804425121 ], [ 103.654216745522135, 1.514426972074435 ], [ 103.654216850807799, 1.514427137916931 ], [ 103.654216958965137, 1.514427301902362 ], [ 103.654217069961391, 1.514427463981042 ], [ 103.654217183762924, 1.514427624103866 ], [ 103.654217300335247, 1.514427782222317 ], [ 103.654217419643061, 1.514427938288489 ], [ 103.654217541650198, 1.514428092255095 ], [ 103.65421766631971, 1.514428244075486 ], [ 103.654217793613824, 1.514428393703664 ], [ 103.654217923493931, 1.514428541094292 ], [ 103.654218055920737, 1.514428686202714 ], [ 103.654218190854067, 1.514428828984963 ], [ 103.65421832825308, 1.51442896939778 ], [ 103.654218468076124, 1.514429107398622 ], [ 103.65421861028085, 1.514429242945675 ], [ 103.654218754824157, 1.514429375997871 ], [ 103.654218901662261, 1.514429506514898 ], [ 103.654219050750655, 1.514429634457211 ], [ 103.654219202044189, 1.514429759786045 ], [ 103.654219355497005, 1.514429882463427 ], [ 103.654219511062621, 1.51443000245219 ], [ 103.654219668693912, 1.514430119715976 ], [ 103.654219828343102, 1.514430234219257 ], [ 103.654219989961817, 1.514430345927341 ], [ 103.6542201535011, 1.514430454806382 ], [ 103.654220318911385, 1.514430560823391 ], [ 103.654220486142577, 1.514430663946246 ], [ 103.654220655144002, 1.514430764143703 ], [ 103.654220825864456, 1.514430861385403 ], [ 103.6542209982522, 1.514430955641884 ], [ 103.654221172255006, 1.514431046884587 ], [ 103.654221347820155, 1.514431135085868 ], [ 103.654221524894453, 1.514431220219003 ], [ 103.654221703424284, 1.514431302258196 ], [ 103.654221883355504, 1.514431381178593 ], [ 103.654222064633615, 1.514431456956281 ], [ 103.65422224720372, 1.514431529568301 ] ] ] } },
{ "type": "Feature", "properties": { "edgeID": "e_3_0056", "from_n_id": "n_3_0014", "to_n_id": "n_3_0056", "distance": 12.763, "bidir": 1, "accessible": 1, "FloorLevel": "3", "layer": "E3", "path": "C:/Users/Stephanie/Documents/001 Tasek Mall/04 GIS/Interim Nodes and Edges_01/E3.geojson" }, "geometry": { "type": "MultiLineString", "coordinates": [ [ [ 103.654290259083226, 1.514345804530117 ], [ 103.654255588118772, 1.514378736163709 ], [ 103.654251395292803, 1.514382718649044 ], [ 103.654251338673475, 1.514383068558458 ], [ 103.654251288077148, 1.514383419388774 ], [ 103.654251243518829, 1.514383771036398 ], [ 103.654251205011633, 1.514384123397491 ], [ 103.654251172566944, 1.514384476368008 ], [ 103.654251146194341, 1.514384829843722 ], [ 103.654251125901609, 1.514385183720256 ], [ 103.654251111694734, 1.514385537893116 ], [ 103.654251103577948, 1.514385892257719 ], [ 103.654251101553584, 1.514386246709428 ], [ 103.654251105622293, 1.514386601143576 ], [ 103.654251115782856, 1.514386955455506 ], [ 103.654251132032272, 1.514387309540593 ], [ 103.654251154365753, 1.514387663294283 ], [ 103.654251182776662, 1.514388016612116 ], [ 103.654251217256657, 1.514388369389763 ], [ 103.654251257795536, 1.514388721523054 ], [ 103.654251304381361, 1.514389072908009 ], [ 103.654251357000319, 1.51438942344087 ], [ 103.654251415636921, 1.514389773018128 ], [ 103.654251480273814, 1.514390121536559 ], [ 103.654251550891942, 1.514390468893251 ], [ 103.654251627470444, 1.514390814985633 ], [ 103.65425170998671, 1.514391159711511 ], [ 103.654251798416354, 1.514391502969091 ], [ 103.654251892733285, 1.514391844657015 ], [ 103.65425199290965, 1.514392184674388 ], [ 103.654252098915862, 1.514392522920806 ], [ 103.654252210720614, 1.51439285929639 ], [ 103.654252328290923, 1.514393193701815 ], [ 103.654252451592015, 1.514393526038334 ], [ 103.654252580587539, 1.514393856207814 ], [ 103.65425271523938, 1.514394184112761 ], [ 103.654252855507778, 1.514394509656349 ], [ 103.654253001351307, 1.514394832742449 ], [ 103.654253152726909, 1.514395153275659 ], [ 103.654253309589876, 1.51439547116133 ], [ 103.654253471893909, 1.514395786305596 ], [ 103.654253639591076, 1.514396098615399 ], [ 103.654253812631836, 1.514396407998518 ], [ 103.654253990965103, 1.514396714363597 ], [ 103.654254174538252, 1.51439701762017 ], [ 103.654254363297028, 1.514397317678691 ], [ 103.654254557185709, 1.514397614450557 ], [ 103.65425475614704, 1.514397907848134 ], [ 103.654254960122302, 1.514398197784788 ], [ 103.65425516905124, 1.514398484174904 ], [ 103.654255382872151, 1.514398766933916 ], [ 103.654255601521896, 1.514399045978328 ], [ 103.65425582493593, 1.514399321225743 ], [ 103.654256053048272, 1.514399592594884 ], [ 103.654256285791547, 1.514399860005621 ], [ 103.654256523097089, 1.514400123378989 ], [ 103.654256764894754, 1.514400382637221 ], [ 103.654257011113174, 1.514400637703759 ], [ 103.654257261679632, 1.514400888503287 ], [ 103.654257516520161, 1.514401134961747 ], [ 103.654287290551551, 1.514429727862745 ] ] ] } },
{ "type": "Feature", "properties": { "edgeID": "e_3_0057", "from_n_id": "n_3_0014", "to_n_id": "n_3_0057", "distance": 8.711, "bidir": 1, "accessible": 1, "FloorLevel": "3", "layer": "E3", "path": "C:/Users/Stephanie/Documents/001 Tasek Mall/04 GIS/Interim Nodes and Edges_01/E3.geojson" }, "geometry": { "type": "MultiLineString", "coordinates": [ [ [ 103.654290259083226, 1.514345804530117 ], [ 103.654255588118772, 1.514378736163709 ], [ 103.654255491804008, 1.514378942156497 ], [ 103.654255399078053, 1.514379149788359 ], [ 103.654255309968818, 1.514379358996817 ], [ 103.654255224503132, 1.51437956971892 ], [ 103.654255142706702, 1.514379781891265 ], [ 103.654255064604129, 1.514379995450007 ], [ 103.654254990218945, 1.514380210330889 ], [ 103.654254919573489, 1.514380426469255 ], [ 103.65425485268905, 1.514380643800068 ], [ 103.654254789585735, 1.514380862257936 ], [ 103.654254730282545, 1.514381081777125 ], [ 103.654254674797315, 1.514381302291583 ], [ 103.654254623146741, 1.514381523734958 ], [ 103.654254575346386, 1.514381746040619 ], [ 103.654254531410587, 1.514381969141676 ], [ 103.654254491352589, 1.514382192970998 ], [ 103.654254455184471, 1.514382417461235 ], [ 103.654254422917077, 1.51438264254484 ], [ 103.654254394560127, 1.514382868154086 ], [ 103.654254370122175, 1.514383094221089 ], [ 103.65425434961054, 1.514383320677825 ], [ 103.654254333031417, 1.514383547456156 ], [ 103.654254320389782, 1.514383774487844 ], [ 103.654254311689442, 1.514384001704577 ], [ 103.654254306933041, 1.514384229037985 ], [ 103.654254306121956, 1.514384456419668 ], [ 103.654254309256487, 1.514384683781204 ], [ 103.654254316335638, 1.514384911054183 ], [ 103.654254327357336, 1.514385138170219 ], [ 103.654254342318211, 1.514385365060974 ], [ 103.654254361213802, 1.514385591658178 ], [ 103.65425438403841, 1.514385817893648 ], [ 103.654254410785143, 1.514386043699312 ], [ 103.654254441446, 1.514386269007225 ], [ 103.654254476011715, 1.514386493749593 ], [ 103.654254514471901, 1.514386717858794 ], [ 103.65425455681499, 1.514386941267391 ], [ 103.654254603028235, 1.514387163908165 ], [ 103.654254653097752, 1.514387385714121 ], [ 103.654254707008434, 1.514387606618522 ], [ 103.654254764744081, 1.514387826554896 ], [ 103.654254826287328, 1.514388045457067 ], [ 103.654254891619644, 1.514388263259168 ], [ 103.654254960721389, 1.514388479895663 ], [ 103.654255033571758, 1.514388695301367 ], [ 103.654255110148824, 1.514388909411466 ], [ 103.654255190429552, 1.514389122161534 ], [ 103.654255274389811, 1.514389333487557 ], [ 103.654255362004292, 1.514389543325947 ], [ 103.654255453246648, 1.514389751613566 ], [ 103.654255548089452, 1.514389958287739 ], [ 103.654255646504126, 1.51439016328628 ], [ 103.654255748461068, 1.514390366547506 ], [ 103.654255853929627, 1.514390568010257 ], [ 103.65425596287804, 1.514390767613912 ], [ 103.654256075273537, 1.514390965298413 ], [ 103.654256191082297, 1.514391161004276 ], [ 103.654256310269474, 1.514391354672616 ], [ 103.654256432799201, 1.514391546245158 ], [ 103.654256558634614, 1.514391735664258 ], [ 103.654256687737828, 1.514391922872923 ], [ 103.654256820070032, 1.51439210781482 ], [ 103.654256955591393, 1.514392290434302 ], [ 103.654257094261141, 1.51439247067642 ], [ 103.654257236037523, 1.51439264848694 ], [ 103.654257380877908, 1.514392823812358 ], [ 103.654257528738697, 1.514392996599922 ], [ 103.654257679575409, 1.514393166797639 ], [ 103.654257833342655, 1.514393334354298 ], [ 103.654257989994179, 1.514393499219483 ], [ 103.654258149482814, 1.514393661343585 ], [ 103.6542583117606, 1.514393820677822 ], [ 103.654258476778693, 1.514393977174252 ], [ 103.654258644487456, 1.514394130785786 ], [ 103.65425881483641, 1.514394281466201 ], [ 103.654258987774298, 1.51439442917016 ], [ 103.654259163249094, 1.514394573853219 ], [ 103.654259341208004, 1.514394715471844 ], [ 103.654259521597453, 1.514394853983421 ], [ 103.654259704363199, 1.514394989346275 ], [ 103.654259889450231, 1.514395121519673 ], [ 103.654260076802828, 1.514395250463847 ], [ 103.654260266364673, 1.514395376139997 ], [ 103.654260458078696, 1.514395498510309 ], [ 103.654260651887199, 1.51439561753796 ], [ 103.654260847731877, 1.514395733187138 ], [ 103.654261045553838, 1.514395845423043 ], [ 103.654261245293512, 1.514395954211903 ], [ 103.654261446890786, 1.514396059520985 ], [ 103.654261650285065, 1.514396161318603 ], [ 103.654261855415086, 1.514396259574124 ], [ 103.654262062219161, 1.514396354257985 ], [ 103.65426227063503, 1.514396445341697 ], [ 103.654262480600025, 1.514396532797852 ], [ 103.654262692050935, 1.514396616600134 ], [ 103.654262904924181, 1.514396696723329 ], [ 103.654263119155658, 1.514396773143328 ], [ 103.65426333468092, 1.514396845837136 ], [ 103.654263551435122, 1.51439691478288 ], [ 103.654263769353037, 1.514396979959814 ], [ 103.654263988369109, 1.514397041348328 ], [ 103.65426420841743, 1.514397098929949 ], [ 103.654264429431777, 1.514397152687351 ], [ 103.654264651345684, 1.51439720260436 ], [ 103.65426487409232, 1.514397248665955 ], [ 103.654265097604707, 1.514397290858277 ], [ 103.654265321815586, 1.514397329168629 ], [ 103.65426554665747, 1.514397363585486 ], [ 103.654265772062715, 1.514397394098491 ], [ 103.65426599796352, 1.514397420698462 ], [ 103.654266224291888, 1.514397443377396 ], [ 103.654266450979719, 1.514397462128469 ], [ 103.654266677958816, 1.514397476946038 ], [ 103.654266905160881, 1.514397487825646 ], [ 103.654267132517532, 1.514397494764019 ], [ 103.654267359960372, 1.514397497759068 ], [ 103.654267587420961, 1.514397496809893 ], [ 103.65426781483086, 1.51439749191678 ], [ 103.654268042121643, 1.514397483081199 ], [ 103.654268269224929, 1.514397470305812 ], [ 103.654268496072376, 1.51439745359446 ], [ 103.654268722595702, 1.514397432952173 ], [ 103.654268948726781, 1.514397408385162 ], [ 103.654269174397555, 1.514397379900818 ], [ 103.654269399540112, 1.514397347507713 ], [ 103.654269624086751, 1.514397311215594 ], [ 103.654269847969843, 1.514397271035381 ], [ 103.65427007112207, 1.514397226979163 ], [ 103.654270293476259, 1.514397179060197 ], [ 103.654270514965546, 1.514397127292903 ], [ 103.654270735523241, 1.514397071692855 ], [ 103.654270955083007, 1.514397012276784 ], [ 103.654271173578749, 1.514396949062569 ], [ 103.654271390944743, 1.51439688206923 ], [ 103.654271607115589, 1.514396811316924 ] ] ] } },
{ "type": "Feature", "properties": { "edgeID": "e_3_0058", "from_n_id": "n_3_0037", "to_n_id": "n_3_0053", "distance": 16.466, "bidir": 1, "accessible": 1, "FloorLevel": "3", "layer": "E3", "path": "C:/Users/Stephanie/Documents/001 Tasek Mall/04 GIS/Interim Nodes and Edges_01/E3.geojson" }, "geometry": { "type": "MultiLineString", "coordinates": [ [ [ 103.654931724183982, 1.51433463394408 ], [ 103.655004727519255, 1.514410947226507 ], [ 103.65501254105817, 1.514419115028527 ], [ 103.655021271267614, 1.51442824106257 ], [ 103.655021503944894, 1.514428454834409 ], [ 103.655021732856497, 1.514428672631075 ], [ 103.655021957932732, 1.51442889438629 ], [ 103.655022179105146, 1.514429120032571 ], [ 103.655022396306393, 1.514429349501254 ], [ 103.655022609470407, 1.514429582722508 ], [ 103.655022818532274, 1.514429819625363 ], [ 103.655023023428427, 1.514430060137727 ], [ 103.65502322409651, 1.51443030418641 ], [ 103.655023420475416, 1.514430551697146 ], [ 103.655023612505431, 1.514430802594614 ], [ 103.655023800128092, 1.514431056802467 ], [ 103.655023983286313, 1.514431314243345 ], [ 103.655024161924345, 1.514431574838907 ], [ 103.655024335987846, 1.514431838509851 ], [ 103.655024505423839, 1.514432105175941 ], [ 103.655024670180765, 1.514432374756028 ], [ 103.655024830208475, 1.514432647168075 ], [ 103.655024985458297, 1.514432922329187 ], [ 103.655025135882966, 1.514433200155628 ], [ 103.655025281436707, 1.514433480562855 ], [ 103.655025422075227, 1.514433763465536 ], [ 103.655025557755749, 1.514434048777582 ], [ 103.655025688436965, 1.514434336412171 ], [ 103.655025814079096, 1.514434626281772 ], [ 103.655025934643945, 1.514434918298175 ], [ 103.65502605009479, 1.514435212372519 ], [ 103.655026160396503, 1.514435508415313 ], [ 103.655026265515517, 1.51443580633647 ], [ 103.655026365419872, 1.514436106045328 ], [ 103.655026460079128, 1.514436407450684 ], [ 103.655026549464523, 1.514436710460819 ], [ 103.655026633548815, 1.514437014983523 ], [ 103.655026712306423, 1.514437320926127 ], [ 103.655026785713389, 1.514437628195532 ], [ 103.655026853747387, 1.514437936698232 ], [ 103.655026916387698, 1.514438246340346 ], [ 103.65502697361525, 1.514438557027649 ], [ 103.655027025412636, 1.514438868665596 ], [ 103.655027071764124, 1.514439181159352 ], [ 103.655027112655588, 1.514439494413823 ], [ 103.655027148074566, 1.514439808333683 ], [ 103.655027178010272, 1.514440122823404 ], [ 103.655027202453667, 1.514440437787283 ], [ 103.655027221397219, 1.514440753129475 ], [ 103.655027234835217, 1.514441068754019 ], [ 103.65502724276358, 1.514441384564867 ], [ 103.655027245179866, 1.514441700465914 ], [ 103.655027242083364, 1.51444201636103 ], [ 103.655027233474982, 1.514442332154085 ], [ 103.655027219357393, 1.514442647748981 ], [ 103.655027199734832, 1.51444296304968 ], [ 103.655027174613309, 1.514443277960233 ], [ 103.655027144000456, 1.514443592384809 ], [ 103.655027107905624, 1.514443906227728 ], [ 103.655027066339741, 1.514444219393483 ], [ 103.655027019315483, 1.514444531786775 ], [ 103.655026966847146, 1.514444843312543 ], [ 103.655026908950731, 1.514445153875983 ], [ 103.655026845643803, 1.514445463382591 ] ] ] } },
{ "type": "Feature", "properties": { "edgeID": "e_3_0059", "from_n_id": "n_3_0037", "to_n_id": "n_3_0051", "distance": 14.287, "bidir": 1, "accessible": 1, "FloorLevel": "3", "layer": "E3", "path": "C:/Users/Stephanie/Documents/001 Tasek Mall/04 GIS/Interim Nodes and Edges_01/E3.geojson" }, "geometry": { "type": "MultiLineString", "coordinates": [ [ [ 103.654930920687846, 1.514333794017664 ], [ 103.655004727519255, 1.514410947226507 ], [ 103.655005055899792, 1.514411080889597 ], [ 103.655005386538676, 1.514411208868357 ], [ 103.655005719337439, 1.514411331124679 ], [ 103.655006054197017, 1.514411447622157 ], [ 103.655006391017665, 1.514411558326101 ], [ 103.655006729699096, 1.514411663203544 ], [ 103.655007070140471, 1.514411762223259 ], [ 103.655007412240394, 1.514411855355757 ], [ 103.655007755897003, 1.514411942573306 ], [ 103.655008101007965, 1.514412023849936 ], [ 103.655008447470522, 1.514412099161443 ], [ 103.655008795181459, 1.5144121684854 ], [ 103.655009144037308, 1.514412231801167 ], [ 103.655009493934131, 1.514412289089887 ], [ 103.655009844767761, 1.514412340334502 ], [ 103.655010196433722, 1.514412385519752 ], [ 103.655010548827292, 1.514412424632181 ], [ 103.655010901843553, 1.514412457660145 ], [ 103.65501125537736, 1.514412484593806 ], [ 103.655011609323452, 1.514412505425145 ], [ 103.655011963576428, 1.514412520147959 ], [ 103.655012318030785, 1.514412528757863 ], [ 103.655012672581009, 1.514412531252294 ], [ 103.655013027121484, 1.514412527630509 ], [ 103.655013381546652, 1.514412517893587 ], [ 103.655013735751012, 1.514412502044426 ], [ 103.65501408962902, 1.514412480087747 ], [ 103.655014443075331, 1.514412452030088 ], [ 103.655014795984698, 1.514412417879802 ], [ 103.655015148252033, 1.514412377647062 ], [ 103.655015499772446, 1.514412331343845 ], [ 103.655015850441245, 1.51441227898394 ], [ 103.655016200154023, 1.51441222058294 ], [ 103.655016548806614, 1.514412156158234 ], [ 103.655016896295237, 1.514412085729008 ], [ 103.655017242516394, 1.514412009316231 ], [ 103.655017587366984, 1.514411926942661 ], [ 103.655017930744336, 1.514411838632825 ], [ 103.655018272546187, 1.514411744413019 ], [ 103.655018612670773, 1.514411644311302 ], [ 103.655018951016771, 1.51441153835748 ], [ 103.655019287483469, 1.514411426583105 ], [ 103.655019621970666, 1.51441130902146 ], [ 103.655019954378744, 1.514411185707554 ], [ 103.655020284608739, 1.514411056678105 ], [ 103.655020612562296, 1.514410921971536 ], [ 103.655020938141774, 1.514410781627961 ], [ 103.655021261250226, 1.51441063568917 ], [ 103.655021581791402, 1.51441048419862 ], [ 103.655021899669904, 1.514410327201423 ], [ 103.655022214791032, 1.514410164744328 ], [ 103.655022527060964, 1.514409996875712 ], [ 103.655022836386706, 1.514409823645563 ], [ 103.655023142676171, 1.514409645105464 ], [ 103.65502344583814, 1.514409461308582 ], [ 103.655023745782344, 1.514409272309646 ], [ 103.655024042419441, 1.514409078164937 ], [ 103.655024335661125, 1.514408878932266 ], [ 103.65502462542004, 1.514408674670962 ], [ 103.655024911609942, 1.514408465441847 ], [ 103.655025194145608, 1.514408251307227 ], [ 103.655025472942881, 1.514408032330867 ] ] ] } },
{ "type": "Feature", "properties": { "edgeID": "e_3_0060", "from_n_id": "n_3_0037", "to_n_id": "n_3_0052", "distance": 15.546, "bidir": 1, "accessible": 1, "FloorLevel": "3", "layer": "E3", "path": "C:/Users/Stephanie/Documents/001 Tasek Mall/04 GIS/Interim Nodes and Edges_01/E3.geojson" }, "geometry": { "type": "MultiLineString", "coordinates": [ [ [ 103.654930920687846, 1.514333794017664 ], [ 103.65501254105817, 1.514419115028527 ], [ 103.655013124729678, 1.514419231812737 ], [ 103.655013710325193, 1.51441933853891 ], [ 103.655014297671229, 1.514419435175441 ], [ 103.655014886593875, 1.514419521693709 ], [ 103.655015476918706, 1.514419598068091 ], [ 103.655016068470871, 1.514419664275969 ], [ 103.655016661075194, 1.514419720297732 ], [ 103.655017254556185, 1.514419766116791 ], [ 103.655017848738026, 1.514419801719575 ], [ 103.655018443444803, 1.51441982709554 ], [ 103.655019038500342, 1.51441984223717 ], [ 103.655019633728415, 1.514419847139982 ], [ 103.655020228952765, 1.514419841802523 ], [ 103.655020823997063, 1.514419826226373 ], [ 103.655021418685138, 1.514419800416148 ], [ 103.655022012840817, 1.514419764379487 ], [ 103.655022606288156, 1.514419718127068 ], [ 103.655023198851381, 1.514419661672587 ], [ 103.655023790355031, 1.514419595032762 ], [ 103.655024380623885, 1.514419518227332 ], [ 103.655024969483151, 1.514419431279042 ], [ 103.655025556758432, 1.514419334213644 ], [ 103.655026142275787, 1.514419227059885 ], [ 103.655026725861802, 1.514419109849499 ], [ 103.655027307343659, 1.514418982617201 ], [ 103.655027886549149, 1.51441884540067 ], [ 103.655028463306706, 1.514418698240546 ], [ 103.65502903744553, 1.514418541180413 ], [ 103.655029608795601, 1.514418374266784 ], [ 103.655030177187669, 1.514418197549095 ], [ 103.65503074245342, 1.514418011079682 ], [ 103.655031304425449, 1.51441781491377 ], [ 103.655031862937335, 1.514417609109456 ], [ 103.65503241782362, 1.514417393727693 ], [ 103.655032968920011, 1.514417168832267 ], [ 103.655033516063256, 1.514416934489785 ], [ 103.655034059091349, 1.514416690769649 ] ] ] } },
{ "type": "Feature", "properties": { "edgeID": "e_3_0061", "from_n_id": "n_3_0023", "to_n_id": "n_3_0013_L", "distance": 7.163, "bidir": 1, "accessible": 1, "FloorLevel": "3", "layer": "E3", "path": "C:/Users/Stephanie/Documents/001 Tasek Mall/04 GIS/Interim Nodes and Edges_01/E3.geojson" }, "geometry": { "type": "MultiLineString", "coordinates": [ [ [ 103.654627021939319, 1.514001162687229 ], [ 103.654627288218677, 1.514000805620744 ], [ 103.654627548236675, 1.514000443972414 ], [ 103.654627801914415, 1.514000077851939 ], [ 103.654628049174946, 1.513999707370386 ], [ 103.654628289943275, 1.513999332640141 ], [ 103.654628524146332, 1.51399895377488 ], [ 103.654628751713133, 1.513998570889533 ], [ 103.654628972574571, 1.51399818410025 ], [ 103.654629186663684, 1.513997793524366 ], [ 103.654629393915542, 1.513997399280362 ], [ 103.65462959426722, 1.513997001487835 ], [ 103.654629787657996, 1.513996600267456 ], [ 103.654629974029191, 1.513996195740938 ], [ 103.654630153324248, 1.513995788030994 ], [ 103.65463032548881, 1.513995377261306 ], [ 103.654630490470609, 1.513994963556482 ], [ 103.654630648219623, 1.513994547042022 ], [ 103.654630798687975, 1.513994127844275 ], [ 103.654630941830078, 1.513993706090409 ], [ 103.654631077602446, 1.513993281908363 ], [ 103.654631205963923, 1.513992855426815 ], [ 103.65463132687556, 1.513992426775141 ], [ 103.654631440300676, 1.513991996083371 ], [ 103.654631546204868, 1.513991563482161 ], [ 103.654631644556034, 1.513991129102739 ], [ 103.654631735324287, 1.513990693076878 ], [ 103.654631818482116, 1.513990255536848 ], [ 103.654631894004311, 1.513989816615377 ], [ 103.654631961867949, 1.513989376445614 ], [ 103.654632022052454, 1.513988935161088 ], [ 103.654632074539535, 1.513988492895664 ], [ 103.654632119313305, 1.513988049783503 ], [ 103.654632156360151, 1.513987605959026 ], [ 103.654632185668873, 1.51398716155687 ], [ 103.654632207230549, 1.513986716711845 ], [ 103.654632221038653, 1.513986271558897 ], [ 103.65463222708901, 1.513985826233064 ], [ 103.654632225379757, 1.513985380869439 ], [ 103.654632215911406, 1.513984935603124 ], [ 103.654632198686855, 1.513984490569192 ], [ 103.65463217371132, 1.513984045902647 ], [ 103.654632140992391, 1.513983601738379 ], [ 103.654632100539985, 1.513983158211127 ], [ 103.654632052366324, 1.513982715455439 ], [ 103.654631996486103, 1.513982273605624 ], [ 103.654631932916232, 1.513981832795721 ], [ 103.654631861676009, 1.51398139315945 ], [ 103.654631782787021, 1.513980954830177 ], [ 103.654631696273213, 1.513980517940871 ], [ 103.654631602160819, 1.513980082624065 ], [ 103.65463150047843, 1.513979649011813 ], [ 103.654631391256842, 1.513979217235652 ], [ 103.654631274529208, 1.513978787426565 ], [ 103.654631150330943, 1.513978359714936 ], [ 103.654631018699703, 1.513977934230513 ], [ 103.654630879675452, 1.513977511102368 ], [ 103.654630733300351, 1.513977090458858 ], [ 103.654630579618782, 1.513976672427588 ], [ 103.654630418677371, 1.51397625713537 ], [ 103.654630250524974, 1.513975844708183 ], [ 103.654630075212552, 1.51397543527114 ], [ 103.654629892793309, 1.513975028948443 ], [ 103.654629703322627, 1.513974625863355 ], [ 103.654629506857901, 1.513974226138151 ], [ 103.654629303458776, 1.51397382989409 ], [ 103.654629093186927, 1.513973437251374 ], [ 103.654628876106202, 1.513973048329113 ], [ 103.654628652282383, 1.513972663245289 ], [ 103.6546284217834, 1.513972282116717 ], [ 103.654628184679183, 1.513971905059015 ], [ 103.654627941041639, 1.513971532186564 ], [ 103.654627690944679, 1.513971163612478 ], [ 103.654627434464189, 1.513970799448565 ], [ 103.654627171677944, 1.513970439805294 ], [ 103.654626902665697, 1.513970084791766 ], [ 103.654626627509018, 1.513969734515675 ], [ 103.654626346291408, 1.51396938908328 ], [ 103.654626059098177, 1.513969048599367 ], [ 103.654625766016409, 1.513968713167225 ], [ 103.654625467135048, 1.513968382888607 ], [ 103.654625162544733, 1.513968057863707 ], [ 103.654624852337875, 1.51396773819112 ], [ 103.65462453660858, 1.513967423967821 ], [ 103.654624215452628, 1.513967115289131 ], [ 103.654623888967436, 1.51396681224869 ], [ 103.654623557252066, 1.513966514938425 ], [ 103.654623220407103, 1.513966223448526 ], [ 103.654622878534752, 1.513965937867418 ], [ 103.654622531738724, 1.513965658281734 ], [ 103.654622180124235, 1.513965384776288 ], [ 103.654621823797925, 1.513965117434046 ], [ 103.654621462867908, 1.513964856336111 ], [ 103.654621097443652, 1.513964601561686 ], [ 103.654620727636001, 1.513964353188058 ], [ 103.654620353557192, 1.513964111290573 ], [ 103.654619975320642, 1.51396387594261 ], [ 103.654619593041119, 1.513963647215565 ], [ 103.654619206834582, 1.513963425178822 ], [ 103.6546188168182, 1.513963209899736 ], [ 103.654618423110293, 1.513963001443613 ], [ 103.65461802583026, 1.513962799873691 ], [ 103.654617625098638, 1.513962605251115 ], [ 103.654617221036986, 1.513962417634926 ], [ 103.654616813767873, 1.513962237082037 ], [ 103.654616403414892, 1.513962063647219 ], [ 103.654615990102442, 1.513961897383086 ], [ 103.654615573955979, 1.513961738340073 ], [ 103.654615155101695, 1.513961586566428 ], [ 103.654614733666676, 1.513961442108191 ], [ 103.654614309778736, 1.513961305009184 ], [ 103.654613883566526, 1.513961175310997 ], [ 103.654613455159264, 1.513961053052975 ], [ 103.654613024686952, 1.513960938272204 ], [ 103.654612592280174, 1.513960831003504 ], [ 103.654612158070094, 1.513960731279417 ], [ 103.654611722188434, 1.513960639130191 ], [ 103.654611284767398, 1.513960554583783 ], [ 103.654610845939729, 1.51396047766584 ], [ 103.654610405838497, 1.513960408399694 ], [ 103.654609964597242, 1.513960346806358 ], [ 103.654609522349787, 1.513960292904517 ], [ 103.65460907923034, 1.513960246710522 ], [ 103.654608635373251, 1.513960208238386 ], [ 103.654608190913237, 1.513960177499779 ], [ 103.654607745985075, 1.513960154504028 ], [ 103.654607300723768, 1.513960139258106 ], [ 103.654606855264376, 1.513960131766639 ], [ 103.654606409742001, 1.5139601320319 ], [ 103.654605964291846, 1.513960140053809 ], [ 103.654605519049014, 1.513960155829932 ], [ 103.654605074148577, 1.513960179355482 ], [ 103.654604629725497, 1.513960210623324 ], [ 103.654604185914593, 1.513960249623973 ], [ 103.654603742850483, 1.513960296345596 ], [ 103.654603300667574, 1.513960350774022 ], [ 103.654602859500031, 1.513960412892738 ], [ 103.654602419481662, 1.513960482682902 ], [ 103.654601980745952, 1.513960560123341 ], [ 103.654601543425983, 1.513960645190565 ], [ 103.654601107654443, 1.513960737858767 ], [ 103.654600673563493, 1.513960838099837 ], [ 103.654600241284825, 1.513960945883365 ], [ 103.654599810949605, 1.513961061176655 ], [ 103.65459938268836, 1.513961183944733 ], [ 103.654598956630963, 1.513961314150356 ] ] ] } },
{ "type": "Feature", "properties": { "edgeID": "e_3_0062", "from_n_id": "n_3_0026", "to_n_id": "n_3_0095", "distance": 17.722, "bidir": 1, "accessible": 1, "FloorLevel": "3", "layer": "E3", "path": "C:/Users/Stephanie/Documents/001 Tasek Mall/04 GIS/Interim Nodes and Edges_01/E3.geojson" }, "geometry": { "type": "MultiLineString", "coordinates": [ [ [ 103.65458272519075, 1.513812321870495 ], [ 103.654650981643101, 1.513883245795067 ], [ 103.654651384473581, 1.513883481350061 ], [ 103.654651783143422, 1.513883723875474 ], [ 103.654652177531929, 1.513883973297888 ], [ 103.654652567519776, 1.513884229541798 ], [ 103.654652952988812, 1.513884492529634 ], [ 103.654653333822424, 1.513884762181785 ], [ 103.65465370990529, 1.51388503841662 ], [ 103.654654081123567, 1.513885321150521 ], [ 103.654654447364891, 1.513885610297895 ], [ 103.654654808518373, 1.513885905771213 ], [ 103.654655164474704, 1.51388620748103 ], [ 103.654655515126109, 1.513886515336012 ], [ 103.654655860366475, 1.513886829242965 ], [ 103.654656200091239, 1.513887149106863 ], [ 103.654656534197628, 1.513887474830877 ], [ 103.654656862584432, 1.513887806316405 ], [ 103.654657185152274, 1.513888143463099 ], [ 103.654657501803513, 1.513888486168898 ], [ 103.654657812442281, 1.513888834330058 ], [ 103.654658116974545, 1.513889187841184 ], [ 103.65465841530812, 1.513889546595261 ], [ 103.654658707352681, 1.513889910483688 ], [ 103.654658993019837, 1.513890279396307 ], [ 103.6546592722231, 1.513890653221443 ], [ 103.654659544877944, 1.51389103184593 ], [ 103.654659810901862, 1.513891415155152 ], [ 103.654660070214305, 1.513891803033074 ], [ 103.654660322736746, 1.513892195362277 ], [ 103.654660568392785, 1.513892592023995 ], [ 103.654660807108016, 1.513892992898151 ], [ 103.654661038810218, 1.513893397863392 ], [ 103.654661263429233, 1.513893806797128 ], [ 103.654661480897047, 1.513894219575567 ], [ 103.654661691147865, 1.513894636073752 ], [ 103.654661894118007, 1.5138950561656 ], [ 103.654662089746026, 1.513895479723943 ], [ 103.654662277972733, 1.51389590662056 ], [ 103.654662458741129, 1.513896336726221 ], [ 103.654662631996487, 1.513896769910726 ], [ 103.65466279768637, 1.51389720604294 ], [ 103.654662955760614, 1.513897644990837 ], [ 103.65466310617137, 1.51389808662154 ], [ 103.654663248873121, 1.513898530801359 ], [ 103.654663383822623, 1.51389897739583 ], [ 103.654663510979077, 1.513899426269762 ], [ 103.654663630303943, 1.513899877287271 ], [ 103.654663741761141, 1.513900330311826 ], [ 103.654663845316932, 1.513900785206287 ], [ 103.654663940939912, 1.513901241832948 ], [ 103.654664028601189, 1.51390170005358 ], [ 103.65466410827419, 1.51390215972947 ], [ 103.654664179934841, 1.513902620721465 ], [ 103.654664243561385, 1.513903082890014 ], [ 103.654664299134637, 1.513903546095209 ], [ 103.654664346637716, 1.51390401019683 ], [ 103.654664386056254, 1.513904475054383 ], [ 103.654664417378342, 1.513904940527147 ], [ 103.654664440594473, 1.513905406474213 ], [ 103.654664455697628, 1.513905872754532 ], [ 103.654664462683229, 1.51390633922695 ], [ 103.65466446154916, 1.513906805750257 ], [ 103.654664452295791, 1.513907272183228 ], [ 103.654664434925891, 1.513907738384663 ], [ 103.654664409444734, 1.513908204213435 ], [ 103.654664375860023, 1.513908669528528 ], [ 103.654664334181945, 1.513909134189082 ], [ 103.654664284423077, 1.513909598054434 ], [ 103.654664226598527, 1.513910060984166 ], [ 103.654664160725773, 1.513910522838136 ], [ 103.654664086824781, 1.513910983476535 ], [ 103.654664004917905, 1.513911442759916 ], [ 103.654663915029914, 1.513911900549247 ], [ 103.654663817188066, 1.513912356705946 ], [ 103.654663711421946, 1.513912811091924 ], [ 103.654663597763587, 1.51391326356963 ], [ 103.654663476247393, 1.513913714002091 ], [ 103.654663346910155, 1.513914162252951 ], [ 103.654663209791025, 1.513914608186516 ], [ 103.654663064931469, 1.513915051667794 ], [ 103.6546629123754, 1.513915492562534 ], [ 103.654662752168989, 1.513915930737268 ], [ 103.654662584360736, 1.513916366059352 ], [ 103.654662409001389, 1.513916798397005 ], [ 103.654662226144083, 1.513917227619351 ], [ 103.65466203584414, 1.513917653596456 ], [ 103.6546618381592, 1.513918076199367 ], [ 103.65466163314909, 1.513918495300154 ], [ 103.654661420875883, 1.513918910771949 ], [ 103.654661201403812, 1.513919322488978 ], [ 103.654660974799313, 1.513919730326608 ], [ 103.654660741131039, 1.513920134161377 ], [ 103.654660500469689, 1.513920533871038 ], [ 103.654660252888078, 1.513920929334589 ], [ 103.654659998461227, 1.513921320432317 ], [ 103.654659737266101, 1.513921707045828 ], [ 103.654659469381798, 1.513922089058087 ], [ 103.654659194889391, 1.513922466353451 ], [ 103.654658913871998, 1.513922838817706 ], [ 103.654658626414658, 1.513923206338099 ], [ 103.654658332604413, 1.513923568803375 ], [ 103.654658032530207, 1.513923926103808 ], [ 103.654657726282863, 1.513924278131237 ], [ 103.654657413955121, 1.513924624779095 ], [ 103.654657095641468, 1.513924965942445 ], [ 103.654656771438326, 1.513925301518012 ], [ 103.654656441443805, 1.513925631404209 ], [ 103.654656105757809, 1.513925955501174 ], [ 103.654655764481944, 1.513926273710795 ], [ 103.654655417719553, 1.513926585936745 ], [ 103.654655065575568, 1.513926892084507 ], [ 103.654654708156599, 1.513927192061403 ], [ 103.654654345570876, 1.513927485776625 ], [ 103.654646553971787, 1.513932282840429 ] ] ] } },
{ "type": "Feature", "properties": { "edgeID": "e_3_0063", "from_n_id": "n_3_0023", "to_n_id": "n_3_0026", "distance": 27.944, "bidir": 1, "accessible": 1, "FloorLevel": "3", "layer": "E3", "path": "C:/Users/Stephanie/Documents/001 Tasek Mall/04 GIS/Interim Nodes and Edges_01/E3.geojson" }, "geometry": { "type": "MultiLineString", "coordinates": [ [ [ 103.654627021939319, 1.514001162687229 ], [ 103.65467225947296, 1.513957859082218 ], [ 103.654672708210285, 1.513957503232225 ], [ 103.654673150700759, 1.513957139649057 ], [ 103.654673586810986, 1.513956768442278 ], [ 103.654674016409587, 1.513956389723751 ], [ 103.654674439367085, 1.513956003607602 ], [ 103.654674855556024, 1.513955610210186 ], [ 103.654675264850994, 1.513955209650053 ], [ 103.654675667128643, 1.513954802047911 ], [ 103.654676062267754, 1.513954387526592 ], [ 103.654676450149239, 1.513953966211008 ], [ 103.654676830656243, 1.513953538228125 ], [ 103.654677203674055, 1.513953103706912 ], [ 103.654677569090296, 1.513952662778314 ], [ 103.654677926794847, 1.513952215575203 ], [ 103.654678276679917, 1.513951762232342 ], [ 103.654678618640048, 1.513951302886347 ], [ 103.654678952572212, 1.513950837675639 ], [ 103.654679278375767, 1.513950366740411 ], [ 103.654679595952544, 1.513949890222576 ], [ 103.654679905206834, 1.513949408265734 ], [ 103.654680206045455, 1.51394892101512 ], [ 103.654680498377715, 1.513948428617568 ], [ 103.654680782115548, 1.513947931221461 ], [ 103.654681057173462, 1.513947428976687 ], [ 103.654681323468537, 1.513946922034598 ], [ 103.654681580920567, 1.513946410547959 ], [ 103.654681829451931, 1.513945894670907 ], [ 103.654682068987739, 1.5139453745589 ], [ 103.654682299455814, 1.513944850368673 ], [ 103.654682520786707, 1.513944322258191 ], [ 103.654682732913727, 1.513943790386596 ], [ 103.654682935772939, 1.513943254914171 ], [ 103.654683129303237, 1.513942716002277 ], [ 103.654683313446256, 1.513942173813314 ], [ 103.654683488146546, 1.513941628510671 ], [ 103.654683653351427, 1.513941080258673 ], [ 103.654683809011132, 1.513940529222537 ], [ 103.654683955078767, 1.513939975568314 ], [ 103.654684091510276, 1.513939419462849 ], [ 103.654684218264592, 1.513938861073722 ], [ 103.654684335303486, 1.513938300569203 ], [ 103.654684442591702, 1.5139377381182 ], [ 103.654684540096895, 1.513937173890206 ], [ 103.654684627789706, 1.51393660805525 ], [ 103.654684705643689, 1.513936040783846 ], [ 103.654684773635381, 1.513935472246941 ], [ 103.654684831744319, 1.513934902615861 ], [ 103.654684879952967, 1.513934332062264 ], [ 103.654684918246801, 1.513933760758086 ], [ 103.654684946614296, 1.513933188875487 ], [ 103.654684965046869, 1.513932616586805 ], [ 103.654684973538991, 1.513932044064498 ], [ 103.654684972088106, 1.513931471481093 ], [ 103.654684960694652, 1.513930899009138 ], [ 103.654684939362056, 1.513930326821147 ], [ 103.654684908096726, 1.513929755089548 ], [ 103.654684866908113, 1.51392918398663 ], [ 103.654684815808622, 1.513928613684496 ], [ 103.654684754813658, 1.513928044355003 ], [ 103.654684683941611, 1.513927476169721 ], [ 103.654684603213781, 1.513926909299868 ], [ 103.654684512654555, 1.513926343916272 ], [ 103.654684412291189, 1.513925780189309 ], [ 103.654684302153967, 1.513925218288858 ], [ 103.654684182276043, 1.513924658384247 ], [ 103.654684052693554, 1.513924100644201 ], [ 103.654683913445524, 1.513923545236796 ], [ 103.65468376457396, 1.5139229923294 ], [ 103.654683606123697, 1.513922442088634 ], [ 103.654683438142484, 1.513921894680311 ], [ 103.654683260680955, 1.513921350269393 ], [ 103.654683073792583, 1.513920809019935 ], [ 103.654682877533673, 1.513920271095042 ], [ 103.654682671963371, 1.513919736656818 ], [ 103.654682457143664, 1.513919205866313 ], [ 103.654682233139226, 1.513918678883484 ], [ 103.654682000017587, 1.513918155867132 ], [ 103.654681757849019, 1.51391763697487 ], [ 103.654681506706481, 1.513917122363063 ], [ 103.65468124666566, 1.51391661218679 ], [ 103.654680977804887, 1.513916106599792 ], [ 103.654680700205247, 1.513915605754427 ], [ 103.654680413950317, 1.513915109801623 ], [ 103.654680119126411, 1.513914618890834 ], [ 103.654679815822377, 1.513914133169997 ], [ 103.654679504129575, 1.513913652785482 ], [ 103.654679184141969, 1.513913177882052 ], [ 103.654678855955979, 1.51391270860282 ], [ 103.654678519670512, 1.5139122450892 ], [ 103.654678175386863, 1.513911787480873 ], [ 103.654677823208843, 1.513911335915737 ], [ 103.654677463242535, 1.513910890529873 ], [ 103.65467709559644, 1.513910451457495 ], [ 103.654676720381332, 1.513910018830917 ], [ 103.654676337710285, 1.513909592780511 ], [ 103.65458272519075, 1.513812321870495 ] ] ] } },
{ "type": "Feature", "properties": { "edgeID": "e_3_0064", "from_n_id": "n_3_0026", "to_n_id": "n_3_0027", "distance": 29.919, "bidir": 1, "accessible": 1, "FloorLevel": "3", "layer": "E3", "path": "C:/Users/Stephanie/Documents/001 Tasek Mall/04 GIS/Interim Nodes and Edges_01/E3.geojson" }, "geometry": { "type": "MultiLineString", "coordinates": [ [ [ 103.65458272519075, 1.513812321870495 ], [ 103.65458272519075, 1.513784535904113 ], [ 103.654582620158294, 1.513783863981924 ], [ 103.654582503689824, 1.513783193946023 ], [ 103.654582375819146, 1.513782525990899 ], [ 103.654582236583366, 1.513781860310438 ], [ 103.654582086022913, 1.513781197097863 ], [ 103.6545819241815, 1.513780536545684 ], [ 103.654581751106079, 1.513779878845636 ], [ 103.6545815668469, 1.513779224188628 ], [ 103.654581371457439, 1.513778572764684 ], [ 103.654581164994426, 1.513777924762892 ], [ 103.6545809475178, 1.513777280371345 ], [ 103.654580719090646, 1.513776639777086 ], [ 103.654580479779312, 1.513776003166061 ], [ 103.654580229653234, 1.513775370723055 ], [ 103.654579968785029, 1.513774742631645 ], [ 103.654579697250398, 1.513774119074146 ], [ 103.654579415128197, 1.513773500231555 ], [ 103.654579122500266, 1.513772886283501 ], [ 103.654578819451586, 1.513772277408193 ], [ 103.654578506070109, 1.513771673782368 ], [ 103.654578182446798, 1.513771075581236 ], [ 103.654577848675586, 1.513770482978437 ], [ 103.654577504853364, 1.513769896145982 ], [ 103.654577151079934, 1.51376931525421 ], [ 103.654576787457984, 1.513768740471734 ], [ 103.654576414093029, 1.513768171965394 ], [ 103.654576031093484, 1.513767609900208 ], [ 103.654575638570506, 1.513767054439325 ], [ 103.654575236638053, 1.513766505743977 ], [ 103.654548674074533, 1.513738780208108 ], [ 103.654548328142639, 1.513738487093179 ], [ 103.654547977226017, 1.513738199960504 ], [ 103.654547621428165, 1.513737918894783 ], [ 103.654547260854031, 1.513737643978925 ], [ 103.65454689560994, 1.513737375294021 ], [ 103.654546525803681, 1.513737112919327 ], [ 103.654546151544324, 1.513736856932237 ], [ 103.654545772942242, 1.513736607408261 ], [ 103.654545390109135, 1.513736364421003 ], [ 103.654545003157935, 1.513736128042135 ], [ 103.654544612202756, 1.513735898341387 ], [ 103.654544217358946, 1.513735675386511 ], [ 103.654543818742951, 1.513735459243276 ], [ 103.654543416472393, 1.513735249975438 ], [ 103.65454301066589, 1.513735047644723 ], [ 103.654542601443154, 1.513734852310818 ], [ 103.654542188924921, 1.513734664031337 ], [ 103.654541773232822, 1.513734482861822 ], [ 103.654541354489524, 1.513734308855709 ], [ 103.65454093281852, 1.51373414206433 ], [ 103.654540508344198, 1.513733982536881 ], [ 103.654540081191797, 1.513733830320419 ], [ 103.654539651487255, 1.513733685459844 ], [ 103.65453921935736, 1.513733547997888 ], [ 103.654538784929585, 1.513733417975096 ], [ 103.654538348332068, 1.513733295429824 ], [ 103.654537909693587, 1.513733180398218 ], [ 103.654537469143548, 1.51373307291421 ], [ 103.65453702681188, 1.513732973009505 ], [ 103.654536582829081, 1.513732880713572 ], [ 103.65453613732609, 1.513732796053637 ], [ 103.654535690434329, 1.513732719054671 ], [ 103.654535242285618, 1.513732649739389 ], [ 103.654534793012161, 1.513732588128235 ], [ 103.654534342746459, 1.513732534239384 ], [ 103.654533891621369, 1.513732488088731 ], [ 103.654533439769935, 1.51373244968989 ], [ 103.654532987325439, 1.513732419054187 ], [ 103.65453253442135, 1.51373239619066 ], [ 103.654532081191263, 1.513732381106051 ], [ 103.654531627768847, 1.513732373804812 ], [ 103.654531174287882, 1.513732374289095 ], [ 103.654517896212781, 1.513733613553812 ], [ 103.6545171707251, 1.513733783972238 ], [ 103.654516448224626, 1.513733966632751 ], [ 103.654515728918071, 1.513734161483092 ], [ 103.654515013011221, 1.513734368467514 ], [ 103.654514300708897, 1.5137345875268 ], [ 103.654513592214883, 1.513734818598278 ], [ 103.654512887731869, 1.513735061615839 ], [ 103.654512187461421, 1.513735316509956 ], [ 103.654511491603856, 1.513735583207705 ], [ 103.65451080035831, 1.513735861632785 ], [ 103.654510113922498, 1.513736151705538 ], [ 103.654509432492816, 1.513736453342977 ], [ 103.654508756264221, 1.513736766458804 ], [ 103.654508085430194, 1.513737090963437 ], [ 103.65450742018264, 1.513737426764036 ], [ 103.654506760711897, 1.513737773764531 ], [ 103.654506107206629, 1.513738131865645 ], [ 103.654505459853823, 1.513738500964926 ], [ 103.65450481883866, 1.513738880956777 ], [ 103.654504184344532, 1.513739271732484 ], [ 103.654503556552967, 1.513739673180245 ], [ 103.654502935643592, 1.513740085185211 ], [ 103.654502321794027, 1.513740507629504 ], [ 103.65450171517989, 1.513740940392267 ], [ 103.654501115974767, 1.513741383349688 ], [ 103.654500524350055, 1.513741836375037 ], [ 103.65449994047502, 1.513742299338706 ], [ 103.654499364516724, 1.513742772108243 ], [ 103.654498796639913, 1.513743254548387 ], [ 103.654469058128342, 1.513771710818146 ], [ 103.65446867923437, 1.513772178896815 ], [ 103.654468308306093, 1.513772653308389 ], [ 103.654467945449454, 1.51377313391742 ], [ 103.654467590768007, 1.513773620586687 ], [ 103.654467244363047, 1.513774113177243 ], [ 103.654466906333496, 1.513774611548447 ], [ 103.654466576775832, 1.51377511555801 ], [ 103.654466255784158, 1.513775625062031 ], [ 103.654465943450091, 1.513776139915043 ], [ 103.654465639862863, 1.513776659970049 ], [ 103.654465345109116, 1.513777185078569 ], [ 103.654465059272994, 1.513777715090677 ], [ 103.654464782436122, 1.513778249855052 ], [ 103.654464514677557, 1.513778789219012 ], [ 103.654464256073723, 1.513779333028563 ], [ 103.654464006698447, 1.513779881128442 ], [ 103.654463766622953, 1.513780433362161 ], [ 103.654463535915781, 1.513780989572052 ], [ 103.654463314642769, 1.513781549599311 ], [ 103.654463102867155, 1.513782113284045 ], [ 103.654462900649349, 1.513782680465315 ], [ 103.654462708047092, 1.513783250981187 ], [ 103.654462525115378, 1.513783824668771 ], [ 103.65446235190646, 1.513784401364275 ], [ 103.654462188469765, 1.513784980903045 ], [ 103.65446203485196, 1.513785563119618 ], [ 103.654461891096886, 1.513786147847766 ], [ 103.654461757245656, 1.513786734920541 ], [ 103.654461633336425, 1.513787324170329 ], [ 103.654461519404563, 1.513787915428893 ], [ 103.654461415482629, 1.513788508527423 ], [ 103.654452467200613, 1.513858186774003 ] ] ] } },
{ "type": "Feature", "properties": { "edgeID": "e_3_0065", "from_n_id": "n_3_0026", "to_n_id": "n_3_0093", "distance": 5.752, "bidir": 1, "accessible": 1, "FloorLevel": "3", "layer": "E3", "path": "C:/Users/Stephanie/Documents/001 Tasek Mall/04 GIS/Interim Nodes and Edges_01/E3.geojson" }, "geometry": { "type": "MultiLineString", "coordinates": [ [ [ 103.65458272519075, 1.513812321870495 ], [ 103.654582412090065, 1.513811997762089 ], [ 103.654582093380554, 1.513811679163545 ], [ 103.65458176915925, 1.51381136617185 ], [ 103.654581439524847, 1.51381105888228 ], [ 103.654581104577687, 1.513810757388369 ], [ 103.654580764419705, 1.513810461781893 ], [ 103.65458041915447, 1.513810172152833 ], [ 103.654580068887043, 1.51380988858935 ], [ 103.65457971372409, 1.513809611177762 ], [ 103.654579353773698, 1.51380934000251 ], [ 103.654578989145421, 1.51380907514614 ], [ 103.654578619950257, 1.513808816689273 ], [ 103.654578246300616, 1.513808564710582 ], [ 103.654577868310199, 1.513808319286769 ], [ 103.654577486094098, 1.51380808049254 ], [ 103.654577099768602, 1.513807848400582 ], [ 103.654576709451391, 1.513807623081545 ], [ 103.65457631526121, 1.513807404604014 ], [ 103.65457591731807, 1.513807193034492 ], [ 103.654575515743105, 1.513806988437381 ], [ 103.654575110658541, 1.51380679087496 ], [ 103.654574702187702, 1.513806600407366 ], [ 103.654574290454903, 1.513806417092576 ], [ 103.654573875585513, 1.513806240986391 ], [ 103.654573457705794, 1.513806072142417 ], [ 103.654573036942935, 1.51380591061205 ], [ 103.654572613425017, 1.513805756444458 ], [ 103.654572187280991, 1.51380560968657 ], [ 103.654571758640515, 1.513805470383058 ], [ 103.654571327634102, 1.513805338576326 ], [ 103.654570894392975, 1.513805214306495 ], [ 103.654570459048941, 1.513805097611393 ], [ 103.6545700217346, 1.513804988526541 ], [ 103.654569582583008, 1.513804887085144 ], [ 103.654569141727848, 1.513804793318081 ], [ 103.654568699303326, 1.513804707253893 ], [ 103.654568255444133, 1.51380462891878 ], [ 103.654567810285357, 1.513804558336584 ], [ 103.654567363962499, 1.513804495528793 ], [ 103.654566916611444, 1.513804440514523 ], [ 103.654566468368301, 1.513804393310521 ], [ 103.654566019369582, 1.513804353931156 ], [ 103.654565569751952, 1.513804322388415 ], [ 103.654565119652219, 1.5138042986919 ], [ 103.65456466920746, 1.513804282848821 ], [ 103.654564218554768, 1.513804274864005 ], [ 103.654563767831291, 1.513804274739879 ], [ 103.654563317174251, 1.513804282476483 ], [ 103.654562866720809, 1.513804298071462 ], [ 103.654562416608115, 1.513804321520067 ], [ 103.654561966973148, 1.513804352815163 ], [ 103.654561517952786, 1.513804391947221 ], [ 103.654561069683737, 1.513804438904331 ], [ 103.654560622302398, 1.5138044936722 ], [ 103.654560175944994, 1.513804556234155 ], [ 103.65455973074738, 1.513804626571154 ], [ 103.654559286845085, 1.513804704661786 ], [ 103.654558844373184, 1.513804790482281 ], [ 103.654558403466424, 1.513804884006515 ], [ 103.654557964258984, 1.51380498520602 ], [ 103.65455752688456, 1.51380509404999 ], [ 103.654557091476292, 1.513805210505295 ], [ 103.65455665816674, 1.513805334536485 ], [ 103.654556227087753, 1.513805466105806 ], [ 103.654555798370566, 1.51380560517321 ], [ 103.654555372145694, 1.513805751696363 ], [ 103.654554948542881, 1.513805905630665 ], [ 103.654554527691062, 1.513806066929259 ], [ 103.654554109718347, 1.513806235543047 ], [ 103.654553694751939, 1.513806411420702 ], [ 103.654553282918172, 1.51380659450869 ], [ 103.654552874342414, 1.513806784751276 ], [ 103.654552469149039, 1.513806982090554 ], [ 103.654552067461367, 1.513807186466454 ], [ 103.65455166940167, 1.513807397816763 ], [ 103.654551275091151, 1.513807616077148 ], [ 103.65455088464978, 1.513807841181172 ], [ 103.654550498196457, 1.513808073060313 ], [ 103.654550115848764, 1.513808311643988 ], [ 103.654549737723144, 1.513808556859573 ], [ 103.654549363934663, 1.513808808632426 ], [ 103.654548994597121, 1.513809066885908 ], [ 103.654548629822912, 1.513809331541407 ], [ 103.654548269723108, 1.513809602518363 ], [ 103.654547914407289, 1.513809879734292 ], [ 103.654547563983627, 1.51381016310481 ], [ 103.654547218558818, 1.513810452543661 ], [ 103.654546878237966, 1.513810747962739 ], [ 103.654546543124667, 1.513811049272121 ], [ 103.654546213320955, 1.513811356380089 ], [ 103.654545888927203, 1.513811669193161 ], [ 103.654545570042146, 1.513811987616117 ], [ 103.654545256762887, 1.513812311552031 ], [ 103.654538063629232, 1.513819043675473 ] ] ] } },
{ "type": "Feature", "properties": { "edgeID": "e_3_0066", "from_n_id": "n_3_0035", "to_n_id": "n_3_0066", "distance": 12.814, "bidir": 1, "accessible": 1, "FloorLevel": "3", "layer": "E3", "path": "C:/Users/Stephanie/Documents/001 Tasek Mall/04 GIS/Interim Nodes and Edges_01/E3.geojson" }, "geometry": { "type": "MultiLineString", "coordinates": [ [ [ 103.654552623927728, 1.514621833085642 ], [ 103.65458951164527, 1.51466064187749 ], [ 103.654617463172315, 1.514673690279031 ], [ 103.654648429532358, 1.51467299479878 ] ] ] } },
{ "type": "Feature", "properties": { "edgeID": "e_3_0067", "from_n_id": "n_3_0033", "to_n_id": "n_3_0066", "distance": 14.575, "bidir": 1, "accessible": 1, "FloorLevel": "3", "layer": "E3", "path": "C:/Users/Stephanie/Documents/001 Tasek Mall/04 GIS/Interim Nodes and Edges_01/E3.geojson" }, "geometry": { "type": "MultiLineString", "coordinates": [ [ [ 103.654690781112265, 1.514563691588988 ], [ 103.654699214188014, 1.51462436017183 ], [ 103.654648429532358, 1.51467299479878 ] ] ] } },
{ "type": "Feature", "properties": { "edgeID": "e_3_0068", "from_n_id": "n_3_0066", "to_n_id": "n_3_0012", "distance": 5.078, "bidir": 1, "accessible": 1, "FloorLevel": "3", "layer": "E3", "path": "C:/Users/Stephanie/Documents/001 Tasek Mall/04 GIS/Interim Nodes and Edges_01/E3.geojson" }, "geometry": { "type": "MultiLineString", "coordinates": [ [ [ 103.654648429532358, 1.51467299479878 ], [ 103.654680748587168, 1.514705421227124 ] ] ] } },
{ "type": "Feature", "properties": { "edgeID": "e_3_0069", "from_n_id": "n_3_0067", "to_n_id": "n_3_0011", "distance": 2.145, "bidir": 1, "accessible": 1, "FloorLevel": "3", "layer": "E3", "path": "C:/Users/Stephanie/Documents/001 Tasek Mall/04 GIS/Interim Nodes and Edges_01/E3.geojson" }, "geometry": { "type": "MultiLineString", "coordinates": [ [ [ 103.654535251395643, 1.514378643301111 ], [ 103.654548631929856, 1.514392605881924 ] ] ] } },
{ "type": "Feature", "properties": { "edgeID": "e_3_0070", "from_n_id": "n_3_0064", "to_n_id": "n_3_0001", "distance": 1.713, "bidir": 1, "accessible": 1, "FloorLevel": "3", "layer": "E3", "path": "C:/Users/Stephanie/Documents/001 Tasek Mall/04 GIS/Interim Nodes and Edges_01/E3.geojson" }, "geometry": { "type": "MultiLineString", "coordinates": [ [ [ 103.655353738311362, 1.513929009610612 ], [ 103.655343054102858, 1.513917857693954 ] ] ] } },
{ "type": "Feature", "properties": { "edgeID": "e_3_0071", "from_n_id": "n_3_0009", "to_n_id": "n_3_0059", "distance": 1.214, "bidir": 1, "accessible": 1, "FloorLevel": "3", "layer": "E3", "path": "C:/Users/Stephanie/Documents/001 Tasek Mall/04 GIS/Interim Nodes and Edges_01/E3.geojson" }, "geometry": { "type": "MultiLineString", "coordinates": [ [ [ 103.65538812984741, 1.51403033050646 ], [ 103.655396050621547, 1.514022775203022 ] ] ] } },
{ "type": "Feature", "properties": { "edgeID": "e_3_0072", "from_n_id": "n_3_0008", "to_n_id": "n_3_0060", "distance": 1.224, "bidir": 1, "accessible": 1, "FloorLevel": "3", "layer": "E3", "path": "C:/Users/Stephanie/Documents/001 Tasek Mall/04 GIS/Interim Nodes and Edges_01/E3.geojson" }, "geometry": { "type": "MultiLineString", "coordinates": [ [ [ 103.655421401514872, 1.514065187264005 ], [ 103.655429385906828, 1.514057571277922 ] ] ] } },
{ "type": "Feature", "properties": { "edgeID": "e_3_0073", "from_n_id": "n_3_0007", "to_n_id": "n_3_0061", "distance": 1.232, "bidir": 1, "accessible": 1, "FloorLevel": "3", "layer": "E3", "path": "C:/Users/Stephanie/Documents/001 Tasek Mall/04 GIS/Interim Nodes and Edges_01/E3.geojson" }, "geometry": { "type": "MultiLineString", "coordinates": [ [ [ 103.655446351371936, 1.514091325751783 ], [ 103.655454383475742, 1.514083664255244 ] ] ] } },
{ "type": "Feature", "properties": { "edgeID": "e_3_0074", "from_n_id": "n_3_0006", "to_n_id": "n_3_0062", "distance": 1.242, "bidir": 1, "accessible": 1, "FloorLevel": "3", "layer": "E3", "path": "C:/Users/Stephanie/Documents/001 Tasek Mall/04 GIS/Interim Nodes and Edges_01/E3.geojson" }, "geometry": { "type": "MultiLineString", "coordinates": [ [ [ 103.655482642901617, 1.514129346238179 ], [ 103.65549074440122, 1.514121618548194 ] ] ] } },
{ "type": "Feature", "properties": { "edgeID": "e_3_0075", "from_n_id": "n_3_0045", "to_n_id": "n_3_0068", "distance": 9.408, "bidir": 1, "accessible": 1, "FloorLevel": "3", "layer": "E3", "path": "C:/Users/Stephanie/Documents/001 Tasek Mall/04 GIS/Interim Nodes and Edges_01/E3.geojson" }, "geometry": { "type": "MultiLineString", "coordinates": [ [ [ 103.655624498695062, 1.514261234066118 ], [ 103.655683175308056, 1.514322481934151 ] ] ] } },
{ "type": "Feature", "properties": { "edgeID": "e_3_0076", "from_n_id": "n_3_0046", "to_n_id": "n_3_0069", "distance": 6.077, "bidir": 1, "accessible": 1, "FloorLevel": "3", "layer": "E3", "path": "C:/Users/Stephanie/Documents/001 Tasek Mall/04 GIS/Interim Nodes and Edges_01/E3.geojson" }, "geometry": { "type": "MultiLineString", "coordinates": [ [ [ 103.655761483440159, 1.514260883693952 ], [ 103.655721596545277, 1.514298423242468 ] ] ] } },
{ "type": "Feature", "properties": { "edgeID": "e_3_0077", "from_n_id": "n_3_0069", "to_n_id": "n_3_0004", "distance": 4.258, "bidir": 1, "accessible": 1, "FloorLevel": "3", "layer": "E3", "path": "C:/Users/Stephanie/Documents/001 Tasek Mall/04 GIS/Interim Nodes and Edges_01/E3.geojson" }, "geometry": { "type": "MultiLineString", "coordinates": [ [ [ 103.655721596545277, 1.514298423242468 ], [ 103.655748156273447, 1.514326145357814 ] ] ] } },
{ "type": "Feature", "properties": { "edgeID": "e_3_0078", "from_n_id": "n_3_0068", "to_n_id": "n_3_0005", "distance": 3.063, "bidir": 1, "accessible": 1, "FloorLevel": "3", "layer": "E3", "path": "C:/Users/Stephanie/Documents/001 Tasek Mall/04 GIS/Interim Nodes and Edges_01/E3.geojson" }, "geometry": { "type": "MultiLineString", "coordinates": [ [ [ 103.655683175308056, 1.514322481934151 ], [ 103.655663232440304, 1.514341575066156 ] ] ] } },
{ "type": "Feature", "properties": { "edgeID": "e_3_0079", "from_n_id": "n_3_0068", "to_n_id": "n_3_0069", "distance": 5.902, "bidir": 1, "accessible": 1, "FloorLevel": "3", "layer": "E3", "path": "C:/Users/Stephanie/Documents/001 Tasek Mall/04 GIS/Interim Nodes and Edges_01/E3.geojson" }, "geometry": { "type": "MultiLineString", "coordinates": [ [ [ 103.655683175308056, 1.514322481934151 ], [ 103.655689271847763, 1.514328845628913 ], [ 103.655721596545277, 1.514298423242468 ] ] ] } },
{ "type": "Feature", "properties": { "edgeID": "e_3_0080", "from_n_id": "n_3_0041", "to_n_id": "n_3_0059", "distance": 10.758, "bidir": 1, "accessible": 1, "FloorLevel": "3", "layer": "E3", "path": "C:/Users/Stephanie/Documents/001 Tasek Mall/04 GIS/Interim Nodes and Edges_01/E3.geojson" }, "geometry": { "type": "MultiLineString", "coordinates": [ [ [ 103.65532895326244, 1.513952737575383 ], [ 103.655387213410108, 1.514013550736921 ], [ 103.655395510066981, 1.514022210960873 ], [ 103.655396050621547, 1.514022775203021 ] ] ] } },
{ "type": "Feature", "properties": { "edgeID": "e_3_0081", "from_n_id": "n_3_0059", "to_n_id": "n_3_0060", "distance": 5.345, "bidir": 1, "accessible": 1, "FloorLevel": "3", "layer": "E3", "path": "C:/Users/Stephanie/Documents/001 Tasek Mall/04 GIS/Interim Nodes and Edges_01/E3.geojson" }, "geometry": { "type": "MultiLineString", "coordinates": [ [ [ 103.655396050621547, 1.514022775203021 ], [ 103.655406556567627, 1.514033741529194 ], [ 103.655411381028074, 1.514038779066685 ], [ 103.65541404873612, 1.514041573866578 ], [ 103.655417660087508, 1.514045335104292 ], [ 103.655429368636277, 1.514057553243238 ], [ 103.655429385906842, 1.514057571277922 ] ] ] } },
{ "type": "Feature", "properties": { "edgeID": "e_3_0082", "from_n_id": "n_3_0060", "to_n_id": "n_3_0061", "distance": 4.008, "bidir": 1, "accessible": 1, "FloorLevel": "3", "layer": "E3", "path": "C:/Users/Stephanie/Documents/001 Tasek Mall/04 GIS/Interim Nodes and Edges_01/E3.geojson" }, "geometry": { "type": "MultiLineString", "coordinates": [ [ [ 103.655429385906842, 1.514057571277922 ], [ 103.655439666720781, 1.514068306953474 ], [ 103.655440883961333, 1.514069573180177 ], [ 103.65544325908499, 1.514072052383854 ], [ 103.655454383475742, 1.514083664255244 ] ] ] } },
{ "type": "Feature", "properties": { "edgeID": "e_3_0083", "from_n_id": "n_3_0061", "to_n_id": "n_3_0062", "distance": 5.83, "bidir": 1, "accessible": 1, "FloorLevel": "3", "layer": "E3", "path": "C:/Users/Stephanie/Documents/001 Tasek Mall/04 GIS/Interim Nodes and Edges_01/E3.geojson" }, "geometry": { "type": "MultiLineString", "coordinates": [ [ [ 103.655454383475742, 1.514083664255244 ], [ 103.655455076024481, 1.514084387152085 ], [ 103.655462585856569, 1.514092226071625 ], [ 103.655471475860878, 1.514101499541268 ], [ 103.65547365396074, 1.514103781407506 ], [ 103.655478614491827, 1.514108957095647 ], [ 103.65549074440122, 1.514121618548194 ] ] ] } },
{ "type": "Feature", "properties": { "edgeID": "e_3_0084", "from_n_id": "n_3_0044", "to_n_id": "n_3_0063", "distance": 1.674, "bidir": 1, "accessible": 1, "FloorLevel": "3", "layer": "E3", "path": "C:/Users/Stephanie/Documents/001 Tasek Mall/04 GIS/Interim Nodes and Edges_01/E3.geojson" }, "geometry": { "type": "MultiLineString", "coordinates": [ [ [ 103.655600851320486, 1.514093225321211 ], [ 103.655611290450906, 1.514104121072874 ] ] ] } },
{ "type": "Feature", "properties": { "edgeID": "e_3_0085", "from_n_id": "n_3_0003", "to_n_id": "n_3_0063", "distance": 0.885, "bidir": 1, "accessible": 1, "FloorLevel": "3", "layer": "E3", "path": "C:/Users/Stephanie/Documents/001 Tasek Mall/04 GIS/Interim Nodes and Edges_01/E3.geojson" }, "geometry": { "type": "MultiLineString", "coordinates": [ [ [ 103.655617100190454, 1.514098655361413 ], [ 103.655611290450906, 1.514104121072874 ] ] ] } },
{ "type": "Feature", "properties": { "edgeID": "e_3_0086", "from_n_id": "n_3_0070", "to_n_id": "n_3_0002", "distance": 2.383, "bidir": 1, "accessible": 1, "FloorLevel": "3", "layer": "E3", "path": "C:/Users/Stephanie/Documents/001 Tasek Mall/04 GIS/Interim Nodes and Edges_01/E3.geojson" }, "geometry": { "type": "MultiLineString", "coordinates": [ [ [ 103.655427093563716, 1.513905042447479 ], [ 103.655442607683213, 1.51389018957134 ] ] ] } },
{ "type": "Feature", "properties": { "edgeID": "e_3_0087", "from_n_id": "n_3_0042", "to_n_id": "n_3_0070", "distance": 3.706, "bidir": 1, "accessible": 1, "FloorLevel": "3", "layer": "E3", "path": "C:/Users/Stephanie/Documents/001 Tasek Mall/04 GIS/Interim Nodes and Edges_01/E3.geojson" }, "geometry": { "type": "MultiLineString", "coordinates": [ [ [ 103.655403976436432, 1.513880914144489 ], [ 103.655406417436339, 1.513883470114452 ], [ 103.655427093563716, 1.51390504244748 ] ] ] } },
{ "type": "Feature", "properties": { "edgeID": "e_3_0088", "from_n_id": "n_3_0067", "to_n_id": "n_3_0018", "distance": 5.44, "bidir": 1, "accessible": 1, "FloorLevel": "3", "layer": "E3", "path": "C:/Users/Stephanie/Documents/001 Tasek Mall/04 GIS/Interim Nodes and Edges_01/E3.geojson" }, "geometry": { "type": "MultiLineString", "coordinates": [ [ [ 103.654535251395657, 1.514378643301111 ], [ 103.654550049088172, 1.514364463035267 ], [ 103.654570656519468, 1.514344715439083 ] ] ] } },
{ "type": "Feature", "properties": { "edgeID": "e_3_0089", "from_n_id": "n_3_0070", "to_n_id": "n_3_0085_E", "distance": 4.955, "bidir": 1, "accessible": 1, "FloorLevel": "3", "layer": "E3", "path": "C:/Users/Stephanie/Documents/001 Tasek Mall/04 GIS/Interim Nodes and Edges_01/E3.geojson" }, "geometry": { "type": "MultiLineString", "coordinates": [ [ [ 103.655426482667153, 1.513904990584646 ], [ 103.655426244644261, 1.513904720767081 ], [ 103.655426001965338, 1.513904455126514 ], [ 103.655425754703685, 1.513904193743225 ], [ 103.655425502934051, 1.513903936696205 ], [ 103.655425246732534, 1.513903684063136 ], [ 103.655424986176556, 1.513903435920367 ], [ 103.655424721344843, 1.513903192342889 ], [ 103.655424452317448, 1.513902953404312 ], [ 103.65542417917564, 1.513902719176845 ], [ 103.655423902002013, 1.513902489731276 ], [ 103.655423620880299, 1.513902265136944 ], [ 103.655423335895463, 1.513902045461723 ], [ 103.655423047133638, 1.513901830772003 ], [ 103.655422754682064, 1.513901621132662 ], [ 103.655422458629175, 1.513901416607057 ], [ 103.655422159064372, 1.513901217256998 ], [ 103.655421856078249, 1.513901023142729 ], [ 103.655421549762337, 1.513900834322913 ], [ 103.655421240209208, 1.513900650854614 ], [ 103.655420927512424, 1.513900472793277 ], [ 103.655420611766473, 1.513900300192714 ], [ 103.655420293066797, 1.513900133105088 ], [ 103.655419971509687, 1.513899971580892 ], [ 103.655419647192332, 1.51389981566894 ], [ 103.655419320212729, 1.513899665416352 ], [ 103.655418990669716, 1.513899520868535 ], [ 103.655418658662867, 1.513899382069172 ], [ 103.65541832429254, 1.51389924906021 ], [ 103.65541798765976, 1.513899121881845 ], [ 103.655417648866262, 1.513899000572512 ], [ 103.655417308014435, 1.513898885168872 ], [ 103.655416965207294, 1.5138987757058 ], [ 103.655416620548436, 1.513898672216377 ], [ 103.655416274142041, 1.51389857473188 ], [ 103.655415926092758, 1.513898483281767 ], [ 103.655415576505789, 1.513898397893677 ], [ 103.655415225486792, 1.513898318593414 ], [ 103.655414873141837, 1.513898245404945 ], [ 103.655414519577405, 1.513898178350386 ], [ 103.655414164900336, 1.513898117450003 ], [ 103.655413809217833, 1.5138980627222 ], [ 103.65541345263739, 1.513898014183516 ], [ 103.655413095266766, 1.51389797184862 ], [ 103.655412737213922, 1.513897935730307 ], [ 103.655412378587144, 1.513897905839491 ], [ 103.655412019494761, 1.513897882185206 ], [ 103.655411660045289, 1.5138978647746 ], [ 103.655411300347353, 1.513897853612935 ], [ 103.655410940509682, 1.513897848703584 ], [ 103.655410580641032, 1.513897850048031 ], [ 103.655410220850101, 1.513897857645869 ], [ 103.655409861245687, 1.513897871494803 ], [ 103.655409501936433, 1.513897891590646 ], [ 103.655409143030937, 1.513897917927327 ], [ 103.655408784637643, 1.513897950496885 ], [ 103.655408426864895, 1.513897989289478 ], [ 103.655408069820766, 1.513898034293382 ], [ 103.655407713613201, 1.513898085494997 ], [ 103.655407358349848, 1.51389814287885 ], [ 103.655407004138056, 1.513898206427598 ], [ 103.655406651084846, 1.513898276122035 ], [ 103.655406299296956, 1.513898351941102 ], [ 103.655405948880698, 1.513898433861883 ], [ 103.655405599941943, 1.513898521859621 ], [ 103.655405252586149, 1.513898615907723 ], [ 103.655404906918321, 1.513898715977768 ], [ 103.655404563042879, 1.513898822039511 ], [ 103.655404221063762, 1.513898934060902 ], [ 103.655403881084354, 1.513899052008085 ], [ 103.655403543207356, 1.513899175845417 ], [ 103.655403207534874, 1.513899305535472 ], [ 103.655402874168402, 1.513899441039058 ], [ 103.655402543208609, 1.513899582315222 ], [ 103.655402214755583, 1.513899729321271 ], [ 103.655401888908571, 1.513899882012778 ], [ 103.655401565766013, 1.513900040343599 ], [ 103.655401245425608, 1.513900204265884 ], [ 103.655400927984118, 1.513900373730095 ], [ 103.655400613537523, 1.513900548685017 ], [ 103.655400302180851, 1.513900729077779 ], [ 103.655399994008164, 1.513900914853863 ], [ 103.655399689112599, 1.513901105957126 ], [ 103.655399387586328, 1.513901302329816 ], [ 103.655399089520458, 1.513901503912587 ], [ 103.655398795005041, 1.513901710644518 ], [ 103.655398504129138, 1.513901922463133 ], [ 103.655398216980601, 1.513902139304419 ], [ 103.655397933646242, 1.513902361102844 ], [ 103.655397654211654, 1.51390258779138 ], [ 103.655397378761322, 1.513902819301518 ], [ 103.655397107378491, 1.513903055563294 ], [ 103.655396840145144, 1.513903296505308 ], [ 103.655396577142042, 1.513903542054744 ], [ 103.655396318448709, 1.513903792137397 ], [ 103.655396064143275, 1.513904046677687 ], [ 103.655395814302636, 1.513904305598691 ], [ 103.655395569002252, 1.513904568822162 ], [ 103.655395328316274, 1.513904836268549 ], [ 103.655395092317463, 1.513905107857029 ], [ 103.655394861077113, 1.513905383505525 ], [ 103.655394634665114, 1.513905663130734 ], [ 103.655394413149892, 1.513905946648149 ], [ 103.655394196598394, 1.513906233972091 ], [ 103.655393985076046, 1.513906525015726 ], [ 103.655393778646783, 1.5139068196911 ], [ 103.655393577373005, 1.513907117909157 ], [ 103.65539338131552, 1.513907419579774 ], [ 103.655393190533587, 1.513907724611784 ], [ 103.655393005084846, 1.513908032913004 ], [ 103.655392825025359, 1.51390834439026 ], [ 103.655392650409553, 1.513908658949424 ], [ 103.655392481290164, 1.51390897649543 ], [ 103.655392317718324, 1.513909296932315 ], [ 103.655392159743442, 1.513909620163241 ], [ 103.655392007413312, 1.513909946090523 ], [ 103.655391860773918, 1.513910274615662 ], [ 103.655391719869613, 1.513910605639376 ], [ 103.655391584742944, 1.513910939061627 ], [ 103.655391455434767, 1.513911274781652 ], [ 103.655391331984148, 1.513911612697992 ], [ 103.65539121442842, 1.513911952708526 ], [ 103.655391102803065, 1.5139122947105 ], [ 103.655390997141879, 1.513912638600558 ], [ 103.655390897476735, 1.513912984274774 ] ] ] } },
{ "type": "Feature", "properties": { "edgeID": "e_3_0090", "from_n_id": "n_3_0042", "to_n_id": "n_3_0085_E", "distance": 4.054, "bidir": 1, "accessible": 1, "FloorLevel": "3", "layer": "E3", "path": "C:/Users/Stephanie/Documents/001 Tasek Mall/04 GIS/Interim Nodes and Edges_01/E3.geojson" }, "geometry": { "type": "MultiLineString", "coordinates": [ [ [ 103.655403969781162, 1.513881160536955 ], [ 103.655403533132443, 1.513881448527653 ], [ 103.655403101542149, 1.513881744039926 ], [ 103.655402675139925, 1.513882046985011 ], [ 103.655402254053868, 1.513882357271909 ], [ 103.655401838410427, 1.513882674807416 ], [ 103.655401428334514, 1.513882999496151 ], [ 103.655401023949253, 1.513883331240585 ], [ 103.655400625376132, 1.513883669941068 ], [ 103.655400232734863, 1.513884015495862 ], [ 103.655399846143411, 1.51388436780117 ], [ 103.655399465717878, 1.513884726751165 ], [ 103.655399091572534, 1.513885092238028 ], [ 103.6553987238198, 1.513885464151973 ], [ 103.655398362570097, 1.513885842381286 ], [ 103.655398007931964, 1.513886226812353 ], [ 103.655397660011914, 1.5138866173297 ], [ 103.655397318914453, 1.513887013816023 ], [ 103.655396984742055, 1.513887416152227 ], [ 103.655396657595091, 1.513887824217458 ], [ 103.65539633757183, 1.513888237889142 ], [ 103.655396024768365, 1.513888657043019 ], [ 103.655395719278729, 1.513889081553186 ], [ 103.655395421194626, 1.513889511292128 ], [ 103.655395130605612, 1.51388994613076 ], [ 103.65539484759897, 1.513890385938466 ], [ 103.655394572259738, 1.513890830583138 ], [ 103.65539430467058, 1.513891279931211 ], [ 103.655394044911887, 1.513891733847713 ], [ 103.655393793061705, 1.513892192196296 ], [ 103.655393549195665, 1.513892654839281 ], [ 103.655393313387023, 1.513893121637701 ], [ 103.655393085706606, 1.513893592451338 ], [ 103.655392866222826, 1.51389406713877 ], [ 103.655392655001577, 1.513894545557412 ], [ 103.655392452106327, 1.513895027563555 ], [ 103.655392257598024, 1.513895513012415 ], [ 103.65539207153509, 1.513896001758173 ], [ 103.655391893973416, 1.513896493654022 ], [ 103.655391724966336, 1.513896988552204 ], [ 103.65539156456461, 1.513897486304062 ], [ 103.655391412816414, 1.513897986760084 ], [ 103.655391269767364, 1.513898489769942 ], [ 103.655391135460391, 1.513898995182543 ], [ 103.655391009935855, 1.51389950284607 ], [ 103.65539089323147, 1.513900012608032 ], [ 103.655390785382266, 1.513900524315308 ], [ 103.65539068642066, 1.513901037814192 ], [ 103.655390596376378, 1.513901552950438 ], [ 103.655390515276451, 1.513902069569311 ], [ 103.655390443145237, 1.513902587515629 ], [ 103.655390380004448, 1.513903106633812 ], [ 103.655390325872986, 1.513903626767927 ], [ 103.655390280767151, 1.513904147761738 ], [ 103.655390244700484, 1.513904669458747 ], [ 103.655390217683831, 1.513905191702249 ], [ 103.655390199725289, 1.513905714335372 ], [ 103.655390190830246, 1.513906237201129 ], [ 103.655390191001388, 1.513906760142461 ], [ 103.655390200238671, 1.513907283002287 ], [ 103.655390218539296, 1.513907805623552 ], [ 103.655390245897777, 1.51390832784927 ], [ 103.655390282305916, 1.513908849522576 ], [ 103.655390327752755, 1.513909370486771 ], [ 103.655390382224638, 1.513909890585367 ], [ 103.655390445705223, 1.513910409662137 ], [ 103.655390518175423, 1.513910927561162 ], [ 103.655390599613483, 1.513911444126876 ], [ 103.655390689994945, 1.513911959204113 ], [ 103.655390789292639, 1.513912472638153 ], [ 103.655390897476735, 1.513912984274774 ] ] ] } },
{ "type": "Feature", "properties": { "edgeID": "e_3_0091", "from_n_id": "n_3_0064", "to_n_id": "n_3_0085_E", "distance": 4.865, "bidir": 1, "accessible": 1, "FloorLevel": "3", "layer": "E3", "path": "C:/Users/Stephanie/Documents/001 Tasek Mall/04 GIS/Interim Nodes and Edges_01/E3.geojson" }, "geometry": { "type": "MultiLineString", "coordinates": [ [ [ 103.655353738311362, 1.513929009610612 ], [ 103.655377264219254, 1.513912333120244 ], [ 103.655377401191032, 1.513912222614937 ], [ 103.655377540055099, 1.5139121144954 ], [ 103.655377680769831, 1.513912008794004 ], [ 103.655377823293108, 1.5139119055424 ], [ 103.655377967582254, 1.513911804771503 ], [ 103.655378113594082, 1.513911706511487 ], [ 103.655378261284838, 1.513911610791772 ], [ 103.655378410610311, 1.51391151764102 ], [ 103.655378561525822, 1.513911427087123 ], [ 103.655378713986153, 1.513911339157194 ], [ 103.655378867945657, 1.513911253877561 ], [ 103.65537902335825, 1.513911171273759 ], [ 103.655379180177377, 1.513911091370522 ], [ 103.655379338356084, 1.513911014191775 ], [ 103.655379497847022, 1.513910939760626 ], [ 103.655379658602428, 1.513910868099363 ], [ 103.655379820574183, 1.513910799229442 ], [ 103.655379983713757, 1.513910733171483 ], [ 103.655380147972338, 1.513910669945269 ], [ 103.655380313300725, 1.513910609569728 ], [ 103.655380479649395, 1.513910552062939 ], [ 103.655380646968567, 1.513910497442122 ], [ 103.655380815208133, 1.51391044572363 ], [ 103.655380984317731, 1.51391039692295 ], [ 103.655381154246726, 1.513910351054693 ], [ 103.655381324944202, 1.513910308132594 ], [ 103.655381496359084, 1.513910268169504 ], [ 103.655381668440029, 1.513910231177389 ], [ 103.655381841135522, 1.513910197167326 ], [ 103.655382014393837, 1.513910166149499 ], [ 103.655382188163131, 1.513910138133194 ], [ 103.65538236239135, 1.513910113126799 ], [ 103.655382537026298, 1.513910091137805 ], [ 103.655382712015737, 1.513910072172792 ], [ 103.65538288730724, 1.513910056237441 ], [ 103.65538306284833, 1.513910043336523 ], [ 103.655383238586467, 1.5139100334739 ], [ 103.655383414468972, 1.513910026652526 ], [ 103.655383590443236, 1.513910022874444 ], [ 103.655383766456552, 1.513910022140784 ], [ 103.655383942456197, 1.513910024451765 ], [ 103.65538411838952, 1.513910029806697 ], [ 103.655384294203799, 1.513910038203976 ], [ 103.65538446984641, 1.513910049641087 ], [ 103.65538464526476, 1.513910064114607 ], [ 103.655384820406312, 1.5139100816202 ], [ 103.65538499521864, 1.513910102152626 ], [ 103.655385169649392, 1.513910125705736 ], [ 103.655385343646344, 1.513910152272479 ], [ 103.655385517157399, 1.5139101818449 ], [ 103.655385690130601, 1.513910214414143 ], [ 103.655385862514166, 1.513910249970458 ], [ 103.655386034256452, 1.513910288503198 ], [ 103.655386205306073, 1.513910330000823 ], [ 103.655386375611783, 1.513910374450911 ], [ 103.655386545122582, 1.513910421840151 ], [ 103.655386713787763, 1.513910472154353 ], [ 103.65538688155678, 1.513910525378454 ], [ 103.655387048379396, 1.513910581496515 ], [ 103.655387214205689, 1.513910640491734 ], [ 103.655387378985978, 1.513910702346446 ], [ 103.655387542670951, 1.513910767042131 ], [ 103.655387705211581, 1.513910834559417 ], [ 103.655387866559209, 1.513910904878087 ], [ 103.65538802666552, 1.513910977977088 ], [ 103.655388185482565, 1.513911053834531 ], [ 103.655388342962794, 1.513911132427703 ], [ 103.655388499059057, 1.513911213733071 ], [ 103.655388653724629, 1.513911297726289 ], [ 103.655388806913166, 1.513911384382211 ], [ 103.65538895857884, 1.513911473674887 ], [ 103.655389108676189, 1.513911565577582 ], [ 103.655389257160323, 1.513911660062777 ], [ 103.655389403986774, 1.513911757102183 ], [ 103.655389549111533, 1.513911856666742 ], [ 103.655389692491198, 1.513911958726643 ], [ 103.655389834082811, 1.513912063251327 ], [ 103.655389973843981, 1.513912170209497 ], [ 103.655390111732856, 1.513912279569126 ], [ 103.655390247708155, 1.513912391297471 ], [ 103.655390381729177, 1.513912505361076 ], [ 103.655390513755748, 1.513912621725789 ], [ 103.655390643748376, 1.513912740356768 ], [ 103.655390771668152, 1.513912861218491 ], [ 103.655390897476735, 1.513912984274774 ] ] ] } },
{ "type": "Feature", "properties": { "edgeID": "e_3_0092", "from_n_id": "n_3_0063", "to_n_id": "n_3_0088_E", "distance": 4.229, "bidir": 1, "accessible": 1, "FloorLevel": "3", "layer": "E3", "path": "C:/Users/Stephanie/Documents/001 Tasek Mall/04 GIS/Interim Nodes and Edges_01/E3.geojson" }, "geometry": { "type": "MultiLineString", "coordinates": [ [ [ 103.655611290450906, 1.514104121072874 ], [ 103.655630511867443, 1.51413711413632 ] ] ] } },
{ "type": "Feature", "properties": { "edgeID": "e_3_0093", "from_n_id": "n_3_0045", "to_n_id": "n_3_0087_E", "distance": 5.231, "bidir": 1, "accessible": 1, "FloorLevel": "3", "layer": "E3", "path": "C:/Users/Stephanie/Documents/001 Tasek Mall/04 GIS/Interim Nodes and Edges_01/E3.geojson" }, "geometry": { "type": "MultiLineString", "coordinates": [ [ [ 103.655624498695062, 1.514261234066118 ], [ 103.655643612106928, 1.514273511315814 ], [ 103.655643737238677, 1.51427360854098 ], [ 103.655643864045359, 1.514273703572806 ], [ 103.655643992488521, 1.514273796382461 ], [ 103.655644122529168, 1.514273886941787 ], [ 103.655644254127907, 1.514273975223313 ], [ 103.655644387244735, 1.51427406120026 ], [ 103.655644521839335, 1.514274144846545 ], [ 103.655644657870852, 1.514274226136792 ], [ 103.655644795298016, 1.514274305046343 ], [ 103.655644934079163, 1.514274381551259 ], [ 103.655645074172142, 1.514274455628332 ], [ 103.655645215534506, 1.51427452725509 ], [ 103.655645358123365, 1.514274596409805 ], [ 103.655645501895449, 1.514274663071497 ], [ 103.65564564680713, 1.514274727219945 ], [ 103.655645792814454, 1.514274788835689 ], [ 103.655645939873153, 1.514274847900037 ], [ 103.655646087938607, 1.514274904395071 ], [ 103.655646236965879, 1.514274958303653 ], [ 103.65564638690978, 1.51427500960943 ], [ 103.65564653772482, 1.514275058296837 ], [ 103.655646689365241, 1.514275104351105 ], [ 103.655646841785057, 1.514275147758263 ], [ 103.65564699493801, 1.514275188505143 ], [ 103.655647148777632, 1.514275226579384 ], [ 103.655647303257311, 1.514275261969437 ], [ 103.655647458330108, 1.514275294664565 ], [ 103.655647613949043, 1.514275324654849 ], [ 103.655647770066864, 1.514275351931192 ], [ 103.655647926636249, 1.514275376485321 ], [ 103.655648083609663, 1.514275398309784 ], [ 103.655648240939513, 1.514275417397964 ], [ 103.65564839857808, 1.514275433744067 ], [ 103.655648556477516, 1.514275447343138 ], [ 103.655648714589915, 1.514275458191048 ], [ 103.65564887286736, 1.514275466284509 ], [ 103.655649031261788, 1.514275471621064 ], [ 103.655649189725168, 1.514275474199094 ], [ 103.655649348209451, 1.514275474017819 ], [ 103.655649506666506, 1.514275471077291 ], [ 103.655649665048315, 1.514275465378405 ], [ 103.655649823306803, 1.514275456922888 ], [ 103.655649981393992, 1.514275445713307 ], [ 103.65565013926188, 1.514275431753059 ], [ 103.655650296862589, 1.514275415046382 ], [ 103.655650454148343, 1.514275395598343 ], [ 103.65565061107138, 1.514275373414842 ], [ 103.655650767584135, 1.514275348502608 ], [ 103.655650923639129, 1.514275320869198 ], [ 103.655651079188971, 1.514275290522997 ], [ 103.65565123418655, 1.514275257473208 ], [ 103.655651388584786, 1.514275221729859 ], [ 103.655651542336855, 1.514275183303791 ], [ 103.655651695396145, 1.514275142206663 ], [ 103.655651847716172, 1.514275098450941 ], [ 103.655651999250779, 1.514275052049899 ], [ 103.655652149953966, 1.514275003017612 ], [ 103.65565229978003, 1.514274951368956 ], [ 103.655652448683512, 1.514274897119599 ], [ 103.655652596619234, 1.514274840285996 ], [ 103.655652743542333, 1.514274780885389 ], [ 103.655652889408231, 1.514274718935799 ], [ 103.655653034172701, 1.514274654456017 ], [ 103.655653177791777, 1.514274587465604 ], [ 103.655653320221944, 1.514274517984882 ], [ 103.655653461419959, 1.514274446034929 ], [ 103.655653601343019, 1.514274371637572 ], [ 103.655653739948661, 1.514274294815378 ], [ 103.655653877194837, 1.514274215591654 ], [ 103.655654013039893, 1.514274133990432 ], [ 103.655654147442661, 1.514274050036466 ], [ 103.655654280362342, 1.514273963755224 ], [ 103.655654411758604, 1.514273875172882 ], [ 103.65565454159163, 1.51427378431631 ], [ 103.655654669821971, 1.514273691213071 ], [ 103.655654796410801, 1.514273595891408 ], [ 103.655654921319638, 1.514273498380239 ], [ 103.655655044510652, 1.514273398709143 ], [ 103.655655165946456, 1.514273296908356 ], [ 103.655655285590214, 1.514273193008762 ], [ 103.655655403405603, 1.514273087041878 ], [ 103.655655519356912, 1.514272979039851 ], [ 103.655655633408969, 1.514272869035443 ], [ 103.655655745527142, 1.514272757062026 ], [ 103.655655855677466, 1.514272643153567 ], [ 103.65565596382649, 1.514272527344622 ], [ 103.655656069941401, 1.514272409670322 ], [ 103.655656173990053, 1.514272290166364 ], [ 103.655656275940842, 1.514272168869001 ], [ 103.65565637576286, 1.51427204581503 ], [ 103.655656473425807, 1.514271921041779 ], [ 103.655656568900085, 1.514271794587099 ], [ 103.655656662156673, 1.514271666489353 ], [ 103.655656753167364, 1.5142715367874 ], [ 103.655656841904474, 1.514271405520583 ], [ 103.655656928341131, 1.514271272728726 ], [ 103.655657012451115, 1.514271138452113 ], [ 103.655657094208877, 1.514271002731475 ], [ 103.655657173589631, 1.514270865607986 ], [ 103.655657250569291, 1.514270727123242 ], [ 103.655657325124537, 1.514270587319255 ], [ 103.655657397232716, 1.514270446238434 ], [ 103.655657466871943, 1.514270303923578 ], [ 103.655657534021131, 1.51427016041786 ], [ 103.6556575986599, 1.514270015764812 ], [ 103.655657660768597, 1.514269870008317 ], [ 103.655657720328449, 1.51426972319259 ], [ 103.655657777321366, 1.51426957536217 ], [ 103.655657831730011, 1.514269426561902 ], [ 103.655657883537941, 1.514269276836926 ], [ 103.655657932729426, 1.514269126232661 ], [ 103.655657979289515, 1.514268974794796 ], [ 103.655658023204111, 1.514268822569269 ], [ 103.655658064459871, 1.51426866960226 ], [ 103.655658103044303, 1.514268515940172 ], [ 103.655658138945682, 1.51426836162962 ], [ 103.65565817215311, 1.514268206717416 ], [ 103.655658202656554, 1.514268051250552 ], [ 103.655658230446733, 1.514267895276192 ], [ 103.655658255515206, 1.51426773884165 ], [ 103.6556582778544, 1.514267581994384 ], [ 103.655658297457506, 1.514267424781974 ], [ 103.655658314318586, 1.51426726725211 ], [ 103.655658328432551, 1.514267109452581 ], [ 103.655658339795067, 1.514266951431258 ], [ 103.655658348402739, 1.514266793236077 ], [ 103.655658354252935, 1.514266634915028 ], [ 103.655658357343867, 1.514266476516138 ], [ 103.655658357674611, 1.514266318087458 ], [ 103.65565835524508, 1.514266159677052 ], [ 103.655658350055987, 1.514266001332971 ], [ 103.655658342108921, 1.514265843103253 ], [ 103.6556583314063, 1.514265685035896 ], [ 103.65565831795135, 1.514265527178853 ], [ 103.655658301748147, 1.514265369580009 ], [ 103.655658282801639, 1.514265212287174 ], [ 103.655658261117551, 1.514265055348064 ], [ 103.655658236702479, 1.514264898810288 ], [ 103.655658209563782, 1.514264742721332 ], [ 103.655658179709761, 1.514264587128548 ], [ 103.655658147149396, 1.514264432079135 ], [ 103.655658111892649, 1.51426427762013 ], [ 103.655658073950164, 1.514264123798388 ], [ 103.655658033333452, 1.514263970660572 ], [ 103.655657990054834, 1.514263818253139 ], [ 103.655657944127469, 1.514263666622321 ], [ 103.655657895565255, 1.514263515814118 ], [ 103.65565784438293, 1.514263365874279 ], [ 103.655657790596038, 1.514263216848287 ], [ 103.655657734220895, 1.514263068781353 ], [ 103.655657675274568, 1.514262921718394 ], [ 103.655657613774977, 1.514262775704021 ], [ 103.655657549740766, 1.514262630782529 ], [ 103.655657519959519, 1.514262566438126 ], [ 103.655657483191362, 1.514262486997882 ] ] ] } },
{ "type": "Feature", "properties": { "edgeID": "e_3_0094", "from_n_id": "n_3_0068", "to_n_id": "n_3_0087_E", "distance": 7.224, "bidir": 1, "accessible": 1, "FloorLevel": "3", "layer": "E3", "path": "C:/Users/Stephanie/Documents/001 Tasek Mall/04 GIS/Interim Nodes and Edges_01/E3.geojson" }, "geometry": { "type": "MultiLineString", "coordinates": [ [ [ 103.655683175308056, 1.514322481934151 ], [ 103.655658202375534, 1.51426413958922 ], [ 103.655657549740738, 1.514262630782529 ], [ 103.655657519959519, 1.514262566438126 ], [ 103.655657483191362, 1.514262486997882 ] ] ] } },
{ "type": "Feature", "properties": { "edgeID": "e_3_0095", "from_n_id": "n_3_0069", "to_n_id": "n_3_0087_E", "distance": 8.152, "bidir": 1, "accessible": 1, "FloorLevel": "3", "layer": "E3", "path": "C:/Users/Stephanie/Documents/001 Tasek Mall/04 GIS/Interim Nodes and Edges_01/E3.geojson" }, "geometry": { "type": "MultiLineString", "coordinates": [ [ [ 103.655721596545277, 1.514298423242468 ], [ 103.655657549740738, 1.514262630782529 ] ] ] } },
{ "type": "Feature", "properties": { "edgeID": "e_3_0096", "from_n_id": "n_3_0071", "to_n_id": "n_3_0087_E", "distance": 10.232, "bidir": 1, "accessible": 1, "FloorLevel": "3", "layer": "E3", "path": "C:/Users/Stephanie/Documents/001 Tasek Mall/04 GIS/Interim Nodes and Edges_01/E3.geojson" }, "geometry": { "type": "MultiLineString", "coordinates": [ [ [ 103.655711587302449, 1.514208805037196 ], [ 103.655680655062795, 1.514262853895551 ], [ 103.655680576850912, 1.514263053646731 ], [ 103.655680495171737, 1.514263252006337 ], [ 103.655680410050039, 1.51426344891423 ], [ 103.65568032151161, 1.514263644310713 ], [ 103.655680229583325, 1.514263838136547 ], [ 103.65568013429305, 1.514264030332967 ], [ 103.655680035669633, 1.514264220841705 ], [ 103.655679933743016, 1.514264409605003 ], [ 103.655679828544109, 1.514264596565632 ], [ 103.655679720104757, 1.51426478166691 ], [ 103.655679608457888, 1.51426496485272 ], [ 103.655679493637294, 1.514265146067524 ], [ 103.655679375677849, 1.51426532525638 ], [ 103.655679254615279, 1.514265502364965 ], [ 103.655679130486291, 1.514265677339583 ], [ 103.655679003328515, 1.514265850127185 ], [ 103.655678873180506, 1.514266020675386 ], [ 103.655678740081754, 1.514266188932481 ], [ 103.655678604072563, 1.514266354847458 ], [ 103.655678465194171, 1.514266518370015 ], [ 103.655678323488701, 1.514266679450576 ], [ 103.655678178999125, 1.514266838040306 ], [ 103.655678031769241, 1.514266994091124 ], [ 103.655677881843673, 1.514267147555719 ], [ 103.655677729267879, 1.514267298387563 ], [ 103.655677574088102, 1.51426744654093 ], [ 103.655677416351438, 1.514267591970902 ], [ 103.655677256105648, 1.514267734633387 ], [ 103.655677093399362, 1.514267874485135 ], [ 103.655676928281878, 1.514268011483746 ], [ 103.65567676080326, 1.514268145587685 ], [ 103.655676591014327, 1.514268276756294 ], [ 103.655676418966479, 1.514268404949807 ], [ 103.655676244711927, 1.514268530129358 ], [ 103.655676068303507, 1.514268652256997 ], [ 103.655675889794679, 1.514268771295696 ], [ 103.65567570923956, 1.514268887209366 ], [ 103.655675526692903, 1.514268999962865 ], [ 103.65567534221006, 1.514269109522009 ], [ 103.655675155846936, 1.514269215853582 ], [ 103.655674967660048, 1.514269318925346 ], [ 103.655674777706452, 1.514269418706053 ], [ 103.655674586043716, 1.514269515165453 ], [ 103.655674392729992, 1.514269608274299 ], [ 103.655674197823842, 1.514269698004365 ], [ 103.655674001384384, 1.514269784328446 ], [ 103.655673803471174, 1.514269867220371 ], [ 103.655673604144184, 1.514269946655009 ], [ 103.655673403463865, 1.514270022608277 ], [ 103.655673201491069, 1.514270095057148 ], [ 103.655672998287031, 1.514270163979658 ], [ 103.655672793913325, 1.51427022935491 ], [ 103.655672588431941, 1.514270291163084 ], [ 103.655672381905177, 1.514270349385442 ], [ 103.655672174395647, 1.514270404004332 ], [ 103.655671965966249, 1.514270455003195 ], [ 103.655671756680178, 1.514270502366569 ], [ 103.655671546600871, 1.514270546080095 ], [ 103.65567133579205, 1.51427058613052 ], [ 103.655671124317621, 1.514270622505702 ], [ 103.655670912241675, 1.514270655194612 ], [ 103.655670699628516, 1.51427068418734 ], [ 103.655670486542633, 1.514270709475096 ], [ 103.655670273048585, 1.514270731050213 ], [ 103.655670059211133, 1.514270748906152 ], [ 103.655669845095076, 1.514270763037496 ], [ 103.65566963076536, 1.514270773439964 ], [ 103.655669416286926, 1.5142707801104 ], [ 103.655669201724848, 1.514270783046782 ], [ 103.655668987144139, 1.514270782248222 ], [ 103.655668772609872, 1.514270777714959 ], [ 103.655668558187074, 1.51427076944837 ], [ 103.655668343940775, 1.514270757450958 ], [ 103.655668129935904, 1.514270741726364 ], [ 103.655667916237377, 1.514270722279353 ], [ 103.655667702909938, 1.514270699115822 ], [ 103.655667490018303, 1.514270672242793 ], [ 103.655667277626989, 1.514270641668413 ], [ 103.655667065800401, 1.514270607401952 ], [ 103.655666854602742, 1.514270569453799 ], [ 103.655666644098048, 1.514270527835458 ], [ 103.655666434350167, 1.514270482559548 ], [ 103.655666225422664, 1.514270433639794 ], [ 103.655666017378891, 1.514270381091028 ], [ 103.655665810281903, 1.514270324929182 ], [ 103.655665604194496, 1.514270265171282 ], [ 103.655665399179185, 1.514270201835447 ], [ 103.65566519529807, 1.514270134940877 ], [ 103.655664992612984, 1.514270064507853 ], [ 103.655664791185401, 1.51426999055773 ], [ 103.655664591076359, 1.514269913112927 ], [ 103.655664392346537, 1.514269832196923 ], [ 103.65566419505619, 1.51426974783425 ], [ 103.655663999265116, 1.514269660050485 ], [ 103.655663805032688, 1.514269568872242 ], [ 103.655663612417797, 1.514269474327164 ], [ 103.655663421478835, 1.514269376443915 ], [ 103.655663232273668, 1.51426927525217 ], [ 103.655663044859693, 1.514269170782609 ], [ 103.655662859293685, 1.514269063066904 ], [ 103.655662675631973, 1.514268952137712 ], [ 103.655662493930166, 1.514268838028665 ], [ 103.655662314243401, 1.514268720774357 ], [ 103.655662136626106, 1.514268600410337 ], [ 103.655661961132196, 1.514268476973095 ], [ 103.655661787814822, 1.514268350500057 ], [ 103.655661616726562, 1.514268221029565 ], [ 103.655661447919272, 1.514268088600871 ], [ 103.655661281444125, 1.514267953254125 ], [ 103.655661117351599, 1.514267815030361 ], [ 103.655660955691431, 1.514267673971486 ], [ 103.655660796512677, 1.514267530120263 ], [ 103.655660639863541, 1.514267383520306 ], [ 103.655660485791543, 1.514267234216061 ], [ 103.655660334343366, 1.514267082252792 ], [ 103.655660185564983, 1.514266927676572 ], [ 103.655660039501441, 1.514266770534265 ], [ 103.655659896197065, 1.514266610873511 ], [ 103.655659755695268, 1.514266448742717 ], [ 103.655659618038669, 1.514266284191036 ], [ 103.655659483269005, 1.514266117268358 ], [ 103.655659351427104, 1.514265948025288 ], [ 103.65565922255297, 1.514265776513137 ], [ 103.655659096685653, 1.514265602783903 ], [ 103.655658973863339, 1.514265426890258 ], [ 103.655658854123246, 1.514265248885527 ], [ 103.655658737501668, 1.514265068823679 ], [ 103.65565862403399, 1.514264886759302 ], [ 103.655658513754588, 1.514264702747595 ], [ 103.655658406696915, 1.514264516844345 ], [ 103.655658302893386, 1.514264329105914 ], [ 103.655658202375534, 1.51426413958922 ], [ 103.655658105173785, 1.51426394835172 ], [ 103.655658011317627, 1.514263755451393 ], [ 103.655657920835537, 1.51426356094672 ], [ 103.655657833754901, 1.514263364896671 ], [ 103.655657750102137, 1.514263167360685 ], [ 103.655657669902624, 1.514262968398649 ], [ 103.655657593180649, 1.514262768070883 ], [ 103.655657519959519, 1.514262566438126 ] ] ] } },
{ "type": "Feature", "properties": { "edgeID": "e_3_0097", "from_n_id": "n_3_0060", "to_n_id": "n_3_0086_E", "distance": 2.485, "bidir": 1, "accessible": 1, "FloorLevel": "3", "layer": "E3", "path": "C:/Users/Stephanie/Documents/001 Tasek Mall/04 GIS/Interim Nodes and Edges_01/E3.geojson" }, "geometry": { "type": "MultiLineString", "coordinates": [ [ [ 103.655429385906828, 1.514057571277922 ], [ 103.655417988416445, 1.514038759108815 ], [ 103.655417951575771, 1.514038684611161 ], [ 103.655417913440075, 1.514038610767588 ], [ 103.655417874021026, 1.51403853760059 ], [ 103.65541783333056, 1.514038465132452 ], [ 103.655417766395956, 1.514038384119791 ] ] ] } },
{ "type": "Feature", "properties": { "edgeID": "e_3_0098", "from_n_id": "n_3_0059", "to_n_id": "n_3_0086_E", "distance": 4.382, "bidir": 1, "accessible": 1, "FloorLevel": "3", "layer": "E3", "path": "C:/Users/Stephanie/Documents/001 Tasek Mall/04 GIS/Interim Nodes and Edges_01/E3.geojson" }, "geometry": { "type": "MultiLineString", "coordinates": [ [ [ 103.655396050621547, 1.514022775203022 ], [ 103.655409609044241, 1.514043270383769 ], [ 103.655409652239896, 1.514043341388181 ], [ 103.655409696668599, 1.514043411628173 ], [ 103.655409742316806, 1.514043481082352 ], [ 103.655409789170633, 1.514043549729558 ], [ 103.655409837215828, 1.514043617548882 ], [ 103.655409886437695, 1.514043684519666 ], [ 103.655409936821286, 1.51404375062151 ], [ 103.655409988351238, 1.514043815834278 ], [ 103.655410041011862, 1.514043880138106 ], [ 103.655410094787129, 1.514043943513407 ], [ 103.655410149660625, 1.514044005940876 ], [ 103.655410205615652, 1.514044067401495 ], [ 103.655410262635172, 1.514044127876545 ], [ 103.655410320701819, 1.514044187347604 ], [ 103.655410379797885, 1.514044245796557 ], [ 103.655410439905395, 1.514044303205599 ], [ 103.655410501006017, 1.514044359557243 ], [ 103.655410563081162, 1.514044414834323 ], [ 103.655410626111887, 1.514044469020002 ], [ 103.655410690079023, 1.514044522097775 ], [ 103.655410754963086, 1.514044574051473 ], [ 103.655410820744279, 1.514044624865271 ], [ 103.655410887402596, 1.514044674523689 ], [ 103.655410954917741, 1.514044723011603 ], [ 103.655411023269096, 1.514044770314242 ], [ 103.655411092435884, 1.514044816417197 ], [ 103.655411162397044, 1.514044861306425 ], [ 103.655411233131233, 1.514044904968251 ], [ 103.655411304616919, 1.514044947389377 ], [ 103.655411376832319, 1.51404498855688 ], [ 103.655411449755462, 1.514045028458221 ], [ 103.655411523364108, 1.514045067081245 ], [ 103.655411597635847, 1.514045104414187 ], [ 103.655411672548027, 1.514045140445674 ], [ 103.655411748077881, 1.514045175164732 ], [ 103.655411824202361, 1.514045208560785 ], [ 103.655411900898301, 1.514045240623661 ], [ 103.655411978142311, 1.514045271343591 ], [ 103.655412055910901, 1.514045300711219 ], [ 103.655412134180352, 1.514045328717599 ], [ 103.655412212926834, 1.5140453553542 ], [ 103.655412292126357, 1.514045380612909 ], [ 103.655412371754792, 1.514045404486031 ], [ 103.65541245178791, 1.514045426966294 ], [ 103.655412532201296, 1.514045448046852 ], [ 103.655412612970451, 1.51404546772128 ], [ 103.655412694070819, 1.514045485983589 ], [ 103.655412775477657, 1.514045502828213 ], [ 103.655412857166169, 1.514045518250023 ], [ 103.6554129391115, 1.51404553224432 ], [ 103.655413021288652, 1.514045544806843 ], [ 103.655413103672615, 1.514045555933763 ], [ 103.655413186238292, 1.514045565621693 ], [ 103.65541326896053, 1.51404557386768 ], [ 103.655413351814119, 1.514045580669214 ], [ 103.655413434773862, 1.514045586024221 ], [ 103.655413517814452, 1.514045589931071 ], [ 103.655413600910592, 1.514045592388575 ], [ 103.655413684036972, 1.514045593395982 ], [ 103.655413767168298, 1.514045592952988 ], [ 103.655413850279231, 1.514045591059725 ], [ 103.655413933344434, 1.514045587716772 ], [ 103.655414016338639, 1.514045582925146 ], [ 103.655414099236538, 1.514045576686307 ], [ 103.65541418201289, 1.514045569002155 ], [ 103.655414264642488, 1.514045559875032 ], [ 103.655414347100148, 1.514045549307717 ], [ 103.655414429360761, 1.514045537303429 ], [ 103.655414511399272, 1.514045523865825 ], [ 103.655414593190685, 1.514045508998998 ], [ 103.655414674710102, 1.514045492707476 ], [ 103.655414755932654, 1.514045474996223 ], [ 103.655414836833657, 1.514045455870633 ], [ 103.655414917388399, 1.514045435336532 ], [ 103.655414997572393, 1.514045413400176 ], [ 103.655415077361198, 1.514045390068244 ], [ 103.655415156730527, 1.514045365347846 ], [ 103.65541523565615, 1.514045339246511 ], [ 103.65541531411408, 1.51404531177219 ], [ 103.655415392080414, 1.514045282933252 ], [ 103.655415469531363, 1.514045252738481 ], [ 103.655415546443379, 1.514045221197076 ], [ 103.655415622793001, 1.514045188318642 ], [ 103.655415698556993, 1.514045154113197 ], [ 103.655415773712278, 1.51404511859116 ], [ 103.655415848235961, 1.51404508176335 ], [ 103.65541592210532, 1.514045043640986 ], [ 103.655415995297872, 1.51404500423568 ], [ 103.655416067791307, 1.514044963559435 ], [ 103.65541613956357, 1.514044921624642 ], [ 103.655416210592776, 1.514044878444075 ], [ 103.655416280857295, 1.514044834030886 ], [ 103.655416350335742, 1.514044788398605 ], [ 103.655416419006912, 1.514044741561131 ], [ 103.65541648684993, 1.514044693532732 ], [ 103.655416553844105, 1.514044644328038 ], [ 103.655416619969031, 1.514044593962036 ], [ 103.655416685204571, 1.514044542450069 ], [ 103.655416749530872, 1.514044489807828 ], [ 103.65541681292828, 1.514044436051348 ], [ 103.655416875377568, 1.514044381197004 ], [ 103.655416936859652, 1.514044325261505 ], [ 103.655416997355815, 1.514044268261889 ], [ 103.655417056847654, 1.51404421021552 ], [ 103.655417115317007, 1.514044151140078 ], [ 103.655417172746112, 1.514044091053558 ], [ 103.655417229117432, 1.514044029974265 ], [ 103.655417284413829, 1.514043967920802 ], [ 103.65541733861842, 1.514043904912072 ], [ 103.655417391714735, 1.514043840967268 ], [ 103.655417443686574, 1.514043776105869 ], [ 103.655417494518119, 1.514043710347631 ], [ 103.655417544193881, 1.514043643712585 ], [ 103.655417592698726, 1.514043576221029 ], [ 103.655417640017873, 1.514043507893522 ], [ 103.655417686136943, 1.514043438750877 ], [ 103.655417731041837, 1.514043368814154 ], [ 103.655417774718941, 1.514043298104659 ], [ 103.655417817154856, 1.514043226643929 ], [ 103.655417858336733, 1.514043154453732 ], [ 103.655417898252026, 1.514043081556058 ], [ 103.65541793688854, 1.514043007973112 ], [ 103.65541797423451, 1.514042933727308 ], [ 103.655418010278581, 1.514042858841263 ], [ 103.655418045009768, 1.514042783337787 ], [ 103.655418078417483, 1.514042707239879 ], [ 103.655418110491553, 1.51404263057072 ], [ 103.655418141222214, 1.514042553353664 ], [ 103.6554181706001, 1.514042475612232 ], [ 103.655418198616246, 1.514042397370104 ], [ 103.655418225262181, 1.514042318651114 ], [ 103.655418250529692, 1.514042239479241 ], [ 103.655418274411147, 1.5140421598786 ], [ 103.655418296899256, 1.514042079873441 ], [ 103.655418317987184, 1.514041999488131 ], [ 103.655418337668493, 1.514041918747158 ], [ 103.655418355937172, 1.514041837675116 ], [ 103.655418372787679, 1.5140417562967 ], [ 103.655418388214869, 1.5140416746367 ], [ 103.655418402214053, 1.514041592719989 ], [ 103.655418414780968, 1.51404151057152 ], [ 103.655418425911762, 1.514041428216316 ], [ 103.655418435603096, 1.514041345679465 ], [ 103.655418443851971, 1.514041262986106 ], [ 103.655418450655873, 1.514041180161429 ], [ 103.655418456012754, 1.514041097230664 ], [ 103.655418459920966, 1.514041014219072 ], [ 103.655418462379316, 1.514040931151939 ], [ 103.655418463387093, 1.514040848054569 ], [ 103.655418462943928, 1.514040764952272 ], [ 103.655418461050004, 1.514040681870364 ], [ 103.655418457705892, 1.514040598834152 ], [ 103.655418452912585, 1.514040515868929 ], [ 103.655418446671575, 1.514040432999967 ], [ 103.655418438984739, 1.51404035025251 ], [ 103.655418429854421, 1.514040267651762 ], [ 103.655418419283436, 1.514040185222885 ], [ 103.655418407274936, 1.514040102990987 ], [ 103.655418393832662, 1.514040020981118 ], [ 103.655418378960618, 1.514039939218258 ], [ 103.655418362663426, 1.514039857727312 ], [ 103.655418344945971, 1.514039776533104 ], [ 103.655418325813699, 1.514039695660366 ], [ 103.655418305272434, 1.514039615133733 ], [ 103.655418283328416, 1.514039534977734 ], [ 103.655418259988338, 1.514039455216786 ], [ 103.65541823525929, 1.514039375875184 ], [ 103.655418209148849, 1.514039296977096 ], [ 103.655418181664942, 1.514039218546556 ], [ 103.655418152815926, 1.514039140607455 ], [ 103.655418122610612, 1.514039063183532 ], [ 103.655418091058195, 1.514038986298374 ], [ 103.65541805816828, 1.514038909975398 ], [ 103.655418023950872, 1.514038834237855 ], [ 103.655417988416445, 1.514038759108815 ], [ 103.655417951575771, 1.514038684611161 ], [ 103.655417913440075, 1.514038610767588 ], [ 103.655417874021026, 1.51403853760059 ], [ 103.65541783333056, 1.514038465132452 ], [ 103.65541779138114, 1.514038393385249 ] ] ] } },
{ "type": "Feature", "properties": { "edgeID": "e_3_0099", "from_n_id": "n_3_0014", "to_n_id": "n_3_0072", "distance": 1.647, "bidir": 1, "accessible": 1, "FloorLevel": "3", "layer": "E3", "path": "C:/Users/Stephanie/Documents/001 Tasek Mall/04 GIS/Interim Nodes and Edges_01/E3.geojson" }, "geometry": { "type": "MultiLineString", "coordinates": [ [ [ 103.654289587355606, 1.514346404330001 ], [ 103.654299916593317, 1.514357070599469 ] ] ] } },
{ "type": "Feature", "properties": { "edgeID": "e_3_0100", "from_n_id": "n_3_0072", "to_n_id": "n_3_0073", "distance": 2.948, "bidir": 1, "accessible": 1, "FloorLevel": "3", "layer": "E3", "path": "C:/Users/Stephanie/Documents/001 Tasek Mall/04 GIS/Interim Nodes and Edges_01/E3.geojson" }, "geometry": { "type": "MultiLineString", "coordinates": [ [ [ 103.654299916593317, 1.514357070599469 ], [ 103.654319110736139, 1.51433869424582 ] ] ] } },
{ "type": "Feature", "properties": { "edgeID": "e_3_0101", "from_n_id": "n_3_0073", "to_n_id": "n_3_0074", "distance": 2.238, "bidir": 1, "accessible": 1, "FloorLevel": "3", "layer": "E3", "path": "C:/Users/Stephanie/Documents/001 Tasek Mall/04 GIS/Interim Nodes and Edges_01/E3.geojson" }, "geometry": { "type": "MultiLineString", "coordinates": [ [ [ 103.654319110736139, 1.51433869424582 ], [ 103.654333679183807, 1.514324746503994 ] ] ] } },
{ "type": "Feature", "properties": { "edgeID": "e_3_0102", "from_n_id": "n_3_0074", "to_n_id": "n_3_0075", "distance": 2.323, "bidir": 1, "accessible": 1, "FloorLevel": "3", "layer": "E3", "path": "C:/Users/Stephanie/Documents/001 Tasek Mall/04 GIS/Interim Nodes and Edges_01/E3.geojson" }, "geometry": { "type": "MultiLineString", "coordinates": [ [ [ 103.654333679183807, 1.514324746503994 ], [ 103.65434880485293, 1.514310265281693 ] ] ] } },
{ "type": "Feature", "properties": { "edgeID": "e_3_0103", "from_n_id": "n_3_0075", "to_n_id": "n_3_0076", "distance": 3.377, "bidir": 1, "accessible": 1, "FloorLevel": "3", "layer": "E3", "path": "C:/Users/Stephanie/Documents/001 Tasek Mall/04 GIS/Interim Nodes and Edges_01/E3.geojson" }, "geometry": { "type": "MultiLineString", "coordinates": [ [ [ 103.65434880485293, 1.514310265281693 ], [ 103.654370791715067, 1.514289215195404 ] ] ] } },
{ "type": "Feature", "properties": { "edgeID": "e_3_0104", "from_n_id": "n_3_0075", "to_n_id": "n_3_0070_E", "distance": 3.214, "bidir": 1, "accessible": 1, "FloorLevel": "3", "layer": "E3", "path": "C:/Users/Stephanie/Documents/001 Tasek Mall/04 GIS/Interim Nodes and Edges_01/E3.geojson" }, "geometry": { "type": "MultiLineString", "coordinates": [ [ [ 103.65434880485293, 1.514310265281693 ], [ 103.654368926934197, 1.514331111637309 ] ] ] } },
{ "type": "Feature", "properties": { "edgeID": "e_3_0105", "from_n_id": "n_3_0074", "to_n_id": "n_3_0069_E", "distance": 3.214, "bidir": 1, "accessible": 1, "FloorLevel": "3", "layer": "E3", "path": "C:/Users/Stephanie/Documents/001 Tasek Mall/04 GIS/Interim Nodes and Edges_01/E3.geojson" }, "geometry": { "type": "MultiLineString", "coordinates": [ [ [ 103.654333679183807, 1.514324746503994 ], [ 103.654353727700254, 1.514345667109062 ] ] ] } },
{ "type": "Feature", "properties": { "edgeID": "e_3_0106", "from_n_id": "n_3_0073", "to_n_id": "n_3_0103_E", "distance": 3.21, "bidir": 1, "accessible": 1, "FloorLevel": "3", "layer": "E3", "path": "C:/Users/Stephanie/Documents/001 Tasek Mall/04 GIS/Interim Nodes and Edges_01/E3.geojson" }, "geometry": { "type": "MultiLineString", "coordinates": [ [ [ 103.654319110736139, 1.51433869424582 ], [ 103.6543390859363, 1.514359634734823 ] ] ] } },
{ "type": "Feature", "properties": { "edgeID": "e_3_0107", "from_n_id": "n_3_0077", "to_n_id": "n_3_0071_E", "distance": 1.476, "bidir": 1, "accessible": 1, "FloorLevel": "3", "layer": "E3", "path": "C:/Users/Stephanie/Documents/001 Tasek Mall/04 GIS/Interim Nodes and Edges_01/E3.geojson" }, "geometry": { "type": "MultiLineString", "coordinates": [ [ [ 103.65445701068947, 1.514453520087586 ], [ 103.654447836978804, 1.514443874014171 ] ] ] } },
{ "type": "Feature", "properties": { "edgeID": "e_3_0108", "from_n_id": "n_3_0078", "to_n_id": "n_3_0072_E", "distance": 1.473, "bidir": 1, "accessible": 1, "FloorLevel": "3", "layer": "E3", "path": "C:/Users/Stephanie/Documents/001 Tasek Mall/04 GIS/Interim Nodes and Edges_01/E3.geojson" }, "geometry": { "type": "MultiLineString", "coordinates": [ [ [ 103.654471641014752, 1.514439512997594 ], [ 103.654462490655177, 1.514429893143896 ] ] ] } },
{ "type": "Feature", "properties": { "edgeID": "e_3_0109", "from_n_id": "n_3_0016", "to_n_id": "n_3_0077", "distance": 5.176, "bidir": 1, "accessible": 1, "FloorLevel": "3", "layer": "E3", "path": "C:/Users/Stephanie/Documents/001 Tasek Mall/04 GIS/Interim Nodes and Edges_01/E3.geojson" }, "geometry": { "type": "MultiLineString", "coordinates": [ [ [ 103.65442331027333, 1.514485784903788 ], [ 103.654456893339358, 1.514453632438727 ], [ 103.65445701068947, 1.514453520087586 ] ] ] } },
{ "type": "Feature", "properties": { "edgeID": "e_3_0110", "from_n_id": "n_3_0077", "to_n_id": "n_3_0078", "distance": 2.247, "bidir": 1, "accessible": 1, "FloorLevel": "3", "layer": "E3", "path": "C:/Users/Stephanie/Documents/001 Tasek Mall/04 GIS/Interim Nodes and Edges_01/E3.geojson" }, "geometry": { "type": "MultiLineString", "coordinates": [ [ [ 103.65445701068947, 1.514453520087586 ], [ 103.654457268144071, 1.514453273600245 ], [ 103.654471641014766, 1.514439512997593 ] ] ] } },
{ "type": "Feature", "properties": { "edgeID": "e_3_0111", "from_n_id": "n_3_0081", "to_n_id": "n_3_0079", "distance": 2.925, "bidir": 1, "accessible": 1, "FloorLevel": "3", "layer": "E3", "path": "C:/Users/Stephanie/Documents/001 Tasek Mall/04 GIS/Interim Nodes and Edges_01/E3.geojson" }, "geometry": { "type": "MultiLineString", "coordinates": [ [ [ 103.654312510337917, 1.513994030103684 ], [ 103.654330883061661, 1.514012945966757 ] ] ] } },
{ "type": "Feature", "properties": { "edgeID": "e_3_0112", "from_n_id": "n_3_0079", "to_n_id": "n_3_0080", "distance": 1.99, "bidir": 1, "accessible": 1, "FloorLevel": "3", "layer": "E3", "path": "C:/Users/Stephanie/Documents/001 Tasek Mall/04 GIS/Interim Nodes and Edges_01/E3.geojson" }, "geometry": { "type": "MultiLineString", "coordinates": [ [ [ 103.654332441177132, 1.514014550143632 ], [ 103.654344938699893, 1.514027417121375 ] ] ] } },
{ "type": "Feature", "properties": { "edgeID": "e_3_0113", "from_n_id": "n_3_0080", "to_n_id": "n_3_0082", "distance": 3.255, "bidir": 1, "accessible": 1, "FloorLevel": "3", "layer": "E3", "path": "C:/Users/Stephanie/Documents/001 Tasek Mall/04 GIS/Interim Nodes and Edges_01/E3.geojson" }, "geometry": { "type": "MultiLineString", "coordinates": [ [ [ 103.65434555665243, 1.514028053341995 ], [ 103.654366000848952, 1.514049101914889 ] ] ] } },
{ "type": "Feature", "properties": { "edgeID": "e_3_0114", "from_n_id": "n_3_0079", "to_n_id": "n_3_0075_E", "distance": 2.039, "bidir": 1, "accessible": 1, "FloorLevel": "3", "layer": "E3", "path": "C:/Users/Stephanie/Documents/001 Tasek Mall/04 GIS/Interim Nodes and Edges_01/E3.geojson" }, "geometry": { "type": "MultiLineString", "coordinates": [ [ [ 103.654330883061661, 1.514012945966757 ], [ 103.65431746242183, 1.514025506472411 ] ] ] } },
{ "type": "Feature", "properties": { "edgeID": "e_3_0115", "from_n_id": "n_3_0076_E", "to_n_id": "n_3_0080", "distance": 2.07, "bidir": 1, "accessible": 1, "FloorLevel": "3", "layer": "E3", "path": "C:/Users/Stephanie/Documents/001 Tasek Mall/04 GIS/Interim Nodes and Edges_01/E3.geojson" }, "geometry": { "type": "MultiLineString", "coordinates": [ [ [ 103.65433137795462, 1.514040227184754 ], [ 103.654344938699893, 1.514027417121375 ] ] ] } },
{ "type": "Feature", "properties": { "edgeID": "e_3_0116", "from_n_id": "n_3_0083", "to_n_id": "n_3_0084", "distance": 2.863, "bidir": 1, "accessible": 1, "FloorLevel": "3", "layer": "E3", "path": "C:/Users/Stephanie/Documents/001 Tasek Mall/04 GIS/Interim Nodes and Edges_01/E3.geojson" }, "geometry": { "type": "MultiLineString", "coordinates": [ [ [ 103.654185663499561, 1.514115749708004 ], [ 103.654203515266715, 1.514134399110923 ] ] ] } },
{ "type": "Feature", "properties": { "edgeID": "e_3_0117", "from_n_id": "n_3_0086", "to_n_id": "n_3_0085", "distance": 3.552, "bidir": 1, "accessible": 1, "FloorLevel": "3", "layer": "E3", "path": "C:/Users/Stephanie/Documents/001 Tasek Mall/04 GIS/Interim Nodes and Edges_01/E3.geojson" }, "geometry": { "type": "MultiLineString", "coordinates": [ [ [ 103.654239801175635, 1.514171757710902 ], [ 103.654217487313829, 1.514148784202484 ] ] ] } },
{ "type": "Feature", "properties": { "edgeID": "e_3_0118", "from_n_id": "n_3_0084", "to_n_id": "n_3_0085", "distance": 2.224, "bidir": 1, "accessible": 1, "FloorLevel": "3", "layer": "E3", "path": "C:/Users/Stephanie/Documents/001 Tasek Mall/04 GIS/Interim Nodes and Edges_01/E3.geojson" }, "geometry": { "type": "MultiLineString", "coordinates": [ [ [ 103.654203515266715, 1.514134399110923 ], [ 103.654217487313829, 1.514148784202484 ] ] ] } },
{ "type": "Feature", "properties": { "edgeID": "e_3_0119", "from_n_id": "n_3_0084", "to_n_id": "n_3_0073_E", "distance": 2.391, "bidir": 1, "accessible": 1, "FloorLevel": "3", "layer": "E3", "path": "C:/Users/Stephanie/Documents/001 Tasek Mall/04 GIS/Interim Nodes and Edges_01/E3.geojson" }, "geometry": { "type": "MultiLineString", "coordinates": [ [ [ 103.654203515266715, 1.514134399110923 ], [ 103.654219179370571, 1.514119602125037 ] ] ] } },
{ "type": "Feature", "properties": { "edgeID": "e_3_0120", "from_n_id": "n_3_0085", "to_n_id": "n_3_0074_E", "distance": 2.366, "bidir": 1, "accessible": 1, "FloorLevel": "3", "layer": "E3", "path": "C:/Users/Stephanie/Documents/001 Tasek Mall/04 GIS/Interim Nodes and Edges_01/E3.geojson" }, "geometry": { "type": "MultiLineString", "coordinates": [ [ [ 103.654217487313829, 1.514148784202484 ], [ 103.654233129997493, 1.514134289688681 ] ] ] } },
{ "type": "Feature", "properties": { "edgeID": "e_3_0121", "from_n_id": "n_3_0083", "to_n_id": "n_3_0030", "distance": 4.523, "bidir": 1, "accessible": 1, "FloorLevel": "3", "layer": "E3", "path": "C:/Users/Stephanie/Documents/001 Tasek Mall/04 GIS/Interim Nodes and Edges_01/E3.geojson" }, "geometry": { "type": "MultiLineString", "coordinates": [ [ [ 103.654186228010374, 1.514116600805111 ], [ 103.654158551942643, 1.514143463430991 ], [ 103.654156974058125, 1.514144994939051 ] ] ] } },
{ "type": "Feature", "properties": { "edgeID": "e_3_0122", "from_n_id": "n_3_0081", "to_n_id": "n_3_0083", "distance": 19.524, "bidir": 1, "accessible": 1, "FloorLevel": "3", "layer": "E3", "path": "C:/Users/Stephanie/Documents/001 Tasek Mall/04 GIS/Interim Nodes and Edges_01/E3.geojson" }, "geometry": { "type": "MultiLineString", "coordinates": [ [ [ 103.654312510337917, 1.513994030103683 ], [ 103.654295372265182, 1.514010664463284 ], [ 103.654201255005049, 1.514102015476617 ], [ 103.654186228010374, 1.514116600805111 ] ] ] } },
{ "type": "Feature", "properties": { "edgeID": "e_3_0123", "from_n_id": "n_3_0028", "to_n_id": "n_3_0082", "distance": 21.638, "bidir": 1, "accessible": 1, "FloorLevel": "3", "layer": "E3", "path": "C:/Users/Stephanie/Documents/001 Tasek Mall/04 GIS/Interim Nodes and Edges_01/E3.geojson" }, "geometry": { "type": "MultiLineString", "coordinates": [ [ [ 103.654505866689121, 1.513913163710476 ], [ 103.654366000848952, 1.514049101914889 ] ] ] } },
{ "type": "Feature", "properties": { "edgeID": "e_3_0124", "from_n_id": "n_3_0086", "to_n_id": "n_3_0031", "distance": 4.415, "bidir": 1, "accessible": 1, "FloorLevel": "3", "layer": "E3", "path": "C:/Users/Stephanie/Documents/001 Tasek Mall/04 GIS/Interim Nodes and Edges_01/E3.geojson" }, "geometry": { "type": "MultiLineString", "coordinates": [ [ [ 103.654238723211819, 1.51417280540385 ], [ 103.654210184675833, 1.514200542533711 ] ] ] } },
{ "type": "Feature", "properties": { "edgeID": "e_3_0125", "from_n_id": "n_3_0087", "to_n_id": "n_3_0068_E", "distance": 2.032, "bidir": 1, "accessible": 1, "FloorLevel": "3", "layer": "E3", "path": "C:/Users/Stephanie/Documents/001 Tasek Mall/04 GIS/Interim Nodes and Edges_01/E3.geojson" }, "geometry": { "type": "MultiLineString", "coordinates": [ [ [ 103.654747863456592, 1.514402576310219 ], [ 103.654761214775405, 1.514390035093873 ] ] ] } },
{ "type": "Feature", "properties": { "edgeID": "e_3_0126", "from_n_id": "n_3_0088", "to_n_id": "n_3_0067_E", "distance": 2.028, "bidir": 1, "accessible": 1, "FloorLevel": "3", "layer": "E3", "path": "C:/Users/Stephanie/Documents/001 Tasek Mall/04 GIS/Interim Nodes and Edges_01/E3.geojson" }, "geometry": { "type": "MultiLineString", "coordinates": [ [ [ 103.654762149289994, 1.514417631847849 ], [ 103.654775402458611, 1.51440504369233 ] ] ] } },
{ "type": "Feature", "properties": { "edgeID": "e_3_0127", "from_n_id": "n_3_0091", "to_n_id": "n_3_0089", "distance": 2.285, "bidir": 1, "accessible": 1, "FloorLevel": "3", "layer": "E3", "path": "C:/Users/Stephanie/Documents/001 Tasek Mall/04 GIS/Interim Nodes and Edges_01/E3.geojson" }, "geometry": { "type": "MultiLineString", "coordinates": [ [ [ 103.654863728927083, 1.514263657867413 ], [ 103.654877978289491, 1.514278531646933 ] ] ] } },
{ "type": "Feature", "properties": { "edgeID": "e_3_0128", "from_n_id": "n_3_0089", "to_n_id": "n_3_0090", "distance": 2.287, "bidir": 1, "accessible": 1, "FloorLevel": "3", "layer": "E3", "path": "C:/Users/Stephanie/Documents/001 Tasek Mall/04 GIS/Interim Nodes and Edges_01/E3.geojson" }, "geometry": { "type": "MultiLineString", "coordinates": [ [ [ 103.654877978289491, 1.514278531646933 ], [ 103.654892241160695, 1.514293419527122 ] ] ] } },
{ "type": "Feature", "properties": { "edgeID": "e_3_0129", "from_n_id": "n_3_0090", "to_n_id": "n_3_0037", "distance": 6.201, "bidir": 1, "accessible": 1, "FloorLevel": "3", "layer": "E3", "path": "C:/Users/Stephanie/Documents/001 Tasek Mall/04 GIS/Interim Nodes and Edges_01/E3.geojson" }, "geometry": { "type": "MultiLineString", "coordinates": [ [ [ 103.654892241160695, 1.514293419527122 ], [ 103.654930920687846, 1.514333794017664 ] ] ] } },
{ "type": "Feature", "properties": { "edgeID": "e_3_0130", "from_n_id": "n_3_0065_E", "to_n_id": "n_3_0089", "distance": 2.822, "bidir": 1, "accessible": 1, "FloorLevel": "3", "layer": "E3", "path": "C:/Users/Stephanie/Documents/001 Tasek Mall/04 GIS/Interim Nodes and Edges_01/E3.geojson" }, "geometry": { "type": "MultiLineString", "coordinates": [ [ [ 103.654859734864388, 1.514296260456401 ], [ 103.654877978289491, 1.514278531646933 ] ] ] } },
{ "type": "Feature", "properties": { "edgeID": "e_3_0131", "from_n_id": "n_3_0066_E", "to_n_id": "n_3_0090", "distance": 2.837, "bidir": 1, "accessible": 1, "FloorLevel": "3", "layer": "E3", "path": "C:/Users/Stephanie/Documents/001 Tasek Mall/04 GIS/Interim Nodes and Edges_01/E3.geojson" }, "geometry": { "type": "MultiLineString", "coordinates": [ [ [ 103.654873650402862, 1.51431098116453 ], [ 103.654892241160695, 1.514293419527122 ] ] ] } },
{ "type": "Feature", "properties": { "edgeID": "e_3_0132", "from_n_id": "n_3_0088", "to_n_id": "n_3_0036", "distance": 6.228, "bidir": 1, "accessible": 1, "FloorLevel": "3", "layer": "E3", "path": "C:/Users/Stephanie/Documents/001 Tasek Mall/04 GIS/Interim Nodes and Edges_01/E3.geojson" }, "geometry": { "type": "MultiLineString", "coordinates": [ [ [ 103.654762149290008, 1.514417631847849 ], [ 103.654800800013831, 1.514458365027537 ] ] ] } },
{ "type": "Feature", "properties": { "edgeID": "e_3_0133", "from_n_id": "n_3_0087", "to_n_id": "n_3_0088", "distance": 2.302, "bidir": 1, "accessible": 1, "FloorLevel": "3", "layer": "E3", "path": "C:/Users/Stephanie/Documents/001 Tasek Mall/04 GIS/Interim Nodes and Edges_01/E3.geojson" }, "geometry": { "type": "MultiLineString", "coordinates": [ [ [ 103.654747863456606, 1.514402576310218 ], [ 103.654762149290008, 1.514417631847849 ] ] ] } },
{ "type": "Feature", "properties": { "edgeID": "e_3_0134", "from_n_id": "n_3_0039", "to_n_id": "n_3_0091", "distance": 4.251, "bidir": 1, "accessible": 1, "FloorLevel": "3", "layer": "E3", "path": "C:/Users/Stephanie/Documents/001 Tasek Mall/04 GIS/Interim Nodes and Edges_01/E3.geojson" }, "geometry": { "type": "MultiLineString", "coordinates": [ [ [ 103.654891533703861, 1.514237290305184 ], [ 103.654863728927097, 1.514263657867413 ] ] ] } },
{ "type": "Feature", "properties": { "edgeID": "e_3_0135", "from_n_id": "n_3_0029", "to_n_id": "n_3_0079", "distance": 21.644, "bidir": 1, "accessible": 1, "FloorLevel": "3", "layer": "E3", "path": "C:/Users/Stephanie/Documents/001 Tasek Mall/04 GIS/Interim Nodes and Edges_01/E3.geojson" }, "geometry": { "type": "MultiLineString", "coordinates": [ [ [ 103.654473310988593, 1.513879646298216 ], [ 103.654330883061661, 1.514012945966757 ] ] ] } },
{ "type": "Feature", "properties": { "edgeID": "e_3_0136", "from_n_id": "n_3_0092", "to_n_id": "n_3_0077_E", "distance": 1.091, "bidir": 1, "accessible": 1, "FloorLevel": "3", "layer": "E3", "path": "C:/Users/Stephanie/Documents/001 Tasek Mall/04 GIS/Interim Nodes and Edges_01/E3.geojson" }, "geometry": { "type": "MultiLineString", "coordinates": [ [ [ 103.654523277423735, 1.513832882228382 ], [ 103.65453008114946, 1.513839983765802 ] ] ] } },
{ "type": "Feature", "properties": { "edgeID": "e_3_0137", "from_n_id": "n_3_0093", "to_n_id": "n_3_0078_E", "distance": 1.065, "bidir": 1, "accessible": 1, "FloorLevel": "3", "layer": "E3", "path": "C:/Users/Stephanie/Documents/001 Tasek Mall/04 GIS/Interim Nodes and Edges_01/E3.geojson" }, "geometry": { "type": "MultiLineString", "coordinates": [ [ [ 103.654538063629232, 1.513819043675473 ], [ 103.654544706774388, 1.513825977603456 ] ] ] } },
{ "type": "Feature", "properties": { "edgeID": "e_3_0138", "from_n_id": "n_3_0079_E", "to_n_id": "n_3_0094", "distance": 0.755, "bidir": 1, "accessible": 1, "FloorLevel": "3", "layer": "E3", "path": "C:/Users/Stephanie/Documents/001 Tasek Mall/04 GIS/Interim Nodes and Edges_01/E3.geojson" }, "geometry": { "type": "MultiLineString", "coordinates": [ [ [ 103.654624195159627, 1.513938238268123 ], [ 103.654628902482784, 1.513943150355288 ] ] ] } },
{ "type": "Feature", "properties": { "edgeID": "e_3_0139", "from_n_id": "n_3_0080_E", "to_n_id": "n_3_0095", "distance": 1.235, "bidir": 1, "accessible": 1, "FloorLevel": "3", "layer": "E3", "path": "C:/Users/Stephanie/Documents/001 Tasek Mall/04 GIS/Interim Nodes and Edges_01/E3.geojson" }, "geometry": { "type": "MultiLineString", "coordinates": [ [ [ 103.654638850119142, 1.513924241776052 ], [ 103.654646553971787, 1.513932282840429 ] ] ] } },
{ "type": "Feature", "properties": { "edgeID": "e_3_0140", "from_n_id": "n_3_0094", "to_n_id": "n_3_0013_L", "distance": 3.795, "bidir": 1, "accessible": 1, "FloorLevel": "3", "layer": "E3", "path": "C:/Users/Stephanie/Documents/001 Tasek Mall/04 GIS/Interim Nodes and Edges_01/E3.geojson" }, "geometry": { "type": "MultiLineString", "coordinates": [ [ [ 103.654628902482784, 1.513943150355288 ], [ 103.654599810949605, 1.513961061176655 ] ] ] } },
{ "type": "Feature", "properties": { "edgeID": "e_3_0141", "from_n_id": "n_3_0095", "to_n_id": "n_3_0094", "distance": 2.303, "bidir": 1, "accessible": 1, "FloorLevel": "3", "layer": "E3", "path": "C:/Users/Stephanie/Documents/001 Tasek Mall/04 GIS/Interim Nodes and Edges_01/E3.geojson" }, "geometry": { "type": "MultiLineString", "coordinates": [ [ [ 103.654646553971787, 1.513932282840429 ], [ 103.654628902482784, 1.513943150355288 ] ] ] } },
{ "type": "Feature", "properties": { "edgeID": "e_3_0142", "from_n_id": "n_3_0092", "to_n_id": "n_3_0029", "distance": 7.581, "bidir": 1, "accessible": 1, "FloorLevel": "3", "layer": "E3", "path": "C:/Users/Stephanie/Documents/001 Tasek Mall/04 GIS/Interim Nodes and Edges_01/E3.geojson" }, "geometry": { "type": "MultiLineString", "coordinates": [ [ [ 103.654523198474692, 1.513832956117554 ], [ 103.654473310988593, 1.513879646298216 ] ] ] } },
{ "type": "Feature", "properties": { "edgeID": "e_3_0143", "from_n_id": "n_3_0093", "to_n_id": "n_3_0092", "distance": 2.259, "bidir": 1, "accessible": 1, "FloorLevel": "3", "layer": "E3", "path": "C:/Users/Stephanie/Documents/001 Tasek Mall/04 GIS/Interim Nodes and Edges_01/E3.geojson" }, "geometry": { "type": "MultiLineString", "coordinates": [ [ [ 103.654538063629232, 1.513819043675473 ], [ 103.654523277423735, 1.513832882228382 ], [ 103.654523198474692, 1.513832956117554 ] ] ] } },
{ "type": "Feature", "properties": { "edgeID": "e_4_0001", "from_n_id": "n_4_0001", "to_n_id": "n_4_0003", "distance": 5.736, "bidir": 1, "accessible": 1, "FloorLevel": "4", "layer": "E4", "path": "C:/Users/Stephanie/Documents/001 Tasek Mall/04 GIS/Interim Nodes and Edges_01/E4.geojson" }, "geometry": { "type": "MultiLineString", "coordinates": [ [ [ 103.654222443069997, 1.514431262000059 ], [ 103.654217549694181, 1.514426154632026 ], [ 103.654226129068903, 1.514417940463526 ], [ 103.65424978656263, 1.514395290020142 ] ] ] } },
{ "type": "Feature", "properties": { "edgeID": "e_4_0002", "from_n_id": "n_4_0002", "to_n_id": "n_4_0003", "distance": 4.418, "bidir": 1, "accessible": 1, "FloorLevel": "4", "layer": "E4", "path": "C:/Users/Stephanie/Documents/001 Tasek Mall/04 GIS/Interim Nodes and Edges_01/E4.geojson" }, "geometry": { "type": "MultiLineString", "coordinates": [ [ [ 103.654231022250698, 1.514423048342157 ], [ 103.654226129068903, 1.514417940463526 ], [ 103.654249788142764, 1.514395291669755 ] ] ] } },
{ "type": "Feature", "properties": { "edgeID": "e_4_0003", "from_n_id": "n_4_0005", "to_n_id": "n_4_0003", "distance": 5.635, "bidir": 1, "accessible": 1, "FloorLevel": "4", "layer": "E4", "path": "C:/Users/Stephanie/Documents/001 Tasek Mall/04 GIS/Interim Nodes and Edges_01/E4.geojson" }, "geometry": { "type": "MultiLineString", "coordinates": [ [ [ 103.654284937642615, 1.514431980524046 ], [ 103.654258157678811, 1.514404027130103 ], [ 103.654249788142764, 1.514395291669755 ] ] ] } },
{ "type": "Feature", "properties": { "edgeID": "e_4_0004", "from_n_id": "n_4_0004", "to_n_id": "n_4_0003", "distance": 2.974, "bidir": 1, "accessible": 1, "FloorLevel": "4", "layer": "E4", "path": "C:/Users/Stephanie/Documents/001 Tasek Mall/04 GIS/Interim Nodes and Edges_01/E4.geojson" }, "geometry": { "type": "MultiLineString", "coordinates": [ [ [ 103.65426877840747, 1.514393858789773 ], [ 103.654258157678811, 1.514404027130103 ], [ 103.65424978554897, 1.514395288632793 ] ] ] } },
{ "type": "Feature", "properties": { "edgeID": "e_4_0005", "from_n_id": "n_4_0003", "to_n_id": "n_4_0006", "distance": 6.218, "bidir": 1, "accessible": 1, "FloorLevel": "4", "layer": "E4", "path": "C:/Users/Stephanie/Documents/001 Tasek Mall/04 GIS/Interim Nodes and Edges_01/E4.geojson" }, "geometry": { "type": "MultiLineString", "coordinates": [ [ [ 103.65424978554897, 1.514395288632793 ], [ 103.654290271433609, 1.514356528505548 ] ] ] } },
{ "type": "Feature", "properties": { "edgeID": "e_4_0006", "from_n_id": "n_4_0007", "to_n_id": "n_4_0006", "distance": 11.617, "bidir": 1, "accessible": 1, "FloorLevel": "4", "layer": "E4", "path": "C:/Users/Stephanie/Documents/001 Tasek Mall/04 GIS/Interim Nodes and Edges_01/E4.geojson" }, "geometry": { "type": "MultiLineString", "coordinates": [ [ [ 103.654366157658671, 1.514284378182417 ], [ 103.654290271433609, 1.514356528505548 ] ] ] } },
{ "type": "Feature", "properties": { "edgeID": "e_4_0007", "from_n_id": "n_4_0008", "to_n_id": "n_4_0007", "distance": 1.267, "bidir": 1, "accessible": 1, "FloorLevel": "4", "layer": "E4", "path": "C:/Users/Stephanie/Documents/001 Tasek Mall/04 GIS/Interim Nodes and Edges_01/E4.geojson" }, "geometry": { "type": "MultiLineString", "coordinates": [ [ [ 103.65435828280377, 1.514276101356313 ], [ 103.654366157658671, 1.514284378182417 ] ] ] } },
{ "type": "Feature", "properties": { "edgeID": "e_4_0008", "from_n_id": "n_4_0007", "to_n_id": "n_4_0014", "distance": 14.92, "bidir": 1, "accessible": 1, "FloorLevel": "4", "layer": "E4", "path": "C:/Users/Stephanie/Documents/001 Tasek Mall/04 GIS/Interim Nodes and Edges_01/E4.geojson" }, "geometry": { "type": "MultiLineString", "coordinates": [ [ [ 103.654366157658671, 1.514284378182417 ], [ 103.654495131761024, 1.514321247038931 ] ] ] } },
{ "type": "Feature", "properties": { "edgeID": "e_4_0009", "from_n_id": "n_4_0014", "to_n_id": "n_4_0013", "distance": 2.999, "bidir": 1, "accessible": 1, "FloorLevel": "4", "layer": "E4", "path": "C:/Users/Stephanie/Documents/001 Tasek Mall/04 GIS/Interim Nodes and Edges_01/E4.geojson" }, "geometry": { "type": "MultiLineString", "coordinates": [ [ [ 103.654495131761024, 1.514321247038931 ], [ 103.654512080016659, 1.51430015422712 ] ] ] } },
{ "type": "Feature", "properties": { "edgeID": "e_4_0010", "from_n_id": "n_4_0014", "to_n_id": "n_4_0011", "distance": 11.038, "bidir": 1, "accessible": 1, "FloorLevel": "4", "layer": "E4", "path": "C:/Users/Stephanie/Documents/001 Tasek Mall/04 GIS/Interim Nodes and Edges_01/E4.geojson" }, "geometry": { "type": "MultiLineString", "coordinates": [ [ [ 103.654495131761024, 1.514321247038931 ], [ 103.654518135212925, 1.514327822862629 ], [ 103.654581408432293, 1.514368871270023 ] ] ] } },
{ "type": "Feature", "properties": { "edgeID": "e_4_0011", "from_n_id": "n_4_0011", "to_n_id": "n_4_0012", "distance": 1.159, "bidir": 1, "accessible": 1, "FloorLevel": "4", "layer": "E4", "path": "C:/Users/Stephanie/Documents/001 Tasek Mall/04 GIS/Interim Nodes and Edges_01/E4.geojson" }, "geometry": { "type": "MultiLineString", "coordinates": [ [ [ 103.654581408432293, 1.514368871270023 ], [ 103.654586410420322, 1.514374104731713 ], [ 103.654588627846735, 1.514376424772478 ] ] ] } },
{ "type": "Feature", "properties": { "edgeID": "e_4_0012", "from_n_id": "n_4_0006", "to_n_id": "n_4_0009", "distance": 9.846, "bidir": 1, "accessible": 1, "FloorLevel": "4", "layer": "E4", "path": "C:/Users/Stephanie/Documents/001 Tasek Mall/04 GIS/Interim Nodes and Edges_01/E4.geojson" }, "geometry": { "type": "MultiLineString", "coordinates": [ [ [ 103.654290271433609, 1.514356528505548 ], [ 103.654351681779701, 1.514420628287548 ] ] ] } },
{ "type": "Feature", "properties": { "edgeID": "e_4_0013", "from_n_id": "n_4_0009", "to_n_id": "n_4_0010_L", "distance": 11.103, "bidir": 1, "accessible": 1, "FloorLevel": "4", "layer": "E4", "path": "C:/Users/Stephanie/Documents/001 Tasek Mall/04 GIS/Interim Nodes and Edges_01/E4.geojson" }, "geometry": { "type": "MultiLineString", "coordinates": [ [ [ 103.654351681779701, 1.514420628287548 ], [ 103.654293737024176, 1.514476104691507 ], [ 103.65430747832491, 1.514490447368325 ] ] ] } },
{ "type": "Feature", "properties": { "edgeID": "e_4_0014", "from_n_id": "n_4_0009", "to_n_id": "n_4_0066", "distance": 12.008, "bidir": 1, "accessible": 1, "FloorLevel": "4", "layer": "E4", "path": "C:/Users/Stephanie/Documents/001 Tasek Mall/04 GIS/Interim Nodes and Edges_01/E4.geojson" }, "geometry": { "type": "MultiLineString", "coordinates": [ [ [ 103.654351681779701, 1.514420628287548 ], [ 103.654409405972785, 1.51448087873068 ], [ 103.6544273344564, 1.514463713971279 ] ] ] } },
{ "type": "Feature", "properties": { "edgeID": "e_4_0015", "from_n_id": "n_4_0010", "to_n_id": "n_4_0012", "distance": 20.787, "bidir": 1, "accessible": 1, "FloorLevel": "4", "layer": "E4", "path": "C:/Users/Stephanie/Documents/001 Tasek Mall/04 GIS/Interim Nodes and Edges_01/E4.geojson" }, "geometry": { "type": "MultiLineString", "coordinates": [ [ [ 103.654453468722423, 1.514491059284127 ], [ 103.654460691461679, 1.514498616318358 ], [ 103.654588627847019, 1.514376424772789 ] ] ] } },
{ "type": "Feature", "properties": { "edgeID": "e_4_0016", "from_n_id": "n_4_0012", "to_n_id": "n_4_0015", "distance": 34.635, "bidir": 1, "accessible": 1, "FloorLevel": "4", "layer": "E4", "path": "C:/Users/Stephanie/Documents/001 Tasek Mall/04 GIS/Interim Nodes and Edges_01/E4.geojson" }, "geometry": { "type": "MultiLineString", "coordinates": [ [ [ 103.654588627846735, 1.514376424772478 ], [ 103.654814386657321, 1.514160803390077 ] ] ] } },
{ "type": "Feature", "properties": { "edgeID": "e_4_0017", "from_n_id": "n_4_0015", "to_n_id": "n_4_0016", "distance": 1.178, "bidir": 1, "accessible": 1, "FloorLevel": "4", "layer": "E4", "path": "C:/Users/Stephanie/Documents/001 Tasek Mall/04 GIS/Interim Nodes and Edges_01/E4.geojson" }, "geometry": { "type": "MultiLineString", "coordinates": [ [ [ 103.654814386657321, 1.514160803390077 ], [ 103.654822067742245, 1.514153467214658 ] ] ] } },
{ "type": "Feature", "properties": { "edgeID": "e_4_0018", "from_n_id": "n_4_0015", "to_n_id": "n_4_0067", "distance": 28.734, "bidir": 1, "accessible": 1, "FloorLevel": "4", "layer": "E4", "path": "C:/Users/Stephanie/Documents/001 Tasek Mall/04 GIS/Interim Nodes and Edges_01/E4.geojson" }, "geometry": { "type": "MultiLineString", "coordinates": [ [ [ 103.654814386657321, 1.514160803390077 ], [ 103.654661383743075, 1.514000718907586 ], [ 103.654680830464628, 1.513982145415296 ], [ 103.654673379530323, 1.51397442840533 ] ] ] } },
{ "type": "Feature", "properties": { "edgeID": "e_4_0019", "from_n_id": "n_4_0071", "to_n_id": "n_4_0073", "distance": 30.899, "bidir": 1, "accessible": 1, "FloorLevel": "4", "layer": "E4", "path": "C:/Users/Stephanie/Documents/001 Tasek Mall/04 GIS/Interim Nodes and Edges_01/E4.geojson" }, "geometry": { "type": "MultiLineString", "coordinates": [ [ [ 103.654991680424502, 1.514239836866397 ], [ 103.654998485426546, 1.51423332132047 ], [ 103.655174250752239, 1.514065032304576 ], [ 103.655180791147629, 1.514071858593524 ], [ 103.655191305908986, 1.514082832975707 ], [ 103.655192068793497, 1.514083629207383 ] ] ] } },
{ "type": "Feature", "properties": { "edgeID": "e_4_0020", "from_n_id": "n_4_0018", "to_n_id": "n_4_0021", "distance": 8.926, "bidir": 1, "accessible": 1, "FloorLevel": "4", "layer": "E4", "path": "C:/Users/Stephanie/Documents/001 Tasek Mall/04 GIS/Interim Nodes and Edges_01/E4.geojson" }, "geometry": { "type": "MultiLineString", "coordinates": [ [ [ 103.655271050314354, 1.514008170959725 ], [ 103.655329226042852, 1.51395259034658 ] ] ] } },
{ "type": "Feature", "properties": { "edgeID": "e_4_0021", "from_n_id": "n_4_0021", "to_n_id": "n_4_0019", "distance": 3.774, "bidir": 1, "accessible": 1, "FloorLevel": "4", "layer": "E4", "path": "C:/Users/Stephanie/Documents/001 Tasek Mall/04 GIS/Interim Nodes and Edges_01/E4.geojson" }, "geometry": { "type": "MultiLineString", "coordinates": [ [ [ 103.655329226042852, 1.51395259034658 ], [ 103.655353738311476, 1.513929009610729 ] ] ] } },
{ "type": "Feature", "properties": { "edgeID": "e_4_0022", "from_n_id": "n_4_0019", "to_n_id": "n_4_0020", "distance": 1.713, "bidir": 1, "accessible": 1, "FloorLevel": "4", "layer": "E4", "path": "C:/Users/Stephanie/Documents/001 Tasek Mall/04 GIS/Interim Nodes and Edges_01/E4.geojson" }, "geometry": { "type": "MultiLineString", "coordinates": [ [ [ 103.655353738311476, 1.513929009610729 ], [ 103.655343054102858, 1.513917857693954 ] ] ] } },
{ "type": "Feature", "properties": { "edgeID": "e_4_0023", "from_n_id": "n_4_0021", "to_n_id": "n_4_0022", "distance": 10.827, "bidir": 1, "accessible": 1, "FloorLevel": "4", "layer": "E4", "path": "C:/Users/Stephanie/Documents/001 Tasek Mall/04 GIS/Interim Nodes and Edges_01/E4.geojson" }, "geometry": { "type": "MultiLineString", "coordinates": [ [ [ 103.655328737485917, 1.513952078514336 ], [ 103.655396138904322, 1.514022690993703 ] ] ] } },
{ "type": "Feature", "properties": { "edgeID": "e_4_0024", "from_n_id": "n_4_0022", "to_n_id": "n_4_0023", "distance": 1.228, "bidir": 1, "accessible": 1, "FloorLevel": "4", "layer": "E4", "path": "C:/Users/Stephanie/Documents/001 Tasek Mall/04 GIS/Interim Nodes and Edges_01/E4.geojson" }, "geometry": { "type": "MultiLineString", "coordinates": [ [ [ 103.655396138904322, 1.514022690993703 ], [ 103.65538812984741, 1.51403033050646 ] ] ] } },
{ "type": "Feature", "properties": { "edgeID": "e_4_0025", "from_n_id": "n_4_0022", "to_n_id": "n_4_0024", "distance": 5.345, "bidir": 1, "accessible": 1, "FloorLevel": "4", "layer": "E4", "path": "C:/Users/Stephanie/Documents/001 Tasek Mall/04 GIS/Interim Nodes and Edges_01/E4.geojson" }, "geometry": { "type": "MultiLineString", "coordinates": [ [ [ 103.655396138904322, 1.514022690993703 ], [ 103.65542941057187, 1.514057547750974 ] ] ] } },
{ "type": "Feature", "properties": { "edgeID": "e_4_0026", "from_n_id": "n_4_0024", "to_n_id": "n_4_0025", "distance": 1.228, "bidir": 1, "accessible": 1, "FloorLevel": "4", "layer": "E4", "path": "C:/Users/Stephanie/Documents/001 Tasek Mall/04 GIS/Interim Nodes and Edges_01/E4.geojson" }, "geometry": { "type": "MultiLineString", "coordinates": [ [ [ 103.65542941057187, 1.514057547750974 ], [ 103.655421401514872, 1.514065187264005 ] ] ] } },
{ "type": "Feature", "properties": { "edgeID": "e_4_0027", "from_n_id": "n_4_0024", "to_n_id": "n_4_0026", "distance": 4.008, "bidir": 1, "accessible": 1, "FloorLevel": "4", "layer": "E4", "path": "C:/Users/Stephanie/Documents/001 Tasek Mall/04 GIS/Interim Nodes and Edges_01/E4.geojson" }, "geometry": { "type": "MultiLineString", "coordinates": [ [ [ 103.65542941057187, 1.514057547750974 ], [ 103.655454360428507, 1.514083686239028 ] ] ] } },
{ "type": "Feature", "properties": { "edgeID": "e_4_0028", "from_n_id": "n_4_0026", "to_n_id": "n_4_0027", "distance": 1.228, "bidir": 1, "accessible": 1, "FloorLevel": "4", "layer": "E4", "path": "C:/Users/Stephanie/Documents/001 Tasek Mall/04 GIS/Interim Nodes and Edges_01/E4.geojson" }, "geometry": { "type": "MultiLineString", "coordinates": [ [ [ 103.655454360428507, 1.514083686239028 ], [ 103.655446351371936, 1.514091325751783 ] ] ] } },
{ "type": "Feature", "properties": { "edgeID": "e_4_0029", "from_n_id": "n_4_0026", "to_n_id": "n_4_0029", "distance": 3.875, "bidir": 1, "accessible": 1, "FloorLevel": "4", "layer": "E4", "path": "C:/Users/Stephanie/Documents/001 Tasek Mall/04 GIS/Interim Nodes and Edges_01/E4.geojson" }, "geometry": { "type": "MultiLineString", "coordinates": [ [ [ 103.655454360428507, 1.514083686239028 ], [ 103.655478483668773, 1.514108958729713 ] ] ] } },
{ "type": "Feature", "properties": { "edgeID": "e_4_0030", "from_n_id": "n_4_0029", "to_n_id": "n_4_0028", "distance": 1.228, "bidir": 1, "accessible": 1, "FloorLevel": "4", "layer": "E4", "path": "C:/Users/Stephanie/Documents/001 Tasek Mall/04 GIS/Interim Nodes and Edges_01/E4.geojson" }, "geometry": { "type": "MultiLineString", "coordinates": [ [ [ 103.655478483668773, 1.514108958729713 ], [ 103.655470474612287, 1.514116598241988 ] ] ] } },
{ "type": "Feature", "properties": { "edgeID": "e_4_0031", "from_n_id": "n_4_0029", "to_n_id": "n_4_0031", "distance": 3.909, "bidir": 1, "accessible": 1, "FloorLevel": "4", "layer": "E4", "path": "C:/Users/Stephanie/Documents/001 Tasek Mall/04 GIS/Interim Nodes and Edges_01/E4.geojson" }, "geometry": { "type": "MultiLineString", "coordinates": [ [ [ 103.655478483668773, 1.514108958729713 ], [ 103.655502820247136, 1.514134454721814 ] ] ] } },
{ "type": "Feature", "properties": { "edgeID": "e_4_0032", "from_n_id": "n_4_0031", "to_n_id": "n_4_0033", "distance": 3.965, "bidir": 1, "accessible": 1, "FloorLevel": "4", "layer": "E4", "path": "C:/Users/Stephanie/Documents/001 Tasek Mall/04 GIS/Interim Nodes and Edges_01/E4.geojson" }, "geometry": { "type": "MultiLineString", "coordinates": [ [ [ 103.655502820247136, 1.514134454721814 ], [ 103.655527506336185, 1.514160316875264 ] ] ] } },
{ "type": "Feature", "properties": { "edgeID": "e_4_0033", "from_n_id": "n_4_0033", "to_n_id": "n_4_0036", "distance": 3.04, "bidir": 1, "accessible": 1, "FloorLevel": "4", "layer": "E4", "path": "C:/Users/Stephanie/Documents/001 Tasek Mall/04 GIS/Interim Nodes and Edges_01/E4.geojson" }, "geometry": { "type": "MultiLineString", "coordinates": [ [ [ 103.655527506336185, 1.514160316875264 ], [ 103.655546431959678, 1.5141801441299 ] ] ] } },
{ "type": "Feature", "properties": { "edgeID": "e_4_0034", "from_n_id": "n_4_0036", "to_n_id": "n_4_0034", "distance": 0.95, "bidir": 1, "accessible": 1, "FloorLevel": "4", "layer": "E4", "path": "C:/Users/Stephanie/Documents/001 Tasek Mall/04 GIS/Interim Nodes and Edges_01/E4.geojson" }, "geometry": { "type": "MultiLineString", "coordinates": [ [ [ 103.655546431959678, 1.5141801441299 ], [ 103.655552348729628, 1.514186342779241 ] ] ] } },
{ "type": "Feature", "properties": { "edgeID": "e_4_0035", "from_n_id": "n_4_0030", "to_n_id": "n_4_0031", "distance": 1.228, "bidir": 1, "accessible": 1, "FloorLevel": "4", "layer": "E4", "path": "C:/Users/Stephanie/Documents/001 Tasek Mall/04 GIS/Interim Nodes and Edges_01/E4.geojson" }, "geometry": { "type": "MultiLineString", "coordinates": [ [ [ 103.655494811190678, 1.514142094234005 ], [ 103.655502820247136, 1.514134454721814 ] ] ] } },
{ "type": "Feature", "properties": { "edgeID": "e_4_0036", "from_n_id": "n_4_0032", "to_n_id": "n_4_0033", "distance": 1.228, "bidir": 1, "accessible": 1, "FloorLevel": "4", "layer": "E4", "path": "C:/Users/Stephanie/Documents/001 Tasek Mall/04 GIS/Interim Nodes and Edges_01/E4.geojson" }, "geometry": { "type": "MultiLineString", "coordinates": [ [ [ 103.655519497279712, 1.514167956387348 ], [ 103.655527506336185, 1.514160316875264 ] ] ] } },
{ "type": "Feature", "properties": { "edgeID": "e_4_0037", "from_n_id": "n_4_0035", "to_n_id": "n_4_0034", "distance": 1.228, "bidir": 1, "accessible": 1, "FloorLevel": "4", "layer": "E4", "path": "C:/Users/Stephanie/Documents/001 Tasek Mall/04 GIS/Interim Nodes and Edges_01/E4.geojson" }, "geometry": { "type": "MultiLineString", "coordinates": [ [ [ 103.655544339673156, 1.514193982291232 ], [ 103.655552348729628, 1.514186342779241 ] ] ] } },
{ "type": "Feature", "properties": { "edgeID": "e_4_0038", "from_n_id": "n_4_0034", "to_n_id": "n_4_0038", "distance": 5.887, "bidir": 1, "accessible": 1, "FloorLevel": "4", "layer": "E4", "path": "C:/Users/Stephanie/Documents/001 Tasek Mall/04 GIS/Interim Nodes and Edges_01/E4.geojson" }, "geometry": { "type": "MultiLineString", "coordinates": [ [ [ 103.655552348729628, 1.514186342779241 ], [ 103.655588996562486, 1.514224736542198 ] ] ] } },
{ "type": "Feature", "properties": { "edgeID": "e_4_0039", "from_n_id": "n_4_0037", "to_n_id": "n_4_0038", "distance": 1.228, "bidir": 1, "accessible": 1, "FloorLevel": "4", "layer": "E4", "path": "C:/Users/Stephanie/Documents/001 Tasek Mall/04 GIS/Interim Nodes and Edges_01/E4.geojson" }, "geometry": { "type": "MultiLineString", "coordinates": [ [ [ 103.655580987506013, 1.514232376054056 ], [ 103.655588996562486, 1.514224736542198 ] ] ] } },
{ "type": "Feature", "properties": { "edgeID": "e_4_0040", "from_n_id": "n_4_0038", "to_n_id": "n_4_0039", "distance": 5.676, "bidir": 1, "accessible": 1, "FloorLevel": "4", "layer": "E4", "path": "C:/Users/Stephanie/Documents/001 Tasek Mall/04 GIS/Interim Nodes and Edges_01/E4.geojson" }, "geometry": { "type": "MultiLineString", "coordinates": [ [ [ 103.655588996562486, 1.514224736542198 ], [ 103.655624332779993, 1.51426175620287 ] ] ] } },
{ "type": "Feature", "properties": { "edgeID": "e_4_0041", "from_n_id": "n_4_0039", "to_n_id": "n_4_0041_L", "distance": 9.203, "bidir": 1, "accessible": 1, "FloorLevel": "4", "layer": "E4", "path": "C:/Users/Stephanie/Documents/001 Tasek Mall/04 GIS/Interim Nodes and Edges_01/E4.geojson" }, "geometry": { "type": "MultiLineString", "coordinates": [ [ [ 103.655624332779993, 1.51426175620287 ], [ 103.655576015381442, 1.514308009265471 ], [ 103.655587131598367, 1.514319613504434 ] ] ] } },
{ "type": "Feature", "properties": { "edgeID": "e_4_0042", "from_n_id": "n_4_0039", "to_n_id": "n_4_0040", "distance": 5.984, "bidir": 1, "accessible": 1, "FloorLevel": "4", "layer": "E4", "path": "C:/Users/Stephanie/Documents/001 Tasek Mall/04 GIS/Interim Nodes and Edges_01/E4.geojson" }, "geometry": { "type": "MultiLineString", "coordinates": [ [ [ 103.655624332779993, 1.51426175620287 ], [ 103.655647146185231, 1.514285656455002 ], [ 103.655662272864021, 1.514271227734248 ] ] ] } },
{ "type": "Feature", "properties": { "edgeID": "e_4_0043", "from_n_id": "n_4_0040", "to_n_id": "n_4_0041", "distance": 1.525, "bidir": 1, "accessible": 1, "FloorLevel": "4", "layer": "E4", "path": "C:/Users/Stephanie/Documents/001 Tasek Mall/04 GIS/Interim Nodes and Edges_01/E4.geojson" }, "geometry": { "type": "MultiLineString", "coordinates": [ [ [ 103.655662507412799, 1.514271198656677 ], [ 103.655672016041052, 1.514281125936831 ] ] ] } },
{ "type": "Feature", "properties": { "edgeID": "e_4_0044", "from_n_id": "n_4_0040", "to_n_id": "n_4_0042", "distance": 7.961, "bidir": 1, "accessible": 1, "FloorLevel": "4", "layer": "E4", "path": "C:/Users/Stephanie/Documents/001 Tasek Mall/04 GIS/Interim Nodes and Edges_01/E4.geojson" }, "geometry": { "type": "MultiLineString", "coordinates": [ [ [ 103.655662507412799, 1.514271198656677 ], [ 103.655714759281111, 1.51422201984051 ] ] ] } },
{ "type": "Feature", "properties": { "edgeID": "e_4_0045", "from_n_id": "n_4_0042", "to_n_id": "n_4_0043", "distance": 0.857, "bidir": 1, "accessible": 1, "FloorLevel": "4", "layer": "E4", "path": "C:/Users/Stephanie/Documents/001 Tasek Mall/04 GIS/Interim Nodes and Edges_01/E4.geojson" }, "geometry": { "type": "MultiLineString", "coordinates": [ [ [ 103.655714759281111, 1.51422201984051 ], [ 103.655720383437, 1.514216726454069 ] ] ] } },
{ "type": "Feature", "properties": { "edgeID": "e_4_0046", "from_n_id": "n_4_0042", "to_n_id": "n_4_0044", "distance": 3.428, "bidir": 1, "accessible": 1, "FloorLevel": "4", "layer": "E4", "path": "C:/Users/Stephanie/Documents/001 Tasek Mall/04 GIS/Interim Nodes and Edges_01/E4.geojson" }, "geometry": { "type": "MultiLineString", "coordinates": [ [ [ 103.655714759281111, 1.51422201984051 ], [ 103.655693570234675, 1.514199522468632 ] ] ] } },
{ "type": "Feature", "properties": { "edgeID": "e_4_0047", "from_n_id": "n_4_0044", "to_n_id": "n_4_0045", "distance": 1.497, "bidir": 1, "accessible": 1, "FloorLevel": "4", "layer": "E4", "path": "C:/Users/Stephanie/Documents/001 Tasek Mall/04 GIS/Interim Nodes and Edges_01/E4.geojson" }, "geometry": { "type": "MultiLineString", "coordinates": [ [ [ 103.655693570234675, 1.514199522468632 ], [ 103.65570339352108, 1.514190276912128 ] ] ] } },
{ "type": "Feature", "properties": { "edgeID": "e_4_0048", "from_n_id": "n_4_0044", "to_n_id": "n_4_0046", "distance": 5.906, "bidir": 1, "accessible": 1, "FloorLevel": "4", "layer": "E4", "path": "C:/Users/Stephanie/Documents/001 Tasek Mall/04 GIS/Interim Nodes and Edges_01/E4.geojson" }, "geometry": { "type": "MultiLineString", "coordinates": [ [ [ 103.655693570234675, 1.514199522468632 ], [ 103.655657060983373, 1.514160758939642 ] ] ] } },
{ "type": "Feature", "properties": { "edgeID": "e_4_0049", "from_n_id": "n_4_0046", "to_n_id": "n_4_0047", "distance": 1.497, "bidir": 1, "accessible": 1, "FloorLevel": "4", "layer": "E4", "path": "C:/Users/Stephanie/Documents/001 Tasek Mall/04 GIS/Interim Nodes and Edges_01/E4.geojson" }, "geometry": { "type": "MultiLineString", "coordinates": [ [ [ 103.655657060983373, 1.514160758939642 ], [ 103.655666884270673, 1.514151513382257 ] ] ] } },
{ "type": "Feature", "properties": { "edgeID": "e_4_0050", "from_n_id": "n_4_0046", "to_n_id": "n_4_0048", "distance": 8.053, "bidir": 1, "accessible": 1, "FloorLevel": "4", "layer": "E4", "path": "C:/Users/Stephanie/Documents/001 Tasek Mall/04 GIS/Interim Nodes and Edges_01/E4.geojson" }, "geometry": { "type": "MultiLineString", "coordinates": [ [ [ 103.655657060983373, 1.514160758939642 ], [ 103.655607276902145, 1.51410790092011 ] ] ] } },
{ "type": "Feature", "properties": { "edgeID": "e_4_0051", "from_n_id": "n_4_0048", "to_n_id": "n_4_0049", "distance": 1.497, "bidir": 1, "accessible": 1, "FloorLevel": "4", "layer": "E4", "path": "C:/Users/Stephanie/Documents/001 Tasek Mall/04 GIS/Interim Nodes and Edges_01/E4.geojson" }, "geometry": { "type": "MultiLineString", "coordinates": [ [ [ 103.655607276902145, 1.51410790092011 ], [ 103.655617100190469, 1.514098655361413 ] ] ] } },
{ "type": "Feature", "properties": { "edgeID": "e_4_0052", "from_n_id": "n_4_0048", "to_n_id": "n_4_0050", "distance": 1.868, "bidir": 1, "accessible": 1, "FloorLevel": "4", "layer": "E4", "path": "C:/Users/Stephanie/Documents/001 Tasek Mall/04 GIS/Interim Nodes and Edges_01/E4.geojson" }, "geometry": { "type": "MultiLineString", "coordinates": [ [ [ 103.655607276902145, 1.51410790092011 ], [ 103.655595727277586, 1.514095638159118 ] ] ] } },
{ "type": "Feature", "properties": { "edgeID": "e_4_0053", "from_n_id": "n_4_0050", "to_n_id": "n_4_0051", "distance": 6.099, "bidir": 1, "accessible": 1, "FloorLevel": "4", "layer": "E4", "path": "C:/Users/Stephanie/Documents/001 Tasek Mall/04 GIS/Interim Nodes and Edges_01/E4.geojson" }, "geometry": { "type": "MultiLineString", "coordinates": [ [ [ 103.655595727277586, 1.514095638159118 ], [ 103.655558025206687, 1.51405560815752 ] ] ] } },
{ "type": "Feature", "properties": { "edgeID": "e_4_0054", "from_n_id": "n_4_0051", "to_n_id": "n_4_0052", "distance": 1.497, "bidir": 1, "accessible": 1, "FloorLevel": "4", "layer": "E4", "path": "C:/Users/Stephanie/Documents/001 Tasek Mall/04 GIS/Interim Nodes and Edges_01/E4.geojson" }, "geometry": { "type": "MultiLineString", "coordinates": [ [ [ 103.655557464113841, 1.514055012419742 ], [ 103.655567287671914, 1.514045767144556 ] ] ] } },
{ "type": "Feature", "properties": { "edgeID": "e_4_0055", "from_n_id": "n_4_0051", "to_n_id": "n_4_0053", "distance": 7.825, "bidir": 1, "accessible": 1, "FloorLevel": "4", "layer": "E4", "path": "C:/Users/Stephanie/Documents/001 Tasek Mall/04 GIS/Interim Nodes and Edges_01/E4.geojson" }, "geometry": { "type": "MultiLineString", "coordinates": [ [ [ 103.655557464113841, 1.514055012419742 ], [ 103.65550908931084, 1.514003650692411 ] ] ] } },
{ "type": "Feature", "properties": { "edgeID": "e_4_0056", "from_n_id": "n_4_0053", "to_n_id": "n_4_0058", "distance": 1.497, "bidir": 1, "accessible": 1, "FloorLevel": "4", "layer": "E4", "path": "C:/Users/Stephanie/Documents/001 Tasek Mall/04 GIS/Interim Nodes and Edges_01/E4.geojson" }, "geometry": { "type": "MultiLineString", "coordinates": [ [ [ 103.65550908931084, 1.514003650692411 ], [ 103.655518912641227, 1.513994405172477 ] ] ] } },
{ "type": "Feature", "properties": { "edgeID": "e_4_0057", "from_n_id": "n_4_0053", "to_n_id": "n_4_0054", "distance": 7.776, "bidir": 1, "accessible": 1, "FloorLevel": "4", "layer": "E4", "path": "C:/Users/Stephanie/Documents/001 Tasek Mall/04 GIS/Interim Nodes and Edges_01/E4.geojson" }, "geometry": { "type": "MultiLineString", "coordinates": [ [ [ 103.65550908931084, 1.514003650692411 ], [ 103.655461018899331, 1.513952612150182 ] ] ] } },
{ "type": "Feature", "properties": { "edgeID": "e_4_0058", "from_n_id": "n_4_0054", "to_n_id": "n_4_0057", "distance": 1.497, "bidir": 1, "accessible": 1, "FloorLevel": "4", "layer": "E4", "path": "C:/Users/Stephanie/Documents/001 Tasek Mall/04 GIS/Interim Nodes and Edges_01/E4.geojson" }, "geometry": { "type": "MultiLineString", "coordinates": [ [ [ 103.655461018899331, 1.513952612150182 ], [ 103.655470842605411, 1.513943367027328 ] ] ] } },
{ "type": "Feature", "properties": { "edgeID": "e_4_0059", "from_n_id": "n_4_0054", "to_n_id": "n_4_0055", "distance": 6.426, "bidir": 1, "accessible": 1, "FloorLevel": "4", "layer": "E4", "path": "C:/Users/Stephanie/Documents/001 Tasek Mall/04 GIS/Interim Nodes and Edges_01/E4.geojson" }, "geometry": { "type": "MultiLineString", "coordinates": [ [ [ 103.655461018899331, 1.513952612150182 ], [ 103.655421294984521, 1.513910435462191 ] ] ] } },
{ "type": "Feature", "properties": { "edgeID": "e_4_0060", "from_n_id": "n_4_0055", "to_n_id": "n_4_0056", "distance": 1.63, "bidir": 1, "accessible": 1, "FloorLevel": "4", "layer": "E4", "path": "C:/Users/Stephanie/Documents/001 Tasek Mall/04 GIS/Interim Nodes and Edges_01/E4.geojson" }, "geometry": { "type": "MultiLineString", "coordinates": [ [ [ 103.655421294984521, 1.513910435462191 ], [ 103.655431980397111, 1.513900348675033 ] ] ] } },
{ "type": "Feature", "properties": { "edgeID": "e_4_0061", "from_n_id": "n_4_0055", "to_n_id": "n_4_0059", "distance": 3.673, "bidir": 1, "accessible": 1, "FloorLevel": "4", "layer": "E4", "path": "C:/Users/Stephanie/Documents/001 Tasek Mall/04 GIS/Interim Nodes and Edges_01/E4.geojson" }, "geometry": { "type": "MultiLineString", "coordinates": [ [ [ 103.655421294984521, 1.513910435462191 ], [ 103.655398586055426, 1.513886324358478 ] ] ] } },
{ "type": "Feature", "properties": { "edgeID": "e_4_0062", "from_n_id": "n_4_0059", "to_n_id": "n_4_0060", "distance": 20.694, "bidir": 1, "accessible": 1, "FloorLevel": "4", "layer": "E4", "path": "C:/Users/Stephanie/Documents/001 Tasek Mall/04 GIS/Interim Nodes and Edges_01/E4.geojson" }, "geometry": { "type": "MultiLineString", "coordinates": [ [ [ 103.655398586055426, 1.513886324358478 ], [ 103.655508401996244, 1.513781407103657 ], [ 103.655532350475511, 1.513806456265877 ] ] ] } },
{ "type": "Feature", "properties": { "edgeID": "e_4_0063", "from_n_id": "n_4_0060", "to_n_id": "n_4_0063_L", "distance": 7.443, "bidir": 1, "accessible": 1, "FloorLevel": "4", "layer": "E4", "path": "C:/Users/Stephanie/Documents/001 Tasek Mall/04 GIS/Interim Nodes and Edges_01/E4.geojson" }, "geometry": { "type": "MultiLineString", "coordinates": [ [ [ 103.65553237609997, 1.513806431784491 ], [ 103.655566727484612, 1.513773543438694 ], [ 103.655553209233602, 1.513759433681718 ] ] ] } },
{ "type": "Feature", "properties": { "edgeID": "e_4_0064", "from_n_id": "n_4_0061", "to_n_id": "n_4_0063", "distance": 3.101, "bidir": 1, "accessible": 1, "FloorLevel": "4", "layer": "E4", "path": "C:/Users/Stephanie/Documents/001 Tasek Mall/04 GIS/Interim Nodes and Edges_01/E4.geojson" }, "geometry": { "type": "MultiLineString", "coordinates": [ [ [ 103.655669422826421, 1.513941624340791 ], [ 103.655681911121917, 1.513929693079491 ], [ 103.655689634517444, 1.513922314182139 ] ] ] } },
{ "type": "Feature", "properties": { "edgeID": "e_4_0065", "from_n_id": "n_4_0061", "to_n_id": "n_4_0060", "distance": 21.96, "bidir": 1, "accessible": 1, "FloorLevel": "4", "layer": "E4", "path": "C:/Users/Stephanie/Documents/001 Tasek Mall/04 GIS/Interim Nodes and Edges_01/E4.geojson" }, "geometry": { "type": "MultiLineString", "coordinates": [ [ [ 103.655669422826421, 1.513941624340791 ], [ 103.655594277327879, 1.513863185887454 ], [ 103.655590262269925, 1.513867029702948 ], [ 103.655532288594358, 1.513806515557993 ] ] ] } },
{ "type": "Feature", "properties": { "edgeID": "e_4_0066", "from_n_id": "n_4_0061", "to_n_id": "n_4_0062", "distance": 3.417, "bidir": 1, "accessible": 1, "FloorLevel": "4", "layer": "E4", "path": "C:/Users/Stephanie/Documents/001 Tasek Mall/04 GIS/Interim Nodes and Edges_01/E4.geojson" }, "geometry": { "type": "MultiLineString", "coordinates": [ [ [ 103.655669422826421, 1.513941624340791 ], [ 103.655681911121917, 1.513929693079491 ], [ 103.655672563075129, 1.513919915430614 ] ] ] } },
{ "type": "Feature", "properties": { "edgeID": "e_4_0067", "from_n_id": "n_4_0064", "to_n_id": "n_4_0061", "distance": 2.825, "bidir": 1, "accessible": 1, "FloorLevel": "4", "layer": "E4", "path": "C:/Users/Stephanie/Documents/001 Tasek Mall/04 GIS/Interim Nodes and Edges_01/E4.geojson" }, "geometry": { "type": "MultiLineString", "coordinates": [ [ [ 103.655687576730784, 1.513935606697116 ], [ 103.655681911121917, 1.513929693079491 ], [ 103.655669435289767, 1.513941637349729 ] ] ] } },
{ "type": "Feature", "properties": { "edgeID": "e_4_0068", "from_n_id": "n_4_0061", "to_n_id": "n_4_0065", "distance": 47.559, "bidir": 1, "accessible": 1, "FloorLevel": "4", "layer": "E4", "path": "C:/Users/Stephanie/Documents/001 Tasek Mall/04 GIS/Interim Nodes and Edges_01/E4.geojson" }, "geometry": { "type": "MultiLineString", "coordinates": [ [ [ 103.655669422826421, 1.513941624340791 ], [ 103.655754768462771, 1.51403070989224 ], [ 103.65574994732475, 1.514035325408974 ], [ 103.655849465100971, 1.514139204130295 ], [ 103.65573761352023, 1.514246285239075 ] ] ] } },
{ "type": "Feature", "properties": { "edgeID": "e_4_0069", "from_n_id": "n_4_0042", "to_n_id": "n_4_0065", "distance": 3.697, "bidir": 1, "accessible": 1, "FloorLevel": "4", "layer": "E4", "path": "C:/Users/Stephanie/Documents/001 Tasek Mall/04 GIS/Interim Nodes and Edges_01/E4.geojson" }, "geometry": { "type": "MultiLineString", "coordinates": [ [ [ 103.655714759281111, 1.51422201984051 ], [ 103.655737614427636, 1.514246286186245 ] ] ] } },
{ "type": "Feature", "properties": { "edgeID": "e_4_0070", "from_n_id": "n_4_0041", "to_n_id": "n_4_0065", "distance": 10.169, "bidir": 1, "accessible": 1, "FloorLevel": "4", "layer": "E4", "path": "C:/Users/Stephanie/Documents/001 Tasek Mall/04 GIS/Interim Nodes and Edges_01/E4.geojson" }, "geometry": { "type": "MultiLineString", "coordinates": [ [ [ 103.655672016041052, 1.514281125936831 ], [ 103.655685988803086, 1.514295710813429 ], [ 103.655737614539674, 1.514246286303184 ] ] ] } },
{ "type": "Feature", "properties": { "edgeID": "e_4_0071", "from_n_id": "n_4_0036", "to_n_id": "n_4_0050", "distance": 10.835, "bidir": 1, "accessible": 1, "FloorLevel": "4", "layer": "E4", "path": "C:/Users/Stephanie/Documents/001 Tasek Mall/04 GIS/Interim Nodes and Edges_01/E4.geojson" }, "geometry": { "type": "MultiLineString", "coordinates": [ [ [ 103.655546431959678, 1.5141801441299 ], [ 103.655595727277586, 1.514095638159118 ] ] ] } },
{ "type": "Feature", "properties": { "edgeID": "e_4_0072", "from_n_id": "n_4_0059", "to_n_id": "n_4_0019", "distance": 6.869, "bidir": 1, "accessible": 1, "FloorLevel": "4", "layer": "E4", "path": "C:/Users/Stephanie/Documents/001 Tasek Mall/04 GIS/Interim Nodes and Edges_01/E4.geojson" }, "geometry": { "type": "MultiLineString", "coordinates": [ [ [ 103.655398586055426, 1.513886324358478 ], [ 103.655353738311476, 1.513929009610729 ] ] ] } },
{ "type": "Feature", "properties": { "edgeID": "e_4_0073", "from_n_id": "n_4_0024", "to_n_id": "n_4_0075_E", "distance": 2.484, "bidir": 1, "accessible": 1, "FloorLevel": "4", "layer": "E4", "path": "C:/Users/Stephanie/Documents/001 Tasek Mall/04 GIS/Interim Nodes and Edges_01/E4.geojson" }, "geometry": { "type": "MultiLineString", "coordinates": [ [ [ 103.65542941057187, 1.514057547750974 ], [ 103.655418450400603, 1.514039512260724 ], [ 103.655417765382452, 1.514038379369047 ] ] ] } },
{ "type": "Feature", "properties": { "edgeID": "e_4_0074", "from_n_id": "n_4_0022", "to_n_id": "n_4_0075_E", "distance": 4.536, "bidir": 1, "accessible": 1, "FloorLevel": "4", "layer": "E4", "path": "C:/Users/Stephanie/Documents/001 Tasek Mall/04 GIS/Interim Nodes and Edges_01/E4.geojson" }, "geometry": { "type": "MultiLineString", "coordinates": [ [ [ 103.655396138904322, 1.514022690993703 ], [ 103.655409767154481, 1.514043428438746 ], [ 103.655409803427787, 1.514043503102699 ], [ 103.655409840997308, 1.514043577123338 ], [ 103.655409879851675, 1.514043650478176 ], [ 103.655409919979078, 1.514043723144931 ], [ 103.655409961367269, 1.514043795101526 ], [ 103.655410004003741, 1.514043866326104 ], [ 103.65541004787552, 1.514043936797026 ], [ 103.655410092969277, 1.514044006492887 ], [ 103.655410139271297, 1.514044075392512 ], [ 103.655410186767554, 1.514044143474973 ], [ 103.655410235443583, 1.514044210719587 ], [ 103.655410285284603, 1.514044277105926 ], [ 103.655410336275494, 1.514044342613823 ], [ 103.655410388400739, 1.514044407223379 ], [ 103.655410441644548, 1.514044470914967 ], [ 103.655410495990679, 1.514044533669236 ], [ 103.655410551422676, 1.514044595467126 ], [ 103.65541060792367, 1.514044656289862 ], [ 103.655410665476538, 1.514044716118968 ], [ 103.655410724063742, 1.514044774936268 ], [ 103.655410783667506, 1.514044832723896 ], [ 103.655410844269753, 1.514044889464296 ], [ 103.655410905852023, 1.514044945140232 ], [ 103.655410968395657, 1.514044999734791 ], [ 103.655411031881627, 1.514045053231387 ], [ 103.655411096290649, 1.51404510561377 ], [ 103.655411161603155, 1.514045156866027 ], [ 103.65541122779932, 1.514045206972588 ], [ 103.655411294859007, 1.514045255918232 ], [ 103.655411362761868, 1.514045303688091 ], [ 103.655411431487281, 1.514045350267651 ], [ 103.655411501014356, 1.514045395642765 ], [ 103.655411571321963, 1.514045439799647 ], [ 103.655411642388771, 1.514045482724884 ], [ 103.655411714193178, 1.514045524405436 ], [ 103.655411786713344, 1.51404556482864 ], [ 103.655411859927284, 1.514045603982219 ], [ 103.655411933812715, 1.514045641854276 ], [ 103.655412008347199, 1.514045678433307 ], [ 103.655412083508139, 1.5140457137082 ], [ 103.655412159272672, 1.514045747668241 ], [ 103.65541223561776, 1.514045780303111 ], [ 103.655412312520269, 1.514045811602898 ], [ 103.655412389956751, 1.514045841558092 ], [ 103.655412467903759, 1.514045870159595 ], [ 103.655412546337601, 1.514045897398717 ], [ 103.655412625234405, 1.514045923267185 ], [ 103.655412704570253, 1.514045947757139 ], [ 103.655412784321015, 1.51404597086114 ], [ 103.655412864462491, 1.514045992572169 ], [ 103.655412944970308, 1.514046012883631 ], [ 103.65541302582001, 1.514046031789356 ], [ 103.655413106987069, 1.514046049283601 ], [ 103.655413188446815, 1.514046065361051 ], [ 103.655413270174478, 1.514046080016823 ], [ 103.655413352145246, 1.514046093246462 ], [ 103.655413434334207, 1.514046105045953 ], [ 103.655413516716436, 1.514046115411709 ], [ 103.655413599266865, 1.514046124340582 ], [ 103.655413681960425, 1.514046131829859 ], [ 103.655413764771993, 1.514046137877266 ], [ 103.655413847676414, 1.514046142480965 ], [ 103.655413930648507, 1.514046145639557 ], [ 103.655414013663076, 1.514046147352083 ], [ 103.655414096694898, 1.514046147618024 ], [ 103.655414179718747, 1.514046146437298 ], [ 103.655414262709371, 1.514046143810262 ], [ 103.655414345641631, 1.514046139737718 ], [ 103.655414428490261, 1.5140461342209 ], [ 103.65541451123012, 1.514046127261485 ], [ 103.655414593836085, 1.514046118861587 ], [ 103.655414676283044, 1.514046109023758 ], [ 103.655414758545973, 1.514046097750987 ], [ 103.655414840599875, 1.514046085046696 ], [ 103.655414922419794, 1.514046070914747 ], [ 103.65541500398092, 1.514046055359432 ], [ 103.655415085258454, 1.514046038385477 ], [ 103.655415166227698, 1.514046019998037 ], [ 103.655415246864052, 1.5140460002027 ], [ 103.655415327143061, 1.514045979005477 ], [ 103.65541540704028, 1.514045956412808 ], [ 103.655415486531481, 1.514045932431557 ], [ 103.655415565592506, 1.514045907069009 ], [ 103.655415644199337, 1.514045880332868 ], [ 103.655415722328073, 1.514045852231256 ], [ 103.655415799955009, 1.51404582277271 ], [ 103.655415877056555, 1.514045791966179 ], [ 103.655415953609278, 1.514045759821021 ], [ 103.655416029589944, 1.514045726347001 ], [ 103.655416104975444, 1.514045691554289 ], [ 103.6554161797429, 1.514045655453452 ], [ 103.655416253869589, 1.514045618055459 ], [ 103.655416327332986, 1.514045579371671 ], [ 103.655416400110795, 1.514045539413837 ], [ 103.655416472180889, 1.514045498194097 ], [ 103.655416543521383, 1.514045455724972 ], [ 103.655416614110607, 1.514045412019365 ], [ 103.655416683927115, 1.514045367090552 ], [ 103.655416752949705, 1.51404532095218 ], [ 103.655416821157388, 1.514045273618266 ], [ 103.655416888529459, 1.51404522510319 ], [ 103.655416955045453, 1.514045175421689 ], [ 103.65541702068515, 1.514045124588856 ], [ 103.655417085428624, 1.514045072620132 ], [ 103.655417149256209, 1.514045019531305 ], [ 103.655417212148521, 1.514044965338502 ], [ 103.655417274086417, 1.514044910058185 ], [ 103.655417335051126, 1.514044853707149 ], [ 103.655417395024116, 1.51404479630251 ], [ 103.655417453987155, 1.514044737861709 ], [ 103.655417511922323, 1.514044678402496 ], [ 103.655417568812055, 1.514044617942936 ], [ 103.655417624639043, 1.514044556501395 ], [ 103.655417679386332, 1.514044494096538 ], [ 103.655417733037311, 1.51404443074732 ], [ 103.655417785575636, 1.514044366472989 ], [ 103.655417836985393, 1.514044301293068 ], [ 103.655417887250948, 1.514044235227358 ], [ 103.655417936357026, 1.514044168295928 ], [ 103.655417984288718, 1.514044100519111 ], [ 103.655418031031459, 1.514044031917495 ], [ 103.655418076571038, 1.514043962511922 ], [ 103.655418120893643, 1.514043892323475 ], [ 103.6554181639858, 1.514043821373475 ], [ 103.655418205834422, 1.514043749683477 ], [ 103.655418246426777, 1.514043677275258 ], [ 103.655418285750557, 1.514043604170814 ], [ 103.65541832379381, 1.514043530392353 ], [ 103.655418360544985, 1.514043455962288 ], [ 103.655418395992896, 1.514043380903228 ], [ 103.655418430126787, 1.514043305237976 ], [ 103.655418462936296, 1.514043228989518 ], [ 103.655418494411464, 1.514043152181014 ], [ 103.655418524542696, 1.514043074835801 ], [ 103.655418553320871, 1.514042996977371 ], [ 103.655418580737233, 1.514042918629379 ], [ 103.655418606783442, 1.514042839815623 ], [ 103.65541863145161, 1.514042760560047 ], [ 103.655418654734234, 1.514042680886726 ], [ 103.655418676624237, 1.514042600819864 ], [ 103.655418697114968, 1.514042520383784 ], [ 103.655418716200188, 1.514042439602921 ], [ 103.655418733874157, 1.514042358501813 ], [ 103.655418750131417, 1.514042277105099 ], [ 103.655418764967109, 1.514042195437505 ], [ 103.655418778376685, 1.51404211352384 ], [ 103.655418790356094, 1.514042031388987 ], [ 103.655418800901685, 1.514041949057898 ], [ 103.655418810010246, 1.514041866555583 ], [ 103.655418817679021, 1.514041783907105 ], [ 103.655418823905677, 1.514041701137571 ], [ 103.655418828688326, 1.514041618272125 ], [ 103.655418832025489, 1.514041535335939 ], [ 103.655418833916201, 1.514041452354209 ], [ 103.655418834359864, 1.51404136935214 ], [ 103.655418833356322, 1.514041286354951 ], [ 103.655418830905901, 1.514041203387851 ], [ 103.655418827009356, 1.514041120476046 ], [ 103.655418821667837, 1.514041037644723 ], [ 103.655418814883021, 1.514040954919043 ], [ 103.655418806656925, 1.514040872324137 ], [ 103.655418796992052, 1.514040789885097 ], [ 103.655418785891342, 1.514040707626965 ], [ 103.655418773358164, 1.514040625574731 ], [ 103.655418759396355, 1.514040543753318 ], [ 103.65541874401012, 1.514040462187584 ], [ 103.655418727204136, 1.514040380902308 ], [ 103.655418708983532, 1.51404029992218 ], [ 103.655418689353823, 1.514040219271802 ], [ 103.655418668320976, 1.514040138975674 ], [ 103.655418645891373, 1.514040059058188 ], [ 103.655418622071849, 1.514039979543621 ], [ 103.655418596869637, 1.51403990045613 ], [ 103.655418570292355, 1.514039821819738 ], [ 103.65541854234813, 1.514039743658334 ], [ 103.655418513045433, 1.514039665995662 ], [ 103.655418482393159, 1.514039588855314 ], [ 103.655418450400603, 1.514039512260724 ], [ 103.655418417077499, 1.514039436235159 ], [ 103.655418382433979, 1.514039360801717 ], [ 103.655418346480559, 1.514039285983311 ], [ 103.655418309228168, 1.514039211802669 ], [ 103.655418270688102, 1.514039138282326 ], [ 103.655418230872087, 1.514039065444617 ], [ 103.655418189792229, 1.514038993311668 ], [ 103.655418147460978, 1.514038921905391 ], [ 103.655418103891222, 1.51403885124748 ], [ 103.655418059096149, 1.514038781359397 ], [ 103.655418013089417, 1.514038712262373 ], [ 103.655417965885007, 1.5140386439774 ], [ 103.655417917497203, 1.51403857652522 ], [ 103.65541786794077, 1.514038509926324 ], [ 103.655417817230699, 1.514038444200945 ], [ 103.655417765382452, 1.514038379369047 ] ] ] } },
{ "type": "Feature", "properties": { "edgeID": "e_4_0075", "from_n_id": "n_4_0048", "to_n_id": "n_4_0071_E", "distance": 4.128, "bidir": 1, "accessible": 1, "FloorLevel": "4", "layer": "E4", "path": "C:/Users/Stephanie/Documents/001 Tasek Mall/04 GIS/Interim Nodes and Edges_01/E4.geojson" }, "geometry": { "type": "MultiLineString", "coordinates": [ [ [ 103.655607276902145, 1.51410790092011 ], [ 103.655628288351309, 1.514134567489619 ], [ 103.655630316295088, 1.514137156180199 ] ] ] } },
{ "type": "Feature", "properties": { "edgeID": "e_4_0076", "from_n_id": "n_4_0048", "to_n_id": "n_4_0070_E", "distance": 6.067, "bidir": 1, "accessible": 1, "FloorLevel": "4", "layer": "E4", "path": "C:/Users/Stephanie/Documents/001 Tasek Mall/04 GIS/Interim Nodes and Edges_01/E4.geojson" }, "geometry": { "type": "MultiLineString", "coordinates": [ [ [ 103.655607276902145, 1.51410790092011 ], [ 103.655620435307156, 1.514161145047037 ] ] ] } },
{ "type": "Feature", "properties": { "edgeID": "e_4_0077", "from_n_id": "n_4_0040", "to_n_id": "n_4_0072_E", "distance": 1.104, "bidir": 1, "accessible": 1, "FloorLevel": "4", "layer": "E4", "path": "C:/Users/Stephanie/Documents/001 Tasek Mall/04 GIS/Interim Nodes and Edges_01/E4.geojson" }, "geometry": { "type": "MultiLineString", "coordinates": [ [ [ 103.655662272864021, 1.514271227734249 ], [ 103.655657483191362, 1.514262486997882 ] ] ] } },
{ "type": "Feature", "properties": { "edgeID": "e_4_0078", "from_n_id": "n_4_0046", "to_n_id": "n_4_0071_E", "distance": 6.437, "bidir": 1, "accessible": 1, "FloorLevel": "4", "layer": "E4", "path": "C:/Users/Stephanie/Documents/001 Tasek Mall/04 GIS/Interim Nodes and Edges_01/E4.geojson" }, "geometry": { "type": "MultiLineString", "coordinates": [ [ [ 103.655657060983373, 1.514160758939642 ], [ 103.655637626507485, 1.514127242733986 ], [ 103.655637539413235, 1.514127179756566 ], [ 103.655637451232749, 1.514127118308213 ], [ 103.655637361992888, 1.514127058407644 ], [ 103.655637271720863, 1.514127000073104 ], [ 103.655637180444145, 1.514126943322363 ], [ 103.655637088190545, 1.514126888172708 ], [ 103.655636994988171, 1.514126834640938 ], [ 103.655636900865403, 1.514126782743358 ], [ 103.655636805850918, 1.514126732495777 ], [ 103.655636709973649, 1.514126683913502 ], [ 103.655636613262828, 1.514126637011332 ], [ 103.655636515747872, 1.514126591803552 ], [ 103.65563641745851, 1.514126548303933 ], [ 103.655636318424698, 1.514126506525727 ], [ 103.655636218676577, 1.514126466481658 ], [ 103.65563611824453, 1.514126428183926 ], [ 103.655636017159168, 1.514126391644195 ], [ 103.655635915451256, 1.514126356873596 ], [ 103.655635813151832, 1.514126323882722 ], [ 103.655635710291975, 1.514126292681619 ], [ 103.655635606903076, 1.514126263279794 ], [ 103.655635503016612, 1.514126235686202 ], [ 103.655635398664231, 1.514126209909248 ], [ 103.655635293877708, 1.514126185956785 ], [ 103.65563518868899, 1.514126163836108 ], [ 103.655635083130065, 1.514126143553955 ], [ 103.655634977233149, 1.514126125116506 ], [ 103.655634871030443, 1.514126108529376 ], [ 103.655634764554364, 1.514126093797616 ], [ 103.655634657837282, 1.514126080925717 ], [ 103.655634550911728, 1.514126069917597 ], [ 103.655634443810271, 1.51412606077661 ], [ 103.655634336565569, 1.51412605350554 ], [ 103.655634229210236, 1.514126048106604 ], [ 103.655634121776998, 1.514126044581444 ], [ 103.655634014298585, 1.514126042931134 ], [ 103.655633906807722, 1.514126043156179 ], [ 103.655633799337167, 1.514126045256508 ], [ 103.655633691919647, 1.514126049231482 ], [ 103.655633584587875, 1.514126055079891 ], [ 103.65563347737455, 1.514126062799952 ], [ 103.65563337031233, 1.514126072389315 ], [ 103.65563326343387, 1.514126083845058 ], [ 103.655633156771671, 1.514126097163691 ], [ 103.655633050358219, 1.514126112341158 ], [ 103.655632944225971, 1.514126129372836 ], [ 103.655632838407229, 1.514126148253536 ], [ 103.655632732934237, 1.514126168977508 ], [ 103.655632627839111, 1.514126191538437 ], [ 103.655632523153869, 1.514126215929454 ], [ 103.6556324189104, 1.514126242143127 ], [ 103.65563231514048, 1.51412627017147 ], [ 103.655632211875684, 1.514126300005949 ], [ 103.655632109147504, 1.514126331637472 ], [ 103.655632006987162, 1.514126365056408 ], [ 103.655631905425864, 1.514126400252573 ], [ 103.65563180449449, 1.514126437215249 ], [ 103.655631704223808, 1.514126475933175 ], [ 103.655631604644327, 1.514126516394558 ], [ 103.655631505786459, 1.514126558587073 ], [ 103.655631407680218, 1.514126602497868 ], [ 103.65563131035556, 1.514126648113566 ], [ 103.655631213842085, 1.514126695420275 ], [ 103.655631118169239, 1.514126744403581 ], [ 103.655631023366141, 1.514126795048566 ], [ 103.655630929461665, 1.514126847339802 ], [ 103.655630836484406, 1.514126901261361 ], [ 103.655630744462684, 1.514126956796817 ], [ 103.655630653424566, 1.514127013929254 ], [ 103.65563056339775, 1.51412707264127 ], [ 103.655630474409676, 1.514127132914979 ], [ 103.655630386487459, 1.514127194732023 ], [ 103.655630299657844, 1.51412725807357 ], [ 103.655630213947305, 1.514127322920326 ], [ 103.655630129381947, 1.514127389252539 ], [ 103.655630045987536, 1.514127457050003 ], [ 103.655629963789465, 1.514127526292066 ], [ 103.655629882812775, 1.514127596957635 ], [ 103.655629803082135, 1.514127669025187 ], [ 103.655629724621832, 1.514127742472769 ], [ 103.655629647455754, 1.514127817278007 ], [ 103.65562957160742, 1.514127893418115 ], [ 103.655629497099937, 1.5141279708699 ], [ 103.655629423955986, 1.51412804960977 ], [ 103.655629352197863, 1.51412812961374 ], [ 103.655629281847425, 1.51412821085744 ], [ 103.655629212926073, 1.514128293316121 ], [ 103.655629145454839, 1.514128376964667 ], [ 103.655629079454258, 1.514128461777598 ], [ 103.655629014944424, 1.514128547729077 ], [ 103.655628951945019, 1.514128634792924 ], [ 103.655628890475199, 1.514128722942619 ], [ 103.655628830553709, 1.51412881215131 ], [ 103.655628772198781, 1.514128902391822 ], [ 103.655628715428222, 1.514128993636669 ], [ 103.65562866025931, 1.514129085858056 ], [ 103.655628606708831, 1.51412917902789 ], [ 103.65562855479314, 1.514129273117794 ], [ 103.655628504528011, 1.514129368099104 ], [ 103.655628455928763, 1.51412946394289 ], [ 103.655628409010205, 1.514129560619955 ], [ 103.655628363786647, 1.514129658100853 ], [ 103.65562832027183, 1.514129756355888 ], [ 103.655628278479028, 1.514129855355131 ], [ 103.655628238420974, 1.514129955068426 ], [ 103.655628200109874, 1.514130055465399 ], [ 103.655628163557381, 1.51413015651547 ], [ 103.655628128774637, 1.514130258187856 ], [ 103.655628095772229, 1.514130360451587 ], [ 103.655628064560233, 1.514130463275514 ], [ 103.65562803514814, 1.514130566628314 ], [ 103.655628007544905, 1.514130670478506 ], [ 103.655627981758954, 1.514130774794455 ], [ 103.655627957798117, 1.514130879544387 ], [ 103.655627935669713, 1.514130984696392 ], [ 103.655627915380478, 1.514131090218442 ], [ 103.655627896936593, 1.514131196078392 ], [ 103.655627880343673, 1.514131302243998 ], [ 103.65562786560676, 1.514131408682919 ], [ 103.655627852730362, 1.514131515362733 ], [ 103.655627841718399, 1.514131622250946 ], [ 103.655627832574211, 1.514131729314996 ], [ 103.655627825300613, 1.514131836522273 ], [ 103.655627819899792, 1.514131943840119 ], [ 103.655627816373396, 1.514132051235845 ], [ 103.655627814722507, 1.514132158676736 ], [ 103.655627814947636, 1.514132266130066 ], [ 103.655627817048696, 1.514132373563102 ], [ 103.65562782102505, 1.514132480943119 ], [ 103.655627826875516, 1.51413258823741 ], [ 103.655627834598263, 1.51413269541329 ], [ 103.655627844190974, 1.514132802438113 ], [ 103.655627855650721, 1.514132909279277 ], [ 103.655627868974008, 1.514133015904241 ], [ 103.655627884156786, 1.514133122280522 ], [ 103.655627901194407, 1.514133228375717 ], [ 103.655627920081713, 1.514133334157511 ], [ 103.655627940812906, 1.514133439593679 ], [ 103.655627963381704, 1.514133544652106 ], [ 103.655627987781259, 1.514133649300789 ], [ 103.65562801400408, 1.514133753507853 ], [ 103.655628042042224, 1.514133857241553 ], [ 103.655628071887108, 1.514133960470291 ], [ 103.655628103529679, 1.514134063162625 ], [ 103.655628136960303, 1.514134165287271 ], [ 103.655628172168761, 1.514134266813123 ], [ 103.655628209144339, 1.514134367709254 ], [ 103.655628247875782, 1.51413446794493 ], [ 103.655628288351309, 1.514134567489619 ], [ 103.655628330558557, 1.514134666312999 ], [ 103.655628374484678, 1.514134764384966 ], [ 103.655628420116315, 1.514134861675647 ], [ 103.655628467439556, 1.514134958155407 ], [ 103.655628516439961, 1.514135053794856 ], [ 103.655628567102639, 1.514135148564863 ], [ 103.655628619412127, 1.514135242436559 ], [ 103.655628673352538, 1.51413533538135 ], [ 103.655628728907388, 1.514135427370924 ], [ 103.655628786059779, 1.51413551837726 ], [ 103.655628844792304, 1.514135608372636 ], [ 103.65562890508707, 1.514135697329641 ], [ 103.655628966925704, 1.514135785221175 ], [ 103.655629030289376, 1.514135872020467 ], [ 103.655629095158773, 1.514135957701076 ], [ 103.655629161514156, 1.514136042236904 ], [ 103.65562922933529, 1.5141361256022 ], [ 103.655629298601554, 1.51413620777157 ], [ 103.655629369291802, 1.514136288719985 ], [ 103.655629441384519, 1.514136368422787 ], [ 103.65562951485775, 1.514136446855697 ], [ 103.655629589689127, 1.514136523994825 ], [ 103.655629665855841, 1.514136599816672 ], [ 103.655629743334657, 1.514136674298144 ], [ 103.655629822102028, 1.514136747416551 ], [ 103.655629902133953, 1.514136819149622 ], [ 103.655629983406016, 1.514136889475506 ], [ 103.655630065893504, 1.514136958372781 ], [ 103.65563014957128, 1.51413702582046 ], [ 103.65563023441382, 1.514137091797997 ], [ 103.655630320395332, 1.514137156285297 ] ] ] } },
{ "type": "Feature", "properties": { "edgeID": "e_4_0079", "from_n_id": "n_4_0076_E", "to_n_id": "n_4_0014", "distance": 14.545, "bidir": 1, "accessible": 1, "FloorLevel": "4", "layer": "E4", "path": "C:/Users/Stephanie/Documents/001 Tasek Mall/04 GIS/Interim Nodes and Edges_01/E4.geojson" }, "geometry": { "type": "MultiLineString", "coordinates": [ [ [ 103.654447836978804, 1.514443874014171 ], [ 103.654495131761024, 1.514321247038931 ] ] ] } },
{ "type": "Feature", "properties": { "edgeID": "e_4_0080", "from_n_id": "n_4_0077_E", "to_n_id": "n_4_0076_E", "distance": 2.245, "bidir": 1, "accessible": 1, "FloorLevel": "4", "layer": "E4", "path": "C:/Users/Stephanie/Documents/001 Tasek Mall/04 GIS/Interim Nodes and Edges_01/E4.geojson" }, "geometry": { "type": "MultiLineString", "coordinates": [ [ [ 103.654433195214821, 1.514457841639931 ], [ 103.654447836978804, 1.514443874014171 ] ] ] } },
{ "type": "Feature", "properties": { "edgeID": "e_4_0081", "from_n_id": "n_4_0066", "to_n_id": "n_4_0010", "distance": 4.195, "bidir": 1, "accessible": 1, "FloorLevel": "4", "layer": "E4", "path": "C:/Users/Stephanie/Documents/001 Tasek Mall/04 GIS/Interim Nodes and Edges_01/E4.geojson" }, "geometry": { "type": "MultiLineString", "coordinates": [ [ [ 103.6544273344564, 1.514463713971279 ], [ 103.6544535023545, 1.514491027084747 ] ] ] } },
{ "type": "Feature", "properties": { "edgeID": "e_4_0082", "from_n_id": "n_4_0077_E", "to_n_id": "n_4_0066", "distance": 0.92, "bidir": 1, "accessible": 1, "FloorLevel": "4", "layer": "E4", "path": "C:/Users/Stephanie/Documents/001 Tasek Mall/04 GIS/Interim Nodes and Edges_01/E4.geojson" }, "geometry": { "type": "MultiLineString", "coordinates": [ [ [ 103.654433195214821, 1.514457841639931 ], [ 103.6544273344564, 1.514463713971279 ] ] ] } },
{ "type": "Feature", "properties": { "edgeID": "e_4_0083", "from_n_id": "n_4_0067", "to_n_id": "n_4_0069", "distance": 3.324, "bidir": 1, "accessible": 1, "FloorLevel": "4", "layer": "E4", "path": "C:/Users/Stephanie/Documents/001 Tasek Mall/04 GIS/Interim Nodes and Edges_01/E4.geojson" }, "geometry": { "type": "MultiLineString", "coordinates": [ [ [ 103.654673379530323, 1.51397442840533 ], [ 103.6546530724588, 1.513953396160538 ], [ 103.654653600331869, 1.51395288688933 ] ] ] } },
{ "type": "Feature", "properties": { "edgeID": "e_4_0084", "from_n_id": "n_4_0069", "to_n_id": "n_4_0068", "distance": 2.14, "bidir": 1, "accessible": 1, "FloorLevel": "4", "layer": "E4", "path": "C:/Users/Stephanie/Documents/001 Tasek Mall/04 GIS/Interim Nodes and Edges_01/E4.geojson" }, "geometry": { "type": "MultiLineString", "coordinates": [ [ [ 103.654653600331869, 1.51395288688933 ], [ 103.654667483723884, 1.513939492737761 ] ] ] } },
{ "type": "Feature", "properties": { "edgeID": "e_4_0085", "from_n_id": "n_4_0069", "to_n_id": "n_4_0080_E", "distance": 3.624, "bidir": 1, "accessible": 1, "FloorLevel": "4", "layer": "E4", "path": "C:/Users/Stephanie/Documents/001 Tasek Mall/04 GIS/Interim Nodes and Edges_01/E4.geojson" }, "geometry": { "type": "MultiLineString", "coordinates": [ [ [ 103.654653072458785, 1.513953396160538 ], [ 103.654624195159627, 1.513938238268123 ] ] ] } },
{ "type": "Feature", "properties": { "edgeID": "e_4_0086", "from_n_id": "n_4_0069", "to_n_id": "n_4_0083_L", "distance": 6.038, "bidir": 1, "accessible": 1, "FloorLevel": "4", "layer": "E4", "path": "C:/Users/Stephanie/Documents/001 Tasek Mall/04 GIS/Interim Nodes and Edges_01/E4.geojson" }, "geometry": { "type": "MultiLineString", "coordinates": [ [ [ 103.654653072458785, 1.513953396160538 ], [ 103.654626858227573, 1.513955632941167 ], [ 103.65459963328118, 1.513962020418743 ] ] ] } },
{ "type": "Feature", "properties": { "edgeID": "e_4_0087", "from_n_id": "n_4_0068", "to_n_id": "n_4_0079_E", "distance": 22.685, "bidir": 1, "accessible": 1, "FloorLevel": "4", "layer": "E4", "path": "C:/Users/Stephanie/Documents/001 Tasek Mall/04 GIS/Interim Nodes and Edges_01/E4.geojson" }, "geometry": { "type": "MultiLineString", "coordinates": [ [ [ 103.654667483723884, 1.513939492737761 ], [ 103.654666498988959, 1.513936199762487 ], [ 103.654665457606797, 1.513932924248422 ], [ 103.654664359886993, 1.513929667169279 ], [ 103.654663206155846, 1.513926429493289 ], [ 103.654661996756317, 1.513923212182916 ], [ 103.654660732047944, 1.513920016194569 ], [ 103.654659412406673, 1.513916842478318 ], [ 103.654658038224824, 1.513913691977615 ], [ 103.654656609910873, 1.513910565629008 ], [ 103.654655127889384, 1.513907464361866 ], [ 103.654653592600965, 1.513904389098102 ], [ 103.654652004501983, 1.513901340751901 ], [ 103.654650364064565, 1.513898320229443 ], [ 103.654648671776343, 1.513895328428637 ], [ 103.654646928140366, 1.513892366238858 ], [ 103.654645133675004, 1.513889434540674 ], [ 103.654643288913633, 1.513886534205591 ], [ 103.654641394404734, 1.513883666095791 ], [ 103.654639450711414, 1.513880831063876 ], [ 103.6546374584115, 1.513878029952618 ], [ 103.654635418097243, 1.5138752635947 ], [ 103.654633330375177, 1.513872532812479 ], [ 103.654631195865917, 1.513869838417733 ], [ 103.654629015203952, 1.513867181211425 ], [ 103.654626789037579, 1.513864561983462 ], [ 103.654624518028541, 1.513861981512462 ], [ 103.65462220285194, 1.513859440565521 ], [ 103.65461984419602, 1.513856939897987 ], [ 103.654617442761932, 1.51385448025323 ], [ 103.654614999263543, 1.513852062362432 ], [ 103.654612514427228, 1.513849686944358 ], [ 103.65460998899168, 1.513847354705147 ], [ 103.654607423707617, 1.513845066338105 ], [ 103.654604819337607, 1.513842822523493 ], [ 103.654602176655885, 1.513840623928332 ], [ 103.654599496448014, 1.513838471206195 ], [ 103.65459677951074, 1.513836364997024 ], [ 103.65459402665175, 1.513834305926931 ], [ 103.654591238689363, 1.513832294608014 ], [ 103.654588416452341, 1.51383033163818 ], [ 103.65458556077968, 1.513828417600958 ], [ 103.654582672520291, 1.513826553065336 ], [ 103.65457975253274, 1.513824738585584 ], [ 103.654576801685067, 1.513822974701091 ], [ 103.654573820854466, 1.513821261936207 ], [ 103.654570810927055, 1.513819600800087 ], [ 103.654567772797563, 1.513817991786535 ], [ 103.654564707369161, 1.513816435373863 ], [ 103.654561615553106, 1.513814932024745 ], [ 103.654558498268528, 1.513813482186083 ], [ 103.654555356442046, 1.513812086288869 ], [ 103.654552191007681, 1.513810744748061 ], [ 103.654552058836913, 1.513810689159866 ], [ 103.654551925715822, 1.513810635886035 ], [ 103.654551791684895, 1.513810584942791 ], [ 103.654551656785017, 1.513810536345651 ], [ 103.654551521057229, 1.51381049010942 ], [ 103.654551384542913, 1.513810446248179 ], [ 103.654551247283621, 1.513810404775291 ], [ 103.654551109321176, 1.513810365703388 ], [ 103.654550970697628, 1.513810329044372 ], [ 103.654550831455182, 1.51381029480941 ], [ 103.654550691636246, 1.51381026300893 ], [ 103.654550551283393, 1.513810233652618 ], [ 103.654550410439441, 1.513810206749417 ], [ 103.654550269147222, 1.513810182307522 ], [ 103.654550127449809, 1.513810160334379 ], [ 103.654549985390361, 1.513810140836678 ], [ 103.654549843012148, 1.513810123820363 ], [ 103.654549700358544, 1.513810109290614 ], [ 103.65454955747299, 1.513810097251857 ], [ 103.654549414399028, 1.513810087707761 ], [ 103.654549271180244, 1.513810080661231 ], [ 103.654549127860236, 1.513810076114415 ], [ 103.654548984482659, 1.513810074068698 ], [ 103.654548841091227, 1.513810074524702 ], [ 103.654548697729581, 1.513810077482289 ], [ 103.654548554441419, 1.513810082940559 ], [ 103.654548411270369, 1.513810090897846 ], [ 103.654548268260058, 1.51381010135173 ], [ 103.654548125454014, 1.513810114299025 ], [ 103.654547982895778, 1.513810129735786 ], [ 103.654547840628737, 1.513810147657313 ], [ 103.654547698696263, 1.513810168058145 ], [ 103.654547557141584, 1.51381019093207 ], [ 103.654547416007773, 1.513810216272118 ], [ 103.65454727533789, 1.513810244070571 ], [ 103.654547135174752, 1.513810274318962 ], [ 103.654546995561049, 1.513810307008076 ], [ 103.654546856539298, 1.513810342127956 ], [ 103.654546718151863, 1.513810379667905 ], [ 103.654546580440908, 1.513810419616487 ], [ 103.654546443448353, 1.513810461961533 ], [ 103.654546307215952, 1.513810506690145 ], [ 103.654546171785213, 1.513810553788698 ], [ 103.654546037197349, 1.513810603242846 ], [ 103.654545903493386, 1.513810655037523 ], [ 103.654545770714037, 1.513810709156954 ], [ 103.654545638899748, 1.513810765584652 ], [ 103.654545508090692, 1.513810824303429 ], [ 103.654545378326702, 1.513810885295399 ], [ 103.654545249647299, 1.513810948541984 ], [ 103.65454512209169, 1.513811014023917 ], [ 103.654544995698714, 1.513811081721252 ], [ 103.654544870506882, 1.513811151613369 ], [ 103.654544746554336, 1.513811223678976 ], [ 103.654544623878849, 1.513811297896122 ], [ 103.654544502517737, 1.513811374242201 ], [ 103.654544382507993, 1.513811452693956 ], [ 103.654544263886194, 1.51381153322749 ], [ 103.654544146688437, 1.513811615818272 ], [ 103.654544030950461, 1.513811700441143 ], [ 103.654543916707496, 1.513811787070328 ], [ 103.654543803994343, 1.513811875679437 ], [ 103.654543692845337, 1.51381196624148 ], [ 103.654543583294327, 1.51381205872887 ], [ 103.654543475374723, 1.513812153113436 ], [ 103.654543369119352, 1.513812249366426 ], [ 103.654543264560587, 1.51381234745852 ], [ 103.654543161730288, 1.51381244735984 ], [ 103.65454306065979, 1.513812549039955 ], [ 103.654542961379875, 1.51381265246789 ], [ 103.654542863920753, 1.513812757612142 ], [ 103.654542768312155, 1.513812864440682 ], [ 103.654542674583183, 1.51381297292097 ], [ 103.654542582762389, 1.51381308301996 ], [ 103.654542492877738, 1.513813194704117 ], [ 103.654542404956615, 1.51381330793942 ], [ 103.654542319025808, 1.513813422691376 ], [ 103.654542235111464, 1.51381353892503 ], [ 103.654542153239191, 1.513813656604978 ], [ 103.654542073433873, 1.513813775695372 ], [ 103.654541995719882, 1.513813896159937 ], [ 103.654541920120849, 1.513814017961977 ], [ 103.654541846659811, 1.51381414106439 ], [ 103.654541775359121, 1.513814265429679 ], [ 103.654541706240565, 1.513814391019961 ], [ 103.654541639325117, 1.513814517796979 ], [ 103.654541574633214, 1.513814645722116 ], [ 103.654541512184537, 1.513814774756405 ], [ 103.654541451998142, 1.513814904860541 ], [ 103.654541394092291, 1.513815035994892 ], [ 103.654541338484705, 1.513815168119514 ], [ 103.65454128519228, 1.513815301194161 ], [ 103.654541234231246, 1.513815435178296 ], [ 103.654541185617134, 1.513815570031107 ], [ 103.654541139364767, 1.513815705711516 ], [ 103.654541095488213, 1.513815842178194 ], [ 103.654541054000831, 1.513815979389572 ], [ 103.654541014915296, 1.513816117303853 ], [ 103.654540978243489, 1.513816255879028 ], [ 103.654540943996565, 1.513816395072885 ], [ 103.654540912184984, 1.513816534843025 ], [ 103.654540882818424, 1.513816675146872 ], [ 103.654540855905836, 1.513816815941689 ], [ 103.654540831455407, 1.513816957184587 ], [ 103.654540809474582, 1.513817098832543 ], [ 103.654540789970085, 1.51381724084241 ], [ 103.654540772947811, 1.51381738317093 ], [ 103.654540758412992, 1.513817525774748 ], [ 103.654540746370017, 1.513817668610426 ], [ 103.654540736822611, 1.513817811634455 ], [ 103.654540729773615, 1.513817954803268 ], [ 103.654540725225203, 1.513818098073254 ], [ 103.654540723178783, 1.513818241400773 ], [ 103.654540723634938, 1.513818384742165 ], [ 103.654540726593567, 1.513818528053767 ], [ 103.654540732053732, 1.513818671291925 ], [ 103.6545407400138, 1.513818814413007 ], [ 103.654540750471327, 1.513818957373417 ], [ 103.654540763423142, 1.513819100129608 ], [ 103.654540778865297, 1.513819242638096 ], [ 103.6545407967931, 1.513819384855469 ], [ 103.654540817201053, 1.513819526738409 ], [ 103.654540840082959, 1.513819668243696 ], [ 103.654540865431841, 1.513819809328225 ], [ 103.654540893239997, 1.513819949949022 ], [ 103.654540923498956, 1.513820090063252 ], [ 103.654540956199483, 1.513820229628235 ], [ 103.654540991331615, 1.513820368601457 ], [ 103.654541028884665, 1.513820506940587 ], [ 103.654541068847209, 1.513820644603484 ], [ 103.654541111207038, 1.513820781548216 ], [ 103.654541155951264, 1.513820917733068 ], [ 103.654541203066273, 1.513821053116556 ], [ 103.654541252537683, 1.513821187657441 ], [ 103.654541304350445, 1.513821321314742 ], [ 103.654541358488757, 1.513821454047744 ], [ 103.654541414936162, 1.513821585816015 ], [ 103.654541473675451, 1.513821716579419 ], [ 103.65454153468869, 1.513821846298123 ], [ 103.654541597957362, 1.513821974932614 ], [ 103.654541663462155, 1.513822102443707 ], [ 103.65454173118313, 1.513822228792563 ], [ 103.654541801099654, 1.513822353940694 ], [ 103.654541873190411, 1.513822477849978 ], [ 103.654541947433472, 1.513822600482673 ], [ 103.654542023806215, 1.513822721801422 ], [ 103.654542102285347, 1.51382284176927 ], [ 103.65454218284701, 1.513822960349676 ], [ 103.654542265466617, 1.513823077506516 ], [ 103.65454235011903, 1.513823193204106 ], [ 103.654542436778456, 1.513823307407201 ], [ 103.65454252541852, 1.513823420081015 ], [ 103.654542616012179, 1.513823531191226 ], [ 103.654542708531849, 1.513823640703989 ], [ 103.654542802949379, 1.513823748585945 ], [ 103.654542899235963, 1.513823854804232 ], [ 103.654542997362299, 1.513823959326496 ], [ 103.654543097298514, 1.513824062120896 ], [ 103.654543199014128, 1.513824163156123 ], [ 103.654543302478189, 1.513824262401398 ], [ 103.654543407659119, 1.513824359826492 ], [ 103.65454351452496, 1.513824455401727 ], [ 103.654543623043139, 1.513824549097992 ], [ 103.65454373318056, 1.513824640886743 ], [ 103.654543844903699, 1.513824730740021 ], [ 103.65454395817855, 1.513824818630458 ], [ 103.654544072970566, 1.51382490453128 ], [ 103.654544189244803, 1.513824988416321 ], [ 103.654544306965832, 1.513825070260029 ], [ 103.654544426097829, 1.513825150037474 ], [ 103.654544546604427, 1.513825227724354 ], [ 103.654544668449006, 1.513825303297005 ], [ 103.65454479159439, 1.513825376732408 ], [ 103.654544916003104, 1.513825448008193 ], [ 103.654545041637235, 1.513825517102648 ], [ 103.654545168458512, 1.513825583994727 ], [ 103.65454529642831, 1.513825648664055 ], [ 103.654545425507649, 1.513825711090932 ], [ 103.654545555657208, 1.513825771256342 ], [ 103.654545686837352, 1.513825829141958 ] ] ] } },
{ "type": "Feature", "properties": { "edgeID": "e_4_0088", "from_n_id": "n_4_0012", "to_n_id": "n_4_0070", "distance": 1.136, "bidir": 1, "accessible": 1, "FloorLevel": "4", "layer": "E4", "path": "C:/Users/Stephanie/Documents/001 Tasek Mall/04 GIS/Interim Nodes and Edges_01/E4.geojson" }, "geometry": { "type": "MultiLineString", "coordinates": [ [ [ 103.654588627846735, 1.514376424772478 ], [ 103.654595704020167, 1.514383828404479 ] ] ] } },
{ "type": "Feature", "properties": { "edgeID": "e_4_0089", "from_n_id": "n_4_0071", "to_n_id": "n_4_0072", "distance": 1.03, "bidir": 1, "accessible": 1, "FloorLevel": "4", "layer": "E4", "path": "C:/Users/Stephanie/Documents/001 Tasek Mall/04 GIS/Interim Nodes and Edges_01/E4.geojson" }, "geometry": { "type": "MultiLineString", "coordinates": [ [ [ 103.654991680424487, 1.514239836866397 ], [ 103.65498497662665, 1.514246255512899 ] ] ] } },
{ "type": "Feature", "properties": { "edgeID": "e_4_0090", "from_n_id": "n_4_0016", "to_n_id": "n_4_0071", "distance": 26.888, "bidir": 1, "accessible": 1, "FloorLevel": "4", "layer": "E4", "path": "C:/Users/Stephanie/Documents/001 Tasek Mall/04 GIS/Interim Nodes and Edges_01/E4.geojson" }, "geometry": { "type": "MultiLineString", "coordinates": [ [ [ 103.654822067742245, 1.514153467214658 ], [ 103.654873477335229, 1.514207123209775 ], [ 103.654918778278457, 1.514163749176827 ], [ 103.654991680424502, 1.514239836866397 ] ] ] } },
{ "type": "Feature", "properties": { "edgeID": "e_4_0091", "from_n_id": "n_4_0073", "to_n_id": "n_4_0069_L", "distance": 3.162, "bidir": 1, "accessible": 1, "FloorLevel": "4", "layer": "E4", "path": "C:/Users/Stephanie/Documents/001 Tasek Mall/04 GIS/Interim Nodes and Edges_01/E4.geojson" }, "geometry": { "type": "MultiLineString", "coordinates": [ [ [ 103.655192220356383, 1.514083719741226 ], [ 103.65521586564364, 1.514099576754897 ] ] ] } },
{ "type": "Feature", "properties": { "edgeID": "e_4_0092", "from_n_id": "n_4_0073", "to_n_id": "n_4_0018", "distance": 12.119, "bidir": 1, "accessible": 1, "FloorLevel": "4", "layer": "E4", "path": "C:/Users/Stephanie/Documents/001 Tasek Mall/04 GIS/Interim Nodes and Edges_01/E4.geojson" }, "geometry": { "type": "MultiLineString", "coordinates": [ [ [ 103.655192068793497, 1.514083629207383 ], [ 103.655270969062641, 1.514008086156341 ] ] ] } },
{ "type": "Feature", "properties": { "edgeID": "e_5_0001", "from_n_id": "n_5_0010_E", "to_n_id": "n_5_0007", "distance": 6.472, "bidir": 1, "accessible": 1, "FloorLevel": "5", "layer": "E5", "path": "C:/Users/Stephanie/Documents/001 Tasek Mall/04 GIS/Interim Nodes and Edges_01/E5.geojson" }, "geometry": { "type": "MultiLineString", "coordinates": [ [ [ 103.655639252939991, 1.514253018188047 ], [ 103.655642218428738, 1.514267647685603 ], [ 103.655601335212637, 1.514282084043129 ] ] ] } },
{ "type": "Feature", "properties": { "edgeID": "e_5_0002", "from_n_id": "n_5_0011_E", "to_n_id": "n_5_0007", "distance": 8.22, "bidir": 1, "accessible": 1, "FloorLevel": "5", "layer": "E5", "path": "C:/Users/Stephanie/Documents/001 Tasek Mall/04 GIS/Interim Nodes and Edges_01/E5.geojson" }, "geometry": { "type": "MultiLineString", "coordinates": [ [ [ 103.655661205118051, 1.514260126807504 ], [ 103.655663370201154, 1.514270807704006 ], [ 103.655601335212637, 1.514282084043129 ] ] ] } },
{ "type": "Feature", "properties": { "edgeID": "e_5_0003", "from_n_id": "n_5_0011_E", "to_n_id": "n_5_0008", "distance": 4.907, "bidir": 1, "accessible": 1, "FloorLevel": "5", "layer": "E5", "path": "C:/Users/Stephanie/Documents/001 Tasek Mall/04 GIS/Interim Nodes and Edges_01/E5.geojson" }, "geometry": { "type": "MultiLineString", "coordinates": [ [ [ 103.655661205118051, 1.514260126807504 ], [ 103.655663370201154, 1.514270807704006 ], [ 103.655643771671251, 1.514297855781663 ] ] ] } },
{ "type": "Feature", "properties": { "edgeID": "e_5_0004", "from_n_id": "n_5_0010_E", "to_n_id": "n_5_0008", "distance": 4.996, "bidir": 1, "accessible": 1, "FloorLevel": "5", "layer": "E5", "path": "C:/Users/Stephanie/Documents/001 Tasek Mall/04 GIS/Interim Nodes and Edges_01/E5.geojson" }, "geometry": { "type": "MultiLineString", "coordinates": [ [ [ 103.655639252939991, 1.514253018188047 ], [ 103.655642218428738, 1.514267647685604 ], [ 103.655643771671251, 1.514297855781663 ] ] ] } },
{ "type": "Feature", "properties": { "edgeID": "e_5_0005", "from_n_id": "n_5_0007", "to_n_id": "n_5_0008", "distance": 5.034, "bidir": 1, "accessible": 1, "FloorLevel": "5", "layer": "E5", "path": "C:/Users/Stephanie/Documents/001 Tasek Mall/04 GIS/Interim Nodes and Edges_01/E5.geojson" }, "geometry": { "type": "MultiLineString", "coordinates": [ [ [ 103.655601335212637, 1.514282084043129 ], [ 103.655643771671251, 1.514297855781663 ] ] ] } },
{ "type": "Feature", "properties": { "edgeID": "e_5_0006", "from_n_id": "n_5_0008", "to_n_id": "n_5_0009", "distance": 6.468, "bidir": 1, "accessible": 1, "FloorLevel": "5", "layer": "E5", "path": "C:/Users/Stephanie/Documents/001 Tasek Mall/04 GIS/Interim Nodes and Edges_01/E5.geojson" }, "geometry": { "type": "MultiLineString", "coordinates": [ [ [ 103.655643771671251, 1.514297855781663 ], [ 103.655672129929968, 1.514327455328198 ], [ 103.655684638476828, 1.514315479709581 ] ] ] } },
{ "type": "Feature", "properties": { "edgeID": "e_5_0007", "from_n_id": "n_5_0007", "to_n_id": "n_5_0009_L", "distance": 5.936, "bidir": 1, "accessible": 1, "FloorLevel": "5", "layer": "E5", "path": "C:/Users/Stephanie/Documents/001 Tasek Mall/04 GIS/Interim Nodes and Edges_01/E5.geojson" }, "geometry": { "type": "MultiLineString", "coordinates": [ [ [ 103.655601335212637, 1.514282084043129 ], [ 103.65557517252509, 1.5143071299132 ], [ 103.6555871315866, 1.51431961351569 ] ] ] } },
{ "type": "Feature", "properties": { "edgeID": "e_5_0008", "from_n_id": "n_5_0007", "to_n_id": "n_5_0006", "distance": 15.615, "bidir": 1, "accessible": 1, "FloorLevel": "5", "layer": "E5", "path": "C:/Users/Stephanie/Documents/001 Tasek Mall/04 GIS/Interim Nodes and Edges_01/E5.geojson" }, "geometry": { "type": "MultiLineString", "coordinates": [ [ [ 103.655601335212637, 1.514282084043129 ], [ 103.655540033121284, 1.514155060494415 ] ] ] } },
{ "type": "Feature", "properties": { "edgeID": "e_5_0009", "from_n_id": "n_5_0001_L", "to_n_id": "n_5_0001", "distance": 29.295, "bidir": 1, "accessible": 1, "FloorLevel": "5", "layer": "E5", "path": "C:/Users/Stephanie/Documents/001 Tasek Mall/04 GIS/Interim Nodes and Edges_01/E5.geojson" }, "geometry": { "type": "MultiLineString", "coordinates": [ [ [ 103.655553209574606, 1.513759433355243 ], [ 103.655565216111043, 1.513771966030611 ], [ 103.65555549523107, 1.513781272315588 ], [ 103.655636362770636, 1.513865683552565 ], [ 103.655608418647489, 1.513892435859166 ], [ 103.655662183167621, 1.513948556392505 ] ] ] } },
{ "type": "Feature", "properties": { "edgeID": "e_5_0010", "from_n_id": "n_5_0001", "to_n_id": "n_5_0005", "distance": 1.961, "bidir": 1, "accessible": 1, "FloorLevel": "5", "layer": "E5", "path": "C:/Users/Stephanie/Documents/001 Tasek Mall/04 GIS/Interim Nodes and Edges_01/E5.geojson" }, "geometry": { "type": "MultiLineString", "coordinates": [ [ [ 103.655662183368477, 1.513948556200233 ], [ 103.655649414028119, 1.51396078140098 ] ] ] } },
{ "type": "Feature", "properties": { "edgeID": "e_5_0011", "from_n_id": "n_5_0001", "to_n_id": "n_5_0003", "distance": 4.213, "bidir": 1, "accessible": 1, "FloorLevel": "5", "layer": "E5", "path": "C:/Users/Stephanie/Documents/001 Tasek Mall/04 GIS/Interim Nodes and Edges_01/E5.geojson" }, "geometry": { "type": "MultiLineString", "coordinates": [ [ [ 103.655662183167621, 1.513948556392506 ], [ 103.655681899153848, 1.51392968056308 ], [ 103.655689614872415, 1.51392229363419 ] ] ] } },
{ "type": "Feature", "properties": { "edgeID": "e_5_0012", "from_n_id": "n_5_0001", "to_n_id": "n_5_0002", "distance": 4.527, "bidir": 1, "accessible": 1, "FloorLevel": "5", "layer": "E5", "path": "C:/Users/Stephanie/Documents/001 Tasek Mall/04 GIS/Interim Nodes and Edges_01/E5.geojson" }, "geometry": { "type": "MultiLineString", "coordinates": [ [ [ 103.655662183368477, 1.513948556200233 ], [ 103.655681899153848, 1.51392968056308 ], [ 103.655672552913487, 1.513919925138908 ] ] ] } },
{ "type": "Feature", "properties": { "edgeID": "e_5_0013", "from_n_id": "n_5_0001", "to_n_id": "n_5_0004", "distance": 3.938, "bidir": 1, "accessible": 1, "FloorLevel": "5", "layer": "E5", "path": "C:/Users/Stephanie/Documents/001 Tasek Mall/04 GIS/Interim Nodes and Edges_01/E5.geojson" }, "geometry": { "type": "MultiLineString", "coordinates": [ [ [ 103.655662183368477, 1.513948556200233 ], [ 103.655681899153848, 1.513929680563081 ], [ 103.655687576725555, 1.513935606702115 ] ] ] } },
{ "type": "Feature", "properties": { "edgeID": "e_G_0001", "from_n_id": "n_G_0005", "to_n_id": "n_G_0006", "distance": 8.402, "bidir": 1, "accessible": 1, "FloorLevel": "G", "layer": "EG", "path": "C:/Users/Stephanie/Documents/001 Tasek Mall/04 GIS/Interim Nodes and Edges_01/EG.geojson" }, "geometry": { "type": "MultiLineString", "coordinates": [ [ [ 103.654463086093003, 1.513735795570471 ], [ 103.65451549279571, 1.51379049523869 ] ] ] } },
{ "type": "Feature", "properties": { "edgeID": "e_G_0002", "from_n_id": "n_G_0006", "to_n_id": "n_G_0003", "distance": 3.145, "bidir": 1, "accessible": 1, "FloorLevel": "G", "layer": "EG", "path": "C:/Users/Stephanie/Documents/001 Tasek Mall/04 GIS/Interim Nodes and Edges_01/EG.geojson" }, "geometry": { "type": "MultiLineString", "coordinates": [ [ [ 103.65451549279571, 1.51379049523869 ], [ 103.654535970118175, 1.513770890765671 ] ] ] } },
{ "type": "Feature", "properties": { "edgeID": "e_G_0003", "from_n_id": "n_G_0003", "to_n_id": "n_G_0004", "distance": 2.551, "bidir": 1, "accessible": 1, "FloorLevel": "G", "layer": "EG", "path": "C:/Users/Stephanie/Documents/001 Tasek Mall/04 GIS/Interim Nodes and Edges_01/EG.geojson" }, "geometry": { "type": "MultiLineString", "coordinates": [ [ [ 103.654535970118175, 1.513770890765671 ], [ 103.654552578903647, 1.513754989932481 ] ] ] } },
{ "type": "Feature", "properties": { "edgeID": "e_G_0004", "from_n_id": "n_G_0003", "to_n_id": "n_G_0002", "distance": 18.143, "bidir": 1, "accessible": 1, "FloorLevel": "G", "layer": "EG", "path": "C:/Users/Stephanie/Documents/001 Tasek Mall/04 GIS/Interim Nodes and Edges_01/EG.geojson" }, "geometry": { "type": "MultiLineString", "coordinates": [ [ [ 103.654535970118175, 1.513770890765671 ], [ 103.654649139867672, 1.513889007922556 ] ] ] } },
{ "type": "Feature", "properties": { "edgeID": "e_G_0005", "from_n_id": "n_G_0002", "to_n_id": "n_G_0001", "distance": 5.998, "bidir": 1, "accessible": 1, "FloorLevel": "G", "layer": "EG", "path": "C:/Users/Stephanie/Documents/001 Tasek Mall/04 GIS/Interim Nodes and Edges_01/EG.geojson" }, "geometry": { "type": "MultiLineString", "coordinates": [ [ [ 103.654649139867672, 1.513889007922556 ], [ 103.654688192881522, 1.513851617169215 ] ] ] } },
{ "type": "Feature", "properties": { "edgeID": "e_G_0006", "from_n_id": "n_G_0003_L", "to_n_id": "n_G_0026", "distance": 6.887, "bidir": 1, "accessible": 1, "FloorLevel": "G", "layer": "EG", "path": "C:/Users/Stephanie/Documents/001 Tasek Mall/04 GIS/Interim Nodes and Edges_01/EG.geojson" }, "geometry": { "type": "MultiLineString", "coordinates": [ [ [ 103.654598956630963, 1.513961314150356 ], [ 103.654606170606627, 1.51395440752563 ], [ 103.654611602818591, 1.513960077515174 ], [ 103.654643557779437, 1.513929483992928 ] ] ] } },
{ "type": "Feature", "properties": { "edgeID": "e_G_0007", "from_n_id": "n_G_0006", "to_n_id": "n_G_0007", "distance": 3.084, "bidir": 1, "accessible": 1, "FloorLevel": "G", "layer": "EG", "path": "C:/Users/Stephanie/Documents/001 Tasek Mall/04 GIS/Interim Nodes and Edges_01/EG.geojson" }, "geometry": { "type": "MultiLineString", "coordinates": [ [ [ 103.65451549279571, 1.51379049523869 ], [ 103.654534277261376, 1.513810101572522 ], [ 103.654534730230012, 1.513810574359683 ] ] ] } },
{ "type": "Feature", "properties": { "edgeID": "e_G_0008", "from_n_id": "n_G_0029", "to_n_id": "n_G_0009", "distance": 20.314, "bidir": 1, "accessible": 1, "FloorLevel": "G", "layer": "EG", "path": "C:/Users/Stephanie/Documents/001 Tasek Mall/04 GIS/Interim Nodes and Edges_01/EG.geojson" }, "geometry": { "type": "MultiLineString", "coordinates": [ [ [ 103.654517209921437, 1.51382654914021 ], [ 103.654515766210935, 1.513827937669072 ], [ 103.65451420425093, 1.513829442676538 ], [ 103.654502521158918, 1.513840699777066 ], [ 103.654385352713902, 1.513953595997037 ] ] ] } },
{ "type": "Feature", "properties": { "edgeID": "e_G_0009", "from_n_id": "n_G_0008", "to_n_id": "n_G_0009", "distance": 3.768, "bidir": 1, "accessible": 1, "FloorLevel": "G", "layer": "EG", "path": "C:/Users/Stephanie/Documents/001 Tasek Mall/04 GIS/Interim Nodes and Edges_01/EG.geojson" }, "geometry": { "type": "MultiLineString", "coordinates": [ [ [ 103.654361849355013, 1.513929065246122 ], [ 103.654385352713902, 1.513953595997037 ] ] ] } },
{ "type": "Feature", "properties": { "edgeID": "e_G_0010", "from_n_id": "n_G_0009", "to_n_id": "n_G_0010", "distance": 1.415, "bidir": 1, "accessible": 1, "FloorLevel": "G", "layer": "EG", "path": "C:/Users/Stephanie/Documents/001 Tasek Mall/04 GIS/Interim Nodes and Edges_01/EG.geojson" }, "geometry": { "type": "MultiLineString", "coordinates": [ [ [ 103.654385352713902, 1.513953595997037 ], [ 103.654376137403261, 1.513962419204179 ] ] ] } },
{ "type": "Feature", "properties": { "edgeID": "e_G_0011", "from_n_id": "n_G_0010", "to_n_id": "n_G_0011", "distance": 3.768, "bidir": 1, "accessible": 1, "FloorLevel": "G", "layer": "EG", "path": "C:/Users/Stephanie/Documents/001 Tasek Mall/04 GIS/Interim Nodes and Edges_01/EG.geojson" }, "geometry": { "type": "MultiLineString", "coordinates": [ [ [ 103.654376137403275, 1.513962419204179 ], [ 103.654399639810208, 1.513986950352254 ] ] ] } },
{ "type": "Feature", "properties": { "edgeID": "e_G_0012", "from_n_id": "n_G_0010", "to_n_id": "n_G_0012", "distance": 5.273, "bidir": 1, "accessible": 1, "FloorLevel": "G", "layer": "EG", "path": "C:/Users/Stephanie/Documents/001 Tasek Mall/04 GIS/Interim Nodes and Edges_01/EG.geojson" }, "geometry": { "type": "MultiLineString", "coordinates": [ [ [ 103.654376137403261, 1.513962419204179 ], [ 103.654341810309916, 1.513995285709141 ] ] ] } },
{ "type": "Feature", "properties": { "edgeID": "e_G_0013", "from_n_id": "n_G_0028", "to_n_id": "n_G_0014", "distance": 21.418, "bidir": 1, "accessible": 1, "FloorLevel": "G", "layer": "EG", "path": "C:/Users/Stephanie/Documents/001 Tasek Mall/04 GIS/Interim Nodes and Edges_01/EG.geojson" }, "geometry": { "type": "MultiLineString", "coordinates": [ [ [ 103.654330043381165, 1.513983779614823 ], [ 103.654305779017818, 1.513960053113055 ], [ 103.654213870346155, 1.514048507852323 ], [ 103.654202789123602, 1.514078140168 ] ] ] } },
{ "type": "Feature", "properties": { "edgeID": "e_G_0014", "from_n_id": "n_G_0014", "to_n_id": "n_G_0015", "distance": 1.366, "bidir": 1, "accessible": 1, "FloorLevel": "G", "layer": "EG", "path": "C:/Users/Stephanie/Documents/001 Tasek Mall/04 GIS/Interim Nodes and Edges_01/EG.geojson" }, "geometry": { "type": "MultiLineString", "coordinates": [ [ [ 103.654202789123602, 1.514078140168 ], [ 103.654194038435605, 1.514086804045603 ] ] ] } },
{ "type": "Feature", "properties": { "edgeID": "e_G_0015", "from_n_id": "n_G_0016", "to_n_id": "n_G_0015", "distance": 2.35, "bidir": 1, "accessible": 1, "FloorLevel": "G", "layer": "EG", "path": "C:/Users/Stephanie/Documents/001 Tasek Mall/04 GIS/Interim Nodes and Edges_01/EG.geojson" }, "geometry": { "type": "MultiLineString", "coordinates": [ [ [ 103.654179383210504, 1.51407150701364 ], [ 103.654194038435605, 1.514086804045603 ] ] ] } },
{ "type": "Feature", "properties": { "edgeID": "e_G_0016", "from_n_id": "n_G_0017", "to_n_id": "n_G_0015", "distance": 3.047, "bidir": 1, "accessible": 1, "FloorLevel": "G", "layer": "EG", "path": "C:/Users/Stephanie/Documents/001 Tasek Mall/04 GIS/Interim Nodes and Edges_01/EG.geojson" }, "geometry": { "type": "MultiLineString", "coordinates": [ [ [ 103.654174520364435, 1.514106128477466 ], [ 103.654194038435605, 1.514086804045603 ] ] ] } },
{ "type": "Feature", "properties": { "edgeID": "e_G_0017", "from_n_id": "n_G_0014", "to_n_id": "n_G_0025", "distance": 5.324, "bidir": 1, "accessible": 1, "FloorLevel": "G", "layer": "EG", "path": "C:/Users/Stephanie/Documents/001 Tasek Mall/04 GIS/Interim Nodes and Edges_01/EG.geojson" }, "geometry": { "type": "MultiLineString", "coordinates": [ [ [ 103.654202789123602, 1.514078140168 ], [ 103.654235999869201, 1.514112802442499 ] ] ] } },
{ "type": "Feature", "properties": { "edgeID": "e_G_0018", "from_n_id": "n_G_0018", "to_n_id": "n_G_0013", "distance": 13.842, "bidir": 1, "accessible": 1, "FloorLevel": "G", "layer": "EG", "path": "C:/Users/Stephanie/Documents/001 Tasek Mall/04 GIS/Interim Nodes and Edges_01/EG.geojson" }, "geometry": { "type": "MultiLineString", "coordinates": [ [ [ 103.654266927493623, 1.514145688296719 ], [ 103.654356317760758, 1.514058637431465 ] ] ] } },
{ "type": "Feature", "properties": { "edgeID": "e_G_0019", "from_n_id": "n_G_0027", "to_n_id": "n_G_0013", "distance": 7.138, "bidir": 1, "accessible": 1, "FloorLevel": "G", "layer": "EG", "path": "C:/Users/Stephanie/Documents/001 Tasek Mall/04 GIS/Interim Nodes and Edges_01/EG.geojson" }, "geometry": { "type": "MultiLineString", "coordinates": [ [ [ 103.654358350147916, 1.514012755783011 ], [ 103.654379887872224, 1.514035504834785 ], [ 103.654356317760758, 1.514058637431465 ] ] ] } },
{ "type": "Feature", "properties": { "edgeID": "e_G_0020", "from_n_id": "n_G_0013", "to_n_id": "n_G_0020", "distance": 4.611, "bidir": 1, "accessible": 1, "FloorLevel": "G", "layer": "EG", "path": "C:/Users/Stephanie/Documents/001 Tasek Mall/04 GIS/Interim Nodes and Edges_01/EG.geojson" }, "geometry": { "type": "MultiLineString", "coordinates": [ [ [ 103.654356317760758, 1.514058637431465 ], [ 103.654368665439534, 1.51407152716244 ], [ 103.654358540602132, 1.514081219448396 ], [ 103.654365251445981, 1.514088224892288 ] ] ] } },
{ "type": "Feature", "properties": { "edgeID": "e_G_0021", "from_n_id": "n_G_0013", "to_n_id": "n_G_0021", "distance": 5.494, "bidir": 1, "accessible": 1, "FloorLevel": "G", "layer": "EG", "path": "C:/Users/Stephanie/Documents/001 Tasek Mall/04 GIS/Interim Nodes and Edges_01/EG.geojson" }, "geometry": { "type": "MultiLineString", "coordinates": [ [ [ 103.654356317760758, 1.514058637431465 ], [ 103.654368665439534, 1.51407152716244 ], [ 103.65438454270226, 1.514056328205077 ], [ 103.654391251993445, 1.514063332028221 ] ] ] } },
{ "type": "Feature", "properties": { "edgeID": "e_G_0022", "from_n_id": "n_G_0013", "to_n_id": "n_G_0019", "distance": 5.635, "bidir": 1, "accessible": 1, "FloorLevel": "G", "layer": "EG", "path": "C:/Users/Stephanie/Documents/001 Tasek Mall/04 GIS/Interim Nodes and Edges_01/EG.geojson" }, "geometry": { "type": "MultiLineString", "coordinates": [ [ [ 103.654356317760758, 1.514058637431465 ], [ 103.654368665439534, 1.51407152716244 ], [ 103.654344868155263, 1.514094307783464 ] ] ] } },
{ "type": "Feature", "properties": { "edgeID": "e_G_0023", "from_n_id": "n_G_0022", "to_n_id": "n_G_0024_L", "distance": 5.152, "bidir": 1, "accessible": 1, "FloorLevel": "G", "layer": "EG", "path": "C:/Users/Stephanie/Documents/001 Tasek Mall/04 GIS/Interim Nodes and Edges_01/EG.geojson" }, "geometry": { "type": "MultiLineString", "coordinates": [ [ [ 103.654005722944703, 1.514119153978503 ], [ 103.654028062312875, 1.514142471193964 ], [ 103.654038284816565, 1.514132684226489 ] ] ] } },
{ "type": "Feature", "properties": { "edgeID": "e_G_0024", "from_n_id": "n_G_0022", "to_n_id": "n_G_0023", "distance": 16.828, "bidir": 1, "accessible": 1, "FloorLevel": "G", "layer": "EG", "path": "C:/Users/Stephanie/Documents/001 Tasek Mall/04 GIS/Interim Nodes and Edges_01/EG.geojson" }, "geometry": { "type": "MultiLineString", "coordinates": [ [ [ 103.654005722944703, 1.514119153978503 ], [ 103.654057885996096, 1.514173600330373 ], [ 103.65407309115372, 1.514159042998286 ], [ 103.654111326228659, 1.514198951712623 ] ] ] } },
{ "type": "Feature", "properties": { "edgeID": "e_G_0025", "from_n_id": "n_G_0023", "to_n_id": "n_G_0024", "distance": 15.023, "bidir": 1, "accessible": 1, "FloorLevel": "G", "layer": "EG", "path": "C:/Users/Stephanie/Documents/001 Tasek Mall/04 GIS/Interim Nodes and Edges_01/EG.geojson" }, "geometry": { "type": "MultiLineString", "coordinates": [ [ [ 103.654111326228659, 1.514198951712623 ], [ 103.654117226578151, 1.514205110334243 ], [ 103.654192074695189, 1.514133451169732 ], [ 103.654203306681651, 1.514145174806946 ], [ 103.654208385979842, 1.514140311915495 ] ] ] } },
{ "type": "Feature", "properties": { "edgeID": "e_G_0026", "from_n_id": "n_G_0024", "to_n_id": "n_G_0025", "distance": 4.324, "bidir": 1, "accessible": 1, "FloorLevel": "G", "layer": "EG", "path": "C:/Users/Stephanie/Documents/001 Tasek Mall/04 GIS/Interim Nodes and Edges_01/EG.geojson" }, "geometry": { "type": "MultiLineString", "coordinates": [ [ [ 103.654208385979842, 1.514140311915495 ], [ 103.654235999869201, 1.514112802442499 ] ] ] } },
{ "type": "Feature", "properties": { "edgeID": "e_G_0027", "from_n_id": "n_G_0025", "to_n_id": "n_G_0018", "distance": 5.007, "bidir": 1, "accessible": 1, "FloorLevel": "G", "layer": "EG", "path": "C:/Users/Stephanie/Documents/001 Tasek Mall/04 GIS/Interim Nodes and Edges_01/EG.geojson" }, "geometry": { "type": "MultiLineString", "coordinates": [ [ [ 103.654235999869201, 1.514112802442499 ], [ 103.654266927493623, 1.514145688296719 ] ] ] } },
{ "type": "Feature", "properties": { "edgeID": "e_G_0028", "from_n_id": "n_G_0026", "to_n_id": "n_G_0002", "distance": 4.78, "bidir": 1, "accessible": 1, "FloorLevel": "G", "layer": "EG", "path": "C:/Users/Stephanie/Documents/001 Tasek Mall/04 GIS/Interim Nodes and Edges_01/EG.geojson" }, "geometry": { "type": "MultiLineString", "coordinates": [ [ [ 103.654643557779437, 1.513929483992928 ], [ 103.654643557975021, 1.51392948380568 ], [ 103.654649923810297, 1.513923389186269 ], [ 103.654649139867672, 1.513889007922556 ] ] ] } },
{ "type": "Feature", "properties": { "edgeID": "e_G_0029", "from_n_id": "n_G_0026", "to_n_id": "n_G_0029_E", "distance": 0.781, "bidir": 1, "accessible": 1, "FloorLevel": "G", "layer": "EG", "path": "C:/Users/Stephanie/Documents/001 Tasek Mall/04 GIS/Interim Nodes and Edges_01/EG.geojson" }, "geometry": { "type": "MultiLineString", "coordinates": [ [ [ 103.654643557779437, 1.513929483992928 ], [ 103.654638850119142, 1.513924241776052 ] ] ] } },
{ "type": "Feature", "properties": { "edgeID": "e_G_0030", "from_n_id": "n_G_0031", "to_n_id": "n_G_0028", "distance": 1.432, "bidir": 1, "accessible": 1, "FloorLevel": "G", "layer": "EG", "path": "C:/Users/Stephanie/Documents/001 Tasek Mall/04 GIS/Interim Nodes and Edges_01/EG.geojson" }, "geometry": { "type": "MultiLineString", "coordinates": [ [ [ 103.654339269443796, 1.513992801165738 ], [ 103.654330043381165, 1.513983779614823 ] ] ] } },
{ "type": "Feature", "properties": { "edgeID": "e_G_0031", "from_n_id": "n_G_0030", "to_n_id": "n_G_0027", "distance": 1.52, "bidir": 1, "accessible": 1, "FloorLevel": "G", "layer": "EG", "path": "C:/Users/Stephanie/Documents/001 Tasek Mall/04 GIS/Interim Nodes and Edges_01/EG.geojson" }, "geometry": { "type": "MultiLineString", "coordinates": [ [ [ 103.654348929682044, 1.51400280549002 ], [ 103.654358350147916, 1.514012755783011 ] ] ] } },
{ "type": "Feature", "properties": { "edgeID": "e_G_0032", "from_n_id": "n_G_0027", "to_n_id": "n_G_0034_E", "distance": 0.818, "bidir": 1, "accessible": 1, "FloorLevel": "G", "layer": "EG", "path": "C:/Users/Stephanie/Documents/001 Tasek Mall/04 GIS/Interim Nodes and Edges_01/EG.geojson" }, "geometry": { "type": "MultiLineString", "coordinates": [ [ [ 103.654358350147916, 1.514012755783011 ], [ 103.654352703546721, 1.514017489950892 ] ] ] } },
{ "type": "Feature", "properties": { "edgeID": "e_G_0033", "from_n_id": "n_G_0007", "to_n_id": "n_G_0029", "distance": 2.63, "bidir": 1, "accessible": 1, "FloorLevel": "G", "layer": "EG", "path": "C:/Users/Stephanie/Documents/001 Tasek Mall/04 GIS/Interim Nodes and Edges_01/EG.geojson" }, "geometry": { "type": "MultiLineString", "coordinates": [ [ [ 103.654534277261376, 1.513810101572522 ], [ 103.654530789503951, 1.513813474226109 ], [ 103.654530555392071, 1.513813702642248 ], [ 103.654530325276582, 1.513813935081214 ], [ 103.654517209921437, 1.51382654914021 ] ] ] } },
{ "type": "Feature", "properties": { "edgeID": "e_G_0034", "from_n_id": "n_G_0029", "to_n_id": "n_G_0028_E", "distance": 2.066, "bidir": 1, "accessible": 1, "FloorLevel": "G", "layer": "EG", "path": "C:/Users/Stephanie/Documents/001 Tasek Mall/04 GIS/Interim Nodes and Edges_01/EG.geojson" }, "geometry": { "type": "MultiLineString", "coordinates": [ [ [ 103.654517209921437, 1.513826549140211 ], [ 103.65453009818421, 1.513840001546174 ] ] ] } },
{ "type": "Feature", "properties": { "edgeID": "e_G_0035", "from_n_id": "n_G_0028", "to_n_id": "n_G_0033_E", "distance": 0.742, "bidir": 1, "accessible": 1, "FloorLevel": "G", "layer": "EG", "path": "C:/Users/Stephanie/Documents/001 Tasek Mall/04 GIS/Interim Nodes and Edges_01/EG.geojson" }, "geometry": { "type": "MultiLineString", "coordinates": [ [ [ 103.654330043381151, 1.513983779614823 ], [ 103.654325179966619, 1.513988373803336 ] ] ] } },
{ "type": "Feature", "properties": { "edgeID": "e_G_0036", "from_n_id": "n_G_0031", "to_n_id": "n_G_0032_E", "distance": 0.799, "bidir": 1, "accessible": 1, "FloorLevel": "G", "layer": "EG", "path": "C:/Users/Stephanie/Documents/001 Tasek Mall/04 GIS/Interim Nodes and Edges_01/EG.geojson" }, "geometry": { "type": "MultiLineString", "coordinates": [ [ [ 103.654339269443796, 1.513992801165738 ], [ 103.654334037316247, 1.513997743658056 ] ] ] } },
{ "type": "Feature", "properties": { "edgeID": "e_G_0037", "from_n_id": "n_G_0030", "to_n_id": "n_G_0031_E", "distance": 0.815, "bidir": 1, "accessible": 1, "FloorLevel": "G", "layer": "EG", "path": "C:/Users/Stephanie/Documents/001 Tasek Mall/04 GIS/Interim Nodes and Edges_01/EG.geojson" }, "geometry": { "type": "MultiLineString", "coordinates": [ [ [ 103.654348848799557, 1.514002720058529 ], [ 103.654343509435861, 1.514007763851633 ] ] ] } },
{ "type": "Feature", "properties": { "edgeID": "e_G_0038", "from_n_id": "n_G_0012", "to_n_id": "n_G_0031", "distance": 0.394, "bidir": 1, "accessible": 1, "FloorLevel": "G", "layer": "EG", "path": "C:/Users/Stephanie/Documents/001 Tasek Mall/04 GIS/Interim Nodes and Edges_01/EG.geojson" }, "geometry": { "type": "MultiLineString", "coordinates": [ [ [ 103.654341810309916, 1.513995285709141 ], [ 103.654339269443796, 1.513992801165738 ] ] ] } },
{ "type": "Feature", "properties": { "edgeID": "e_G_0039", "from_n_id": "n_G_0012", "to_n_id": "n_G_0030", "distance": 1.149, "bidir": 1, "accessible": 1, "FloorLevel": "G", "layer": "EG", "path": "C:/Users/Stephanie/Documents/001 Tasek Mall/04 GIS/Interim Nodes and Edges_01/EG.geojson" }, "geometry": { "type": "MultiLineString", "coordinates": [ [ [ 103.654341810309916, 1.513995285709141 ], [ 103.654348848799557, 1.514002720058529 ], [ 103.654348929682044, 1.51400280549002 ] ] ] } }
]
}
