{
"type": "FeatureCollection",
"name": "FloorPlans_Combined",
"crs": { "type": "name", "properties": { "name": "urn:ogc:def:crs:OGC:1.3:CRS84" } },
"xy_coordinate_resolution": 1e-15,
"features": [
{ "type": "Feature", "properties": { "id": null, "FloorLevel": "1", "Zone": "Orange", "ShopName": null, "LotNo": null, "Type": "Shop", "Category": "Unoccupied", "layer": "Level1_TasekCentral_fixed", "path": "C:/Users/Stephanie/Documents/001 Tasek Mall/04 GIS/Floorplans/Floorplans FINAL/Level1_TasekCentral_fixed.shp" }, "geometry": { "type": "MultiPolygon", "coordinates": [ [ [ [ 103.654475363556514, 1.513744826998474 ], [ 103.654488474916818, 1.513732274371839 ], [ 103.654497087297358, 1.513724029003293 ], [ 103.654553810976751, 1.513718748912612 ], [ 103.65459289160971, 1.513759540589272 ], [ 103.654599801256978, 1.513766752757379 ], [ 103.65462824794686, 1.513739518308234 ], [ 103.654540369527595, 1.513647093837719 ], [ 103.654515269438832, 1.513671124541922 ], [ 103.654504906657166, 1.513660308161256 ], [ 103.654482458346976, 1.513681800065361 ], [ 103.654471597830764, 1.51367046416342 ], [ 103.654436402424821, 1.513704160054668 ], [ 103.654475363556514, 1.513744826998474 ] ] ] ] } },
{ "type": "Feature", "properties": { "id": null, "FloorLevel": "1", "Zone": "Orange", "ShopName": null, "LotNo": null, "Type": "Lift", "Category": null, "layer": "Level1_TasekCentral_fixed", "path": "C:/Users/Stephanie/Documents/001 Tasek Mall/04 GIS/Floorplans/Floorplans FINAL/Level1_TasekCentral_fixed.shp" }, "geometry": { "type": "MultiPolygon", "coordinates": [ [ [ [ 103.654056362803189, 1.514115376463714 ], [ 103.654038284816565, 1.51413268422649 ], [ 103.654060624184766, 1.514156001441768 ], [ 103.654078702171148, 1.51413869367958 ], [ 103.654056362803189, 1.514115376463714 ] ] ] ] } },
{ "type": "Feature", "properties": { "id": null, "FloorLevel": "1", "Zone": "Orange", "ShopName": null, "LotNo": null, "Type": "Lift", "Category": null, "layer": "Level1_TasekCentral_fixed", "path": "C:/Users/Stephanie/Documents/001 Tasek Mall/04 GIS/Floorplans/Floorplans FINAL/Level1_TasekCentral_fixed.shp" }, "geometry": { "type": "MultiPolygon", "coordinates": [ [ [ [ 103.654034023435202, 1.514092059247835 ], [ 103.654015945448378, 1.514109367010961 ], [ 103.654038208082852, 1.514132605224387 ], [ 103.654038284816565, 1.51413268422649 ], [ 103.654056362803189, 1.514115376463714 ], [ 103.654034023435202, 1.514092059247835 ] ] ] ] } },
{ "type": "Feature", "properties": { "id": null, "FloorLevel": "1", "Zone": "Pink", "ShopName": null, "LotNo": null, "Type": "Back of House", "Category": "Stairs", "layer": "Level1_TasekCentral_fixed", "path": "C:/Users/Stephanie/Documents/001 Tasek Mall/04 GIS/Floorplans/Floorplans FINAL/Level1_TasekCentral_fixed.shp" }, "geometry": { "type": "MultiPolygon", "coordinates": [ [ [ [ 103.654951066732366, 1.51377434889966 ], [ 103.654961590322657, 1.513785333127298 ], [ 103.654970591048141, 1.513794727831508 ], [ 103.655008170446607, 1.513758749497981 ], [ 103.654950259798369, 1.513698303990333 ], [ 103.654906873454607, 1.513739841866018 ], [ 103.654923538350857, 1.513757236216349 ], [ 103.654929345296097, 1.513751676675127 ], [ 103.654951066732366, 1.51377434889966 ] ] ] ] } },
{ "type": "Feature", "properties": { "id": null, "FloorLevel": "1", "Zone": null, "ShopName": null, "LotNo": null, "Type": "Escalator", "Category": null, "layer": "Level1_TasekCentral_fixed", "path": "C:/Users/Stephanie/Documents/001 Tasek Mall/04 GIS/Floorplans/Floorplans FINAL/Level1_TasekCentral_fixed.shp" }, "geometry": { "type": "MultiPolygon", "coordinates": [ [ [ [ 103.654631536392259, 1.513931243902007 ], [ 103.654537411911619, 1.513832999419322 ], [ 103.654534648429575, 1.513835645163506 ], [ 103.654526120940886, 1.513843809339484 ], [ 103.65452278445683, 1.513847003673001 ], [ 103.654533802327052, 1.513858503815555 ], [ 103.654534300950516, 1.51385902426468 ], [ 103.654616348508355, 1.513944663217818 ], [ 103.654616908938522, 1.513945248153851 ], [ 103.654616908938522, 1.513945248153851 ], [ 103.654631536392259, 1.513931243902007 ] ] ] ] } },
{ "type": "Feature", "properties": { "id": null, "FloorLevel": "1", "Zone": null, "ShopName": null, "LotNo": null, "Type": "Escalator", "Category": null, "layer": "Level1_TasekCentral_fixed", "path": "C:/Users/Stephanie/Documents/001 Tasek Mall/04 GIS/Floorplans/Floorplans FINAL/Level1_TasekCentral_fixed.shp" }, "geometry": { "type": "MultiPolygon", "coordinates": [ [ [ [ 103.654866692633618, 1.514303620810478 ], [ 103.654767818846167, 1.514397021283652 ], [ 103.654771699514242, 1.514401126491546 ], [ 103.654779811972659, 1.514409708345772 ], [ 103.654782986071083, 1.514413066100977 ], [ 103.654794413360236, 1.514401977984829 ], [ 103.65479493051231, 1.514401476182329 ], [ 103.654870644593373, 1.514328009368763 ], [ 103.654880608172107, 1.514318341518558 ], [ 103.654866692633618, 1.514303620810478 ] ] ] ] } },
{ "type": "Feature", "properties": { "id": null, "FloorLevel": "1", "Zone": null, "ShopName": null, "LotNo": null, "Type": "Escalator", "Category": null, "layer": "Level1_TasekCentral_fixed", "path": "C:/Users/Stephanie/Documents/001 Tasek Mall/04 GIS/Floorplans/Floorplans FINAL/Level1_TasekCentral_fixed.shp" }, "geometry": { "type": "MultiPolygon", "coordinates": [ [ [ [ 103.654361026208889, 1.514338627401545 ], [ 103.65445515070769, 1.514436871888527 ], [ 103.654469778165506, 1.51442286763717 ], [ 103.65439151126624, 1.514341174862148 ], [ 103.654375653667259, 1.514324623148767 ], [ 103.654361026208889, 1.514338627401545 ] ] ] ] } },
{ "type": "Feature", "properties": { "id": null, "FloorLevel": "1", "Zone": null, "ShopName": null, "LotNo": null, "Type": "Escalator", "Category": null, "layer": "Level1_TasekCentral_fixed", "path": "C:/Users/Stephanie/Documents/001 Tasek Mall/04 GIS/Floorplans/Floorplans FINAL/Level1_TasekCentral_fixed.shp" }, "geometry": { "type": "MultiPolygon", "coordinates": [ [ [ [ 103.65445515070769, 1.514436871888527 ], [ 103.654361026208889, 1.514338627401545 ], [ 103.654358262726973, 1.514341273144771 ], [ 103.654349735235925, 1.514349437320412 ], [ 103.654346398750945, 1.514352631653798 ], [ 103.654357416623185, 1.514364131796953 ], [ 103.654357915246749, 1.514364652246106 ], [ 103.654440523249903, 1.514450876139792 ], [ 103.654440523249903, 1.514450876139792 ], [ 103.65445515070769, 1.514436871888527 ] ] ] ] } },
{ "type": "Feature", "properties": { "id": null, "FloorLevel": "1", "Zone": null, "ShopName": null, "LotNo": null, "Type": "Escalator", "Category": null, "layer": "Level1_TasekCentral_fixed", "path": "C:/Users/Stephanie/Documents/001 Tasek Mall/04 GIS/Floorplans/Floorplans FINAL/Level1_TasekCentral_fixed.shp" }, "geometry": { "type": "MultiPolygon", "coordinates": [ [ [ [ 103.654537411911619, 1.513832999419322 ], [ 103.654631536392259, 1.513931243902007 ], [ 103.654646163846039, 1.513917239650074 ], [ 103.65456789696114, 1.513835546879329 ], [ 103.654552039365058, 1.513818995166815 ], [ 103.654537411911619, 1.513832999419322 ] ] ] ] } },
{ "type": "Feature", "properties": { "id": null, "FloorLevel": "1", "Zone": null, "ShopName": null, "LotNo": null, "Type": "Escalator", "Category": null, "layer": "Level1_TasekCentral_fixed", "path": "C:/Users/Stephanie/Documents/001 Tasek Mall/04 GIS/Floorplans/Floorplans FINAL/Level1_TasekCentral_fixed.shp" }, "geometry": { "type": "MultiPolygon", "coordinates": [ [ [ [ 103.654767818846167, 1.514397021283652 ], [ 103.654866692633618, 1.514303620810478 ], [ 103.654852777095215, 1.514288900102298 ], [ 103.654771601848097, 1.514367665984732 ], [ 103.654755154990454, 1.514383624682828 ], [ 103.654767818846167, 1.514397021283652 ] ] ] ] } },
{ "type": "Feature", "properties": { "id": null, "FloorLevel": "1", "Zone": null, "ShopName": null, "LotNo": null, "Type": "Escalator", "Category": null, "layer": "Level1_TasekCentral_fixed", "path": "C:/Users/Stephanie/Documents/001 Tasek Mall/04 GIS/Floorplans/Floorplans FINAL/Level1_TasekCentral_fixed.shp" }, "geometry": { "type": "MultiPolygon", "coordinates": [ [ [ [ 103.654346686567763, 1.514011124818119 ], [ 103.654247812765959, 1.514104525265418 ], [ 103.654251693435882, 1.514108630478114 ], [ 103.654259805891002, 1.514117212334796 ], [ 103.654262979988133, 1.514120570090963 ], [ 103.654274407278621, 1.514109481977375 ], [ 103.654274924430752, 1.514108980174991 ], [ 103.654360602100539, 1.514025845530411 ], [ 103.654346686567763, 1.514011124818119 ] ] ] ] } },
{ "type": "Feature", "properties": { "id": null, "FloorLevel": "1", "Zone": null, "ShopName": null, "LotNo": null, "Type": "Escalator", "Category": null, "layer": "Level1_TasekCentral_fixed", "path": "C:/Users/Stephanie/Documents/001 Tasek Mall/04 GIS/Floorplans/Floorplans FINAL/Level1_TasekCentral_fixed.shp" }, "geometry": { "type": "MultiPolygon", "coordinates": [ [ [ [ 103.654247812765959, 1.514104525265418 ], [ 103.654346686567763, 1.514011124818119 ], [ 103.654332771035001, 1.513996404105726 ], [ 103.654251595778391, 1.514075169969976 ], [ 103.654235148918843, 1.514091128664388 ], [ 103.654247812765959, 1.514104525265418 ] ] ] ] } },
{ "type": "Feature", "properties": { "id": null, "FloorLevel": "1", "Zone": "Orange", "ShopName": null, "LotNo": null, "Type": "Shop", "Category": "Unoccupied", "layer": "Level1_TasekCentral_fixed", "path": "C:/Users/Stephanie/Documents/001 Tasek Mall/04 GIS/Floorplans/Floorplans FINAL/Level1_TasekCentral_fixed.shp" }, "geometry": { "type": "MultiPolygon", "coordinates": [ [ [ [ 103.654547192617898, 1.514015751794946 ], [ 103.654520466457882, 1.513987855781689 ], [ 103.654555372114629, 1.513954437280816 ], [ 103.65449711396856, 1.513893629071215 ], [ 103.654397868467044, 1.513988646223198 ], [ 103.654425762753277, 1.514017761534292 ], [ 103.65427259106221, 1.514164407131297 ], [ 103.654329680973262, 1.514223996050722 ], [ 103.654547192617898, 1.514015751794946 ] ] ] ] } },
{ "type": "Feature", "properties": { "id": null, "FloorLevel": "1", "Zone": "Yellow/Pink/Orange", "ShopName": "Village Grocer", "LotNo": null, "Type": "Shop", "Category": "Unoccupied", "layer": "Level1_TasekCentral_fixed", "path": "C:/Users/Stephanie/Documents/001 Tasek Mall/04 GIS/Floorplans/Floorplans FINAL/Level1_TasekCentral_fixed.shp" }, "geometry": { "type": "MultiPolygon", "coordinates": [ [ [ [ 103.654678043306788, 1.514520728789391 ], [ 103.654760479541096, 1.514442098830746 ], [ 103.654711735175354, 1.514391030570475 ], [ 103.654817027553094, 1.51429022391184 ], [ 103.654851602901914, 1.514257121669075 ], [ 103.654601860003737, 1.51399644801222 ], [ 103.65434618949395, 1.514241227176842 ], [ 103.654248952685791, 1.514139734771962 ], [ 103.654155680935517, 1.514229031794136 ], [ 103.654119658077335, 1.514191431784116 ], [ 103.654044190663157, 1.514263683191467 ], [ 103.654178841619583, 1.514404229424624 ], [ 103.654263211193125, 1.514323454387167 ], [ 103.654263211193609, 1.514323454388222 ], [ 103.654287886868758, 1.514349210145296 ], [ 103.654298785507194, 1.514338775839579 ], [ 103.654316032443035, 1.514322263703358 ], [ 103.654372256443494, 1.514268435105831 ], [ 103.654580849562166, 1.514486158575338 ], [ 103.654644564208581, 1.514552662077711 ], [ 103.654652487945114, 1.514545104199087 ], [ 103.654678043306788, 1.514520728789391 ] ] ] ] } },
{ "type": "Feature", "properties": { "id": null, "FloorLevel": "1", "Zone": "Yellow", "ShopName": "Watsons", "LotNo": "1-13", "Type": "Shop", "Category": "Beauty and Wellness", "layer": "Level1_TasekCentral_fixed", "path": "C:/Users/Stephanie/Documents/001 Tasek Mall/04 GIS/Floorplans/Floorplans FINAL/Level1_TasekCentral_fixed.shp" }, "geometry": { "type": "MultiPolygon", "coordinates": [ [ [ [ 103.654947638641858, 1.514440787938573 ], [ 103.654919532580408, 1.514411342934781 ], [ 103.6549004244836, 1.51439132454859 ], [ 103.654837435983993, 1.514451406435647 ], [ 103.654774447484428, 1.514511488321038 ], [ 103.654849768055556, 1.514590397556052 ], [ 103.654975744703265, 1.514470232941965 ], [ 103.654947638641858, 1.514440787938573 ] ] ] ] } },
{ "type": "Feature", "properties": { "id": null, "FloorLevel": "1", "Zone": "Pink", "ShopName": "Potadish", "LotNo": "1-13A", "Type": "Shop", "Category": "Food and Beverages", "layer": "Level1_TasekCentral_fixed", "path": "C:/Users/Stephanie/Documents/001 Tasek Mall/04 GIS/Floorplans/Floorplans FINAL/Level1_TasekCentral_fixed.shp" }, "geometry": { "type": "MultiPolygon", "coordinates": [ [ [ [ 103.6549004244836, 1.51439132454859 ], [ 103.654919532580408, 1.514411342934781 ], [ 103.654951623794801, 1.514380732436658 ], [ 103.65493251578259, 1.514360714107202 ], [ 103.654931731907112, 1.514361461810619 ], [ 103.654916470133074, 1.51437601932795 ], [ 103.6549004244836, 1.51439132454859 ] ] ] ] } },
{ "type": "Feature", "properties": { "id": null, "FloorLevel": "1", "Zone": "Yellow", "ShopName": "BL Home Living", "LotNo": "1-17", "Type": "Shop", "Category": "Homes", "layer": "Level1_TasekCentral_fixed", "path": "C:/Users/Stephanie/Documents/001 Tasek Mall/04 GIS/Floorplans/Floorplans FINAL/Level1_TasekCentral_fixed.shp" }, "geometry": { "type": "MultiPolygon", "coordinates": [ [ [ [ 103.654841631800707, 1.514581872934955 ], [ 103.654832004295599, 1.514571786770136 ], [ 103.654774447484428, 1.514511488321038 ], [ 103.654755028920562, 1.514530010999338 ], [ 103.654735610356767, 1.51454853367748 ], [ 103.6547599630116, 1.514574046360958 ], [ 103.654775885420534, 1.514558858540952 ], [ 103.65481871701968, 1.514603730405095 ], [ 103.654841631800707, 1.514581872934955 ] ] ] ] } },
{ "type": "Feature", "properties": { "id": null, "FloorLevel": "1", "Zone": null, "ShopName": null, "LotNo": null, "Type": "Back of House", "Category": null, "layer": "Level1_TasekCentral_fixed", "path": "C:/Users/Stephanie/Documents/001 Tasek Mall/04 GIS/Floorplans/Floorplans FINAL/Level1_TasekCentral_fixed.shp" }, "geometry": { "type": "MultiPolygon", "coordinates": [ [ [ [ 103.654833646960768, 1.514651831610869 ], [ 103.654825011631033, 1.514642715632575 ], [ 103.654824981981591, 1.514642753827628 ], [ 103.654833646960768, 1.514651831610869 ] ] ] ] } },
{ "type": "Feature", "properties": { "id": null, "FloorLevel": "1", "Zone": "Yellow", "ShopName": null, "LotNo": null, "Type": "Back of House", "Category": null, "layer": "Level1_TasekCentral_fixed", "path": "C:/Users/Stephanie/Documents/001 Tasek Mall/04 GIS/Floorplans/Floorplans FINAL/Level1_TasekCentral_fixed.shp" }, "geometry": { "type": "MultiPolygon", "coordinates": [ [ [ [ 103.654872921210568, 1.514614654125336 ], [ 103.654849860270005, 1.51459030959599 ], [ 103.654849768055556, 1.514590397556052 ], [ 103.654841631444611, 1.514581873274625 ], [ 103.65481871701968, 1.514603730405095 ], [ 103.654775885420534, 1.514558858540952 ], [ 103.6547599630116, 1.514574046360958 ], [ 103.654833646960768, 1.514651831610869 ], [ 103.654838593402559, 1.5146570137037 ], [ 103.654877706279279, 1.514619705534437 ], [ 103.654872921210554, 1.514614654125348 ], [ 103.654872921210568, 1.514614654125336 ] ] ] ] } },
{ "type": "Feature", "properties": { "id": null, "FloorLevel": "1", "Zone": "Yellow", "ShopName": "Hot Market", "LotNo": "1-18", "Type": "Shop", "Category": "Fashion, Accessories and Footwear", "layer": "Level1_TasekCentral_fixed", "path": "C:/Users/Stephanie/Documents/001 Tasek Mall/04 GIS/Floorplans/Floorplans FINAL/Level1_TasekCentral_fixed.shp" }, "geometry": { "type": "MultiPolygon", "coordinates": [ [ [ [ 103.654668491994528, 1.514678013794921 ], [ 103.654648328397371, 1.514697059355547 ], [ 103.654603706587565, 1.514695887547917 ], [ 103.654551936911318, 1.514641853246493 ], [ 103.654512531561878, 1.514679580704682 ], [ 103.65457979222063, 1.514749785496171 ], [ 103.654540060706026, 1.514787824217405 ], [ 103.654548318362572, 1.514796443327684 ], [ 103.65453101181113, 1.514813012519211 ], [ 103.654585711121683, 1.514870106123907 ], [ 103.654616050359948, 1.514869288373702 ], [ 103.654765666298573, 1.514726575873566 ], [ 103.654838593402559, 1.5146570137037 ], [ 103.654833646960768, 1.514651831610869 ], [ 103.654824981981591, 1.514642753827628 ], [ 103.654824981981605, 1.514642753827602 ], [ 103.654811955345366, 1.514629106595655 ], [ 103.654776852300287, 1.514662323242746 ], [ 103.654720656628854, 1.514603517938282 ], [ 103.654741013175084, 1.514584078355796 ], [ 103.654723885708719, 1.514566155518058 ], [ 103.654703539438088, 1.514585585287993 ], [ 103.65469558032278, 1.514652427467349 ], [ 103.654670847405256, 1.514675788987637 ], [ 103.654668491994528, 1.514678013794921 ] ] ] ] } },
{ "type": "Feature", "properties": { "id": null, "FloorLevel": "1", "Zone": "Yellow", "ShopName": "The Toast", "LotNo": "1-24", "Type": "Shop", "Category": "Food and Beverages", "layer": "Level1_TasekCentral_fixed", "path": "C:/Users/Stephanie/Documents/001 Tasek Mall/04 GIS/Floorplans/Floorplans FINAL/Level1_TasekCentral_fixed.shp" }, "geometry": { "type": "MultiPolygon", "coordinates": [ [ [ [ 103.65453355433749, 1.514622665989085 ], [ 103.654507984051577, 1.514595976438998 ], [ 103.65448796774939, 1.514575083980861 ], [ 103.654403771747141, 1.514487202539029 ], [ 103.654388112837509, 1.514502194289179 ], [ 103.654435961789275, 1.514552137691838 ], [ 103.654369908742936, 1.514615375673718 ], [ 103.65445207538032, 1.514700673470591 ], [ 103.65453355433749, 1.514622665989085 ] ] ], [ [ [ 103.654451842237762, 1.514700896679924 ], [ 103.65445207538032, 1.514700673470591 ], [ 103.65445207538032, 1.514700673470593 ], [ 103.654451842237762, 1.514700896679924 ] ] ] ] } },
{ "type": "Feature", "properties": { "id": null, "FloorLevel": "1", "Zone": "Yellow", "ShopName": "Squid Boy", "LotNo": "1-28", "Type": "Shop", "Category": "Food and Beverages", "layer": "Level1_TasekCentral_fixed", "path": "C:/Users/Stephanie/Documents/001 Tasek Mall/04 GIS/Floorplans/Floorplans FINAL/Level1_TasekCentral_fixed.shp" }, "geometry": { "type": "MultiPolygon", "coordinates": [ [ [ [ 103.654403771747141, 1.514487202539029 ], [ 103.654378075496396, 1.51446038150408 ], [ 103.654352379245637, 1.514433560468798 ], [ 103.654339051622657, 1.514446320257028 ], [ 103.654390444739988, 1.514499960921577 ], [ 103.654403771747141, 1.514487202539029 ] ] ] ] } },
{ "type": "Feature", "properties": { "id": null, "FloorLevel": "1", "Zone": "Pink", "ShopName": "Chagee", "LotNo": "1-80", "Type": "Shop", "Category": "Food and Beverages", "layer": "Level1_TasekCentral_fixed", "path": "C:/Users/Stephanie/Documents/001 Tasek Mall/04 GIS/Floorplans/Floorplans FINAL/Level1_TasekCentral_fixed.shp" }, "geometry": { "type": "MultiPolygon", "coordinates": [ [ [ [ 103.654875057200954, 1.514192779055178 ], [ 103.654920084375036, 1.514149670293059 ], [ 103.654838576313608, 1.514064595613705 ], [ 103.654793550031172, 1.514107704124233 ], [ 103.65483441720535, 1.514150360151256 ], [ 103.654875057200954, 1.514192779055178 ] ] ] ] } },
{ "type": "Feature", "properties": { "id": null, "FloorLevel": "1", "Zone": "Pink", "ShopName": null, "LotNo": null, "Type": "Back of House", "Category": "Stairs", "layer": "Level1_TasekCentral_fixed", "path": "C:/Users/Stephanie/Documents/001 Tasek Mall/04 GIS/Floorplans/Floorplans FINAL/Level1_TasekCentral_fixed.shp" }, "geometry": { "type": "MultiPolygon", "coordinates": [ [ [ [ 103.654975744703265, 1.514470232941965 ], [ 103.655007836058715, 1.514439622586236 ], [ 103.654997178369428, 1.514428457057674 ], [ 103.65495162410997, 1.514380732136017 ], [ 103.654951623794787, 1.51438073243665 ], [ 103.654951623794801, 1.514380732436658 ], [ 103.654919532580408, 1.514411342934781 ], [ 103.654975744703265, 1.514470232941965 ] ] ] ] } },
{ "type": "Feature", "properties": { "id": null, "FloorLevel": "1", "Zone": "Pink", "ShopName": null, "LotNo": null, "Type": "Toilet", "Category": null, "layer": "Level1_TasekCentral_fixed", "path": "C:/Users/Stephanie/Documents/001 Tasek Mall/04 GIS/Floorplans/Floorplans FINAL/Level1_TasekCentral_fixed.shp" }, "geometry": { "type": "MultiPolygon", "coordinates": [ [ [ [ 103.655021853874572, 1.514404579668897 ], [ 103.655022024864209, 1.514404758818319 ], [ 103.655032681194214, 1.514415923677883 ], [ 103.65507839162585, 1.514372322091145 ], [ 103.655053011020044, 1.514345730299695 ], [ 103.655016533544554, 1.514380522006777 ], [ 103.655023031687321, 1.514387330208037 ], [ 103.655018413834597, 1.514391734676529 ], [ 103.655013796930504, 1.51439613824022 ], [ 103.655016105612063, 1.514398557094127 ], [ 103.655016105612063, 1.514398557094134 ], [ 103.655021853874572, 1.514404579668897 ] ] ] ] } },
{ "type": "Feature", "properties": { "id": null, "FloorLevel": "1", "Zone": "Pink", "ShopName": null, "LotNo": null, "Type": "Toilet", "Category": null, "layer": "Level1_TasekCentral_fixed", "path": "C:/Users/Stephanie/Documents/001 Tasek Mall/04 GIS/Floorplans/Floorplans FINAL/Level1_TasekCentral_fixed.shp" }, "geometry": { "type": "MultiPolygon", "coordinates": [ [ [ [ 103.655021032504862, 1.514312225740189 ], [ 103.654975319327789, 1.514355826579118 ], [ 103.654995875360441, 1.514377363441866 ], [ 103.655000493213066, 1.514372958973432 ], [ 103.655005111065719, 1.514368554504989 ], [ 103.655016533544554, 1.514380522006777 ], [ 103.655053011020044, 1.514345730299695 ], [ 103.655021032504862, 1.514312225740189 ] ] ] ] } },
{ "type": "Feature", "properties": { "id": null, "FloorLevel": "1", "Zone": "Pink", "ShopName": "Shihlin", "LotNo": "1-11", "Type": "Shop", "Category": "Food and Beverages", "layer": "Level1_TasekCentral_fixed", "path": "C:/Users/Stephanie/Documents/001 Tasek Mall/04 GIS/Floorplans/Floorplans FINAL/Level1_TasekCentral_fixed.shp" }, "geometry": { "type": "MultiPolygon", "coordinates": [ [ [ [ 103.655006290789402, 1.51429678053623 ], [ 103.655021032504862, 1.514312225740189 ], [ 103.655038815485753, 1.514330857341457 ], [ 103.655053011020044, 1.514345730299695 ], [ 103.65507839162585, 1.514372322091145 ], [ 103.655110513670635, 1.514341681992111 ], [ 103.655038410862304, 1.514266142986 ], [ 103.655022474347703, 1.514281343940522 ], [ 103.655022350825831, 1.514281461761169 ], [ 103.655006290789402, 1.51429678053623 ] ] ] ] } },
{ "type": "Feature", "properties": { "id": null, "FloorLevel": "1", "Zone": "Pink", "ShopName": "COOLBLOG", "LotNo": "1-12", "Type": "Shop", "Category": "Food and Beverages", "layer": "Level1_TasekCentral_fixed", "path": "C:/Users/Stephanie/Documents/001 Tasek Mall/04 GIS/Floorplans/Floorplans FINAL/Level1_TasekCentral_fixed.shp" }, "geometry": { "type": "MultiPolygon", "coordinates": [ [ [ [ 103.655021032504862, 1.514312225740189 ], [ 103.655006290789402, 1.51429678053623 ], [ 103.654983434399142, 1.514318581975189 ], [ 103.654960578008854, 1.51434038341393 ], [ 103.654975318988406, 1.514355826902843 ], [ 103.654975319835273, 1.514355827110818 ], [ 103.654975319327789, 1.514355826579118 ], [ 103.655021032504862, 1.514312225740189 ] ] ] ] } },
{ "type": "Feature", "properties": { "id": null, "FloorLevel": "1", "Zone": null, "ShopName": null, "LotNo": null, "Type": "Back of House", "Category": null, "layer": "Level1_TasekCentral_fixed", "path": "C:/Users/Stephanie/Documents/001 Tasek Mall/04 GIS/Floorplans/Floorplans FINAL/Level1_TasekCentral_fixed.shp" }, "geometry": { "type": "MultiPolygon", "coordinates": [ [ [ [ 103.65507839162585, 1.514372322091145 ], [ 103.655071040312052, 1.514379334253019 ], [ 103.655071040312137, 1.514379334253039 ], [ 103.65507839162585, 1.514372322091145 ] ] ] ] } },
{ "type": "Feature", "properties": { "id": null, "FloorLevel": "1", "Zone": "Pink", "ShopName": null, "LotNo": null, "Type": "Lift", "Category": null, "layer": "Level1_TasekCentral_fixed", "path": "C:/Users/Stephanie/Documents/001 Tasek Mall/04 GIS/Floorplans/Floorplans FINAL/Level1_TasekCentral_fixed.shp" }, "geometry": { "type": "MultiPolygon", "coordinates": [ [ [ [ 103.655215764728652, 1.514099673014216 ], [ 103.655192371071408, 1.514121987692874 ], [ 103.655208225634766, 1.514138597579682 ], [ 103.65521099162892, 1.514141495347881 ], [ 103.655234385681965, 1.514119180714603 ], [ 103.655215764728652, 1.514099673014216 ] ] ] ] } },
{ "type": "Feature", "properties": { "id": null, "FloorLevel": "1", "Zone": "Pink", "ShopName": null, "LotNo": null, "Type": "Lift", "Category": null, "layer": "Level1_TasekCentral_fixed", "path": "C:/Users/Stephanie/Documents/001 Tasek Mall/04 GIS/Floorplans/Floorplans FINAL/Level1_TasekCentral_fixed.shp" }, "geometry": { "type": "MultiPolygon", "coordinates": [ [ [ [ 103.655257779550496, 1.514096866257149 ], [ 103.655239158385939, 1.514077358335328 ], [ 103.655215764728652, 1.514099673014216 ], [ 103.655234385681965, 1.514119180714603 ], [ 103.655234385681965, 1.51411918071461 ], [ 103.655234385681965, 1.514119180714613 ], [ 103.655238673648171, 1.514115090598493 ], [ 103.655238673820662, 1.514115090779195 ], [ 103.655257779550496, 1.514096866257149 ] ] ] ] } },
{ "type": "Feature", "properties": { "id": null, "FloorLevel": "1", "Zone": "Green", "ShopName": "Optik Raya", "LotNo": "1-03", "Type": "Shop", "Category": "Optical and Jewellery", "layer": "Level1_TasekCentral_fixed", "path": "C:/Users/Stephanie/Documents/001 Tasek Mall/04 GIS/Floorplans/Floorplans FINAL/Level1_TasekCentral_fixed.shp" }, "geometry": { "type": "MultiPolygon", "coordinates": [ [ [ [ 103.655550673940951, 1.513915441290658 ], [ 103.655604287424339, 1.513864112006369 ], [ 103.655604287424751, 1.51386411200598 ], [ 103.655578444412257, 1.5138371377971 ], [ 103.655599617499362, 1.513816866786964 ], [ 103.655576958734883, 1.513793216206001 ], [ 103.655555785647664, 1.513813487216528 ], [ 103.655530807414451, 1.513837351663083 ], [ 103.65553079270758, 1.513837365742722 ], [ 103.655502119044641, 1.513864760871201 ], [ 103.655550673940951, 1.513915441290658 ] ] ] ] } },
{ "type": "Feature", "properties": { "id": null, "FloorLevel": "1", "Zone": "Green", "ShopName": null, "LotNo": null, "Type": "Back of House", "Category": "Stairs", "layer": "Level1_TasekCentral_fixed", "path": "C:/Users/Stephanie/Documents/001 Tasek Mall/04 GIS/Floorplans/Floorplans FINAL/Level1_TasekCentral_fixed.shp" }, "geometry": { "type": "MultiPolygon", "coordinates": [ [ [ [ 103.655593547939645, 1.513810531551286 ], [ 103.655599617499362, 1.513816866786964 ], [ 103.655616036693786, 1.51383400556508 ], [ 103.655637869652821, 1.513813103876029 ], [ 103.655598805521862, 1.51377230019841 ], [ 103.655576958734883, 1.513793216206001 ], [ 103.655593547939645, 1.513810531551286 ] ] ] ] } },
{ "type": "Feature", "properties": { "id": null, "FloorLevel": "1", "Zone": "Green", "ShopName": "Kedai Emas Pioneer", "LotNo": "1-01", "Type": "Shop", "Category": "Optical and Jewellery", "layer": "Level1_TasekCentral_fixed", "path": "C:/Users/Stephanie/Documents/001 Tasek Mall/04 GIS/Floorplans/Floorplans FINAL/Level1_TasekCentral_fixed.shp" }, "geometry": { "type": "MultiPolygon", "coordinates": [ [ [ [ 103.655526594741147, 1.513938494597671 ], [ 103.655478046545269, 1.513887807679097 ], [ 103.655452186624544, 1.513912559157941 ], [ 103.655426326703832, 1.513937310636503 ], [ 103.655474888413821, 1.513987997980177 ], [ 103.655526594741147, 1.513938494597671 ] ] ] ] } },
{ "type": "Feature", "properties": { "id": null, "FloorLevel": "1", "Zone": "Green", "ShopName": "Hai-O", "LotNo": "1-02", "Type": "Shop", "Category": "Beauty and Wellness", "layer": "Level1_TasekCentral_fixed", "path": "C:/Users/Stephanie/Documents/001 Tasek Mall/04 GIS/Floorplans/Floorplans FINAL/Level1_TasekCentral_fixed.shp" }, "geometry": { "type": "MultiPolygon", "coordinates": [ [ [ [ 103.655502119044641, 1.513864760871201 ], [ 103.655490082794969, 1.51387628427518 ], [ 103.655478046545269, 1.513887807679097 ], [ 103.655526594741147, 1.513938494597671 ], [ 103.655550673940951, 1.513915441290658 ], [ 103.655502119044641, 1.513864760871201 ] ] ] ] } },
{ "type": "Feature", "properties": { "id": null, "FloorLevel": "1", "Zone": "Green", "ShopName": null, "LotNo": null, "Type": "Back of House", "Category": null, "layer": "Level1_TasekCentral_fixed", "path": "C:/Users/Stephanie/Documents/001 Tasek Mall/04 GIS/Floorplans/Floorplans FINAL/Level1_TasekCentral_fixed.shp" }, "geometry": { "type": "MultiPolygon", "coordinates": [ [ [ [ 103.655637869652821, 1.513813103876029 ], [ 103.655616036693786, 1.51383400556508 ], [ 103.655599617499362, 1.513816866786964 ], [ 103.655578444412257, 1.513837137797102 ], [ 103.655604287424751, 1.51386411200598 ], [ 103.655609607455574, 1.513859018634585 ], [ 103.655623655043584, 1.513845569542702 ], [ 103.655647288918416, 1.513822942586554 ], [ 103.655637869652821, 1.513813103876029 ] ] ] ] } },
{ "type": "Feature", "properties": { "id": null, "FloorLevel": "1", "Zone": null, "ShopName": null, "LotNo": null, "Type": "Escalator", "Category": null, "layer": "Level1_TasekCentral_fixed", "path": "C:/Users/Stephanie/Documents/001 Tasek Mall/04 GIS/Floorplans/Floorplans FINAL/Level1_TasekCentral_fixed.shp" }, "geometry": { "type": "MultiPolygon", "coordinates": [ [ [ [ 103.655394481033213, 1.513891228167868 ], [ 103.655378522497656, 1.513894190568329 ], [ 103.655399505688834, 1.514006802677605 ], [ 103.655415464224347, 1.514003840277376 ], [ 103.655394481033213, 1.513891228167868 ] ] ] ] } },
{ "type": "Feature", "properties": { "id": null, "FloorLevel": "1", "Zone": "Pink", "ShopName": "AEON Wellness", "LotNo": "1-08", "Type": "Shop", "Category": "Beauty and Wellness", "layer": "Level1_TasekCentral_fixed", "path": "C:/Users/Stephanie/Documents/001 Tasek Mall/04 GIS/Floorplans/Floorplans FINAL/Level1_TasekCentral_fixed.shp" }, "geometry": { "type": "MultiPolygon", "coordinates": [ [ [ [ 103.655184499298343, 1.514244687167682 ], [ 103.655190846892609, 1.514251337165955 ], [ 103.655197686191784, 1.514258502294288 ], [ 103.655290805448089, 1.514169707954946 ], [ 103.655283952834338, 1.514162526588026 ], [ 103.655238673648171, 1.514115090598493 ], [ 103.65521099162892, 1.514141495347881 ], [ 103.655200547625213, 1.514130553783961 ], [ 103.655192641495276, 1.514122270999951 ], [ 103.655191017523165, 1.514120569660562 ], [ 103.655132386203121, 1.514176499714005 ], [ 103.655073754883091, 1.514232429766004 ], [ 103.655098527103533, 1.514258380283172 ], [ 103.655103662214231, 1.514263759646602 ], [ 103.655109450575367, 1.514269823332475 ], [ 103.655123705291302, 1.514256227132205 ], [ 103.655128444955082, 1.514261192596928 ], [ 103.655134718483978, 1.514267765383533 ], [ 103.655139354705341, 1.514272622760299 ], [ 103.655176943012592, 1.514236770894926 ], [ 103.655184499298343, 1.514244687167682 ] ] ] ] } },
{ "type": "Feature", "properties": { "id": null, "FloorLevel": "1", "Zone": "Pink", "ShopName": null, "LotNo": null, "Type": "Shop", "Category": "Unoccupied", "layer": "Level1_TasekCentral_fixed", "path": "C:/Users/Stephanie/Documents/001 Tasek Mall/04 GIS/Floorplans/Floorplans FINAL/Level1_TasekCentral_fixed.shp" }, "geometry": { "type": "MultiPolygon", "coordinates": [ [ [ [ 103.654887283812542, 1.513793144818828 ], [ 103.654870206613452, 1.513775321505334 ], [ 103.654761063527161, 1.513879822692456 ], [ 103.654780676226594, 1.513900293875684 ], [ 103.654809782005159, 1.513930673667011 ], [ 103.654918931140642, 1.513826174839753 ], [ 103.654886685182419, 1.513792520034158 ], [ 103.654887283812542, 1.513793144818828 ] ] ] ] } },
{ "type": "Feature", "properties": { "id": null, "FloorLevel": "1", "Zone": "Pink", "ShopName": null, "LotNo": null, "Type": "Shop", "Category": "Unoccupied", "layer": "Level1_TasekCentral_fixed", "path": "C:/Users/Stephanie/Documents/001 Tasek Mall/04 GIS/Floorplans/Floorplans FINAL/Level1_TasekCentral_fixed.shp" }, "geometry": { "type": "MultiPolygon", "coordinates": [ [ [ [ 103.655133224771674, 1.513927200821719 ], [ 103.655152176192146, 1.513909058646653 ], [ 103.65500817798582, 1.513758742280692 ], [ 103.654970589243078, 1.513794725947276 ], [ 103.654970589243078, 1.513794725947276 ], [ 103.654970591048126, 1.513826800823876 ], [ 103.655078650964228, 1.513940529952948 ], [ 103.655091450314927, 1.513929018816832 ], [ 103.655091450313805, 1.513929018814944 ], [ 103.655109906261018, 1.513949525848854 ], [ 103.655133224771674, 1.513927200821719 ] ] ] ] } },
{ "type": "Feature", "properties": { "id": null, "FloorLevel": "1", "Zone": "Pink", "ShopName": null, "LotNo": null, "Type": "Shop", "Category": "Unoccupied", "layer": "Level1_TasekCentral_fixed", "path": "C:/Users/Stephanie/Documents/001 Tasek Mall/04 GIS/Floorplans/Floorplans FINAL/Level1_TasekCentral_fixed.shp" }, "geometry": { "type": "MultiPolygon", "coordinates": [ [ [ [ 103.655205306503277, 1.514013739794316 ], [ 103.655195291498856, 1.514003286415447 ], [ 103.655190663629341, 1.514007717114742 ], [ 103.655175605634383, 1.513992000004629 ], [ 103.655185881256202, 1.51398216217521 ], [ 103.655155049186334, 1.513949980530381 ], [ 103.655143215696071, 1.513937629066938 ], [ 103.655133224771674, 1.513927200821719 ], [ 103.655098148415647, 1.513960782751987 ], [ 103.655097968329599, 1.51396086077635 ], [ 103.655097552598534, 1.51396103236075 ], [ 103.655097133940643, 1.513961196679941 ], [ 103.655096712482973, 1.513961353684061 ], [ 103.655096288353405, 1.513961503325466 ], [ 103.655095861680635, 1.513961645558748 ], [ 103.655095432594166, 1.513961780340746 ], [ 103.655095001224169, 1.513961907630559 ], [ 103.655094567701568, 1.513962027389562 ], [ 103.655094132157913, 1.513962139581414 ], [ 103.655093694725366, 1.513962244172069 ], [ 103.655093255536656, 1.51396234112979 ], [ 103.65509281472508, 1.513962430425154 ], [ 103.655092372424377, 1.513962512031065 ], [ 103.655091928768798, 1.513962585922759 ], [ 103.655091483892917, 1.513962652077814 ], [ 103.655091037931783, 1.513962710476155 ], [ 103.655090591020695, 1.51396276110006 ], [ 103.655090143295283, 1.513962803934169 ], [ 103.655089694891416, 1.513962838965482 ], [ 103.655089245945149, 1.51396286618337 ], [ 103.655088796592722, 1.513962885579573 ], [ 103.655088346970487, 1.513962897148206 ], [ 103.655087897214855, 1.513962900885757 ], [ 103.655087447462378, 1.513962896791093 ], [ 103.65508699784948, 1.513962884865456 ], [ 103.655086548512614, 1.513962865112466 ], [ 103.65508609958809, 1.513962837538115 ], [ 103.65508565121219, 1.513962802150773 ], [ 103.655085203520954, 1.513962758961176 ], [ 103.655084756650254, 1.513962707982431 ], [ 103.65508431073566, 1.513962649230008 ], [ 103.655083865912502, 1.513962582721734 ], [ 103.655083422315755, 1.513962508477793 ], [ 103.655082980080053, 1.513962426520713 ], [ 103.655082539339546, 1.513962336875365 ], [ 103.655082100228029, 1.513962239568952 ], [ 103.655081662878715, 1.513962134631 ], [ 103.655081227424333, 1.513962022093355 ], [ 103.65508079399703, 1.513961901990168 ], [ 103.655080235974623, 1.513961858737443 ], [ 103.655079677285357, 1.513961825172884 ], [ 103.655079118097461, 1.513961801306604 ], [ 103.655078558579419, 1.513961787145793 ], [ 103.655077998899813, 1.513961782694716 ], [ 103.655077439227227, 1.513961787954714 ], [ 103.65507687973026, 1.513961802924204 ], [ 103.655076320577479, 1.513961827598675 ], [ 103.655075761937326, 1.513961861970694 ], [ 103.655075203978058, 1.513961906029906 ], [ 103.655074646867817, 1.513961959763038 ], [ 103.655074090774406, 1.513962023153904 ], [ 103.655073535865341, 1.513962096183406 ], [ 103.655072982307814, 1.513962178829544 ], [ 103.655072430268589, 1.513962271067421 ], [ 103.655071879913933, 1.513962372869249 ], [ 103.655071331409673, 1.513962484204361 ], [ 103.655070784921037, 1.513962605039216 ], [ 103.655070240612645, 1.513962735337413 ], [ 103.655069698648504, 1.513962875059699 ], [ 103.655069159191854, 1.513963024163981 ], [ 103.655068622405224, 1.513963182605343 ], [ 103.655068088450321, 1.513963350336052 ], [ 103.655067557487968, 1.51396352730558 ], [ 103.655067029678179, 1.513963713460614 ], [ 103.655066505179903, 1.513963908745074 ], [ 103.655065984151179, 1.51396411310013 ], [ 103.655065466748965, 1.513964326464219 ], [ 103.655064953129099, 1.513964548773065 ], [ 103.655064443446363, 1.513964779959696 ], [ 103.655063937854266, 1.513965019954467 ], [ 103.655063436505131, 1.513965268685078 ], [ 103.655062939549993, 1.5139655260766 ], [ 103.655062447138533, 1.513965792051491 ], [ 103.655061959419129, 1.513966066529625 ], [ 103.655061476538677, 1.513966349428316 ], [ 103.655060998642696, 1.51396664066234 ], [ 103.655060525875086, 1.51396694014396 ], [ 103.655060058378311, 1.513967247782958 ], [ 103.655059596293214, 1.513967563486655 ], [ 103.655059139758976, 1.513967887159946 ], [ 103.65505868891313, 1.513968218705322 ], [ 103.655058243891517, 1.513968558022906 ], [ 103.655057804828189, 1.513968905010475 ], [ 103.655057371855392, 1.513969259563499 ], [ 103.655056945103581, 1.513969621575167 ], [ 103.655056524701337, 1.513969990936423 ], [ 103.655056110775277, 1.513970367535995 ], [ 103.655055703450117, 1.513970751260433 ], [ 103.655055302848538, 1.513971141994135 ], [ 103.655054909091248, 1.513971539619394 ], [ 103.655054522296865, 1.513971944016424 ], [ 103.655054142581903, 1.513972355063398 ], [ 103.655053770060761, 1.513972772636487 ], [ 103.655053404845646, 1.513973196609896 ], [ 103.655053047046593, 1.513973626855903 ], [ 103.655052696771392, 1.513974063244892 ], [ 103.655052354125573, 1.513974505645402 ], [ 103.655052019212334, 1.513974953924158 ], [ 103.655051692132588, 1.513975407946114 ], [ 103.655051372984872, 1.513975867574494 ], [ 103.655051061865294, 1.513976332670834 ], [ 103.655050758867631, 1.513976803095022 ], [ 103.655050464083146, 1.513977278705342 ], [ 103.6550501776006, 1.513977759358514 ], [ 103.655049899506366, 1.51397824490974 ], [ 103.655049629884161, 1.513978735212746 ], [ 103.65504936881527, 1.513979230119827 ], [ 103.655049116378279, 1.513979729481891 ], [ 103.655048872649274, 1.513980233148502 ], [ 103.655048637701654, 1.51398074096793 ], [ 103.655048411606231, 1.513981252787193 ], [ 103.655048194431089, 1.513981768452102 ], [ 103.655047986241669, 1.513982287807314 ], [ 103.655047787100671, 1.51398281069637 ], [ 103.655047597068105, 1.513983336961748 ], [ 103.655047416201214, 1.513983866444909 ], [ 103.655047244554481, 1.513984398986344 ], [ 103.655047082179621, 1.513984934425624 ], [ 103.655046929125533, 1.513985472601446 ], [ 103.65504678543833, 1.513986013351683 ], [ 103.655046651161314, 1.513986556513432 ], [ 103.655046526334942, 1.513987101923063 ], [ 103.655046410996789, 1.513987649416271 ], [ 103.655046305181628, 1.513988198828121 ], [ 103.655046208921306, 1.513988749993101 ], [ 103.655046122244855, 1.513989302745171 ], [ 103.655046045178366, 1.513989856917812 ], [ 103.655045977745061, 1.513990412344079 ], [ 103.655045919965247, 1.513990968856647 ], [ 103.655045871856345, 1.513991526287866 ], [ 103.655045833432851, 1.513992084469806 ], [ 103.655045804706333, 1.513992643234314 ], [ 103.655045785685431, 1.513993202413062 ], [ 103.655045776375886, 1.513993761837592 ], [ 103.655045776780497, 1.513994321339379 ], [ 103.655045786899151, 1.51399488074987 ], [ 103.655045806728822, 1.51399543990054 ], [ 103.655045836263469, 1.513995998622944 ], [ 103.655045875494267, 1.513996556748765 ], [ 103.65504592440935, 1.513997114109865 ], [ 103.655045982994011, 1.513997670538338 ], [ 103.65504605123057, 1.513998225866559 ], [ 103.655046129098523, 1.513998779927232 ], [ 103.655046216574348, 1.513999332553444 ], [ 103.655046313631743, 1.513999883578717 ], [ 103.655046420241447, 1.514000432837051 ], [ 103.65504653637133, 1.51400098016298 ], [ 103.655046661986447, 1.514001525391621 ], [ 103.655046797048911, 1.514002068358723 ], [ 103.655046941518066, 1.514002608900713 ], [ 103.655047095350369, 1.514003146854753 ], [ 103.655047258499508, 1.514003682058783 ], [ 103.655047430916298, 1.514004214351569 ], [ 103.655047612548827, 1.514004743572757 ], [ 103.655047803342356, 1.514005269562919 ], [ 103.655048003239429, 1.514005792163595 ], [ 103.655048212179793, 1.514006311217355 ], [ 103.65504843010055, 1.514006826567828 ], [ 103.655048656936017, 1.514007338059765 ], [ 103.655048892617856, 1.514007845539077 ], [ 103.655049137075082, 1.514008348852884 ], [ 103.655049390234041, 1.514008847849562 ], [ 103.655049652018491, 1.514009342378786 ], [ 103.655049922349548, 1.514009832291577 ], [ 103.655050201145798, 1.514010317440348 ], [ 103.655050488323198, 1.514010797678946 ], [ 103.655050783795289, 1.514011272862698 ], [ 103.655051087473041, 1.514011742848453 ], [ 103.655051399264963, 1.514012207494626 ], [ 103.65505171907715, 1.514012666661241 ], [ 103.655052046813211, 1.514013120209974 ], [ 103.655052382374478, 1.51401356800419 ], [ 103.655052725659814, 1.51401400990899 ], [ 103.655053076565821, 1.514014445791249 ], [ 103.655053434986769, 1.514014875519656 ], [ 103.655053800814713, 1.514015298964755 ], [ 103.655054173939433, 1.51401571599898 ], [ 103.655054554248522, 1.514016126496699 ], [ 103.655054941627384, 1.514016530334249 ], [ 103.655055335959375, 1.514016927389971 ], [ 103.655055737125664, 1.514017317544252 ], [ 103.655056145005403, 1.514017700679557 ], [ 103.655056559475739, 1.514018076680463 ], [ 103.655056980411757, 1.514018445433702 ], [ 103.655057407686712, 1.514018806828183 ], [ 103.655057841171853, 1.514019160755036 ], [ 103.655058280736597, 1.514019507107639 ], [ 103.655058726248527, 1.514019845781652 ], [ 103.65505917757342, 1.514020176675049 ], [ 103.655059634575338, 1.514020499688147 ], [ 103.655060097116575, 1.514020814723638 ], [ 103.655060565057809, 1.514021121686615 ], [ 103.655061038258069, 1.514021420484606 ], [ 103.65506151657479, 1.514021711027595 ], [ 103.655061999863904, 1.514021993228057 ], [ 103.655062487979791, 1.514022267000979 ], [ 103.655062980775398, 1.514022532263883 ], [ 103.655063478102306, 1.51402278893686 ], [ 103.655063979810691, 1.514023036942585 ], [ 103.655064485749364, 1.514023276206348 ], [ 103.655064995765954, 1.514023506656067 ], [ 103.655065509706802, 1.514023728222319 ], [ 103.655066027417078, 1.514023940838358 ], [ 103.655066548740834, 1.514024144440132 ], [ 103.655067073520996, 1.514024338966304 ], [ 103.655067601599484, 1.514024524358274 ], [ 103.655068132817235, 1.514024700560192 ], [ 103.655068667014191, 1.514024867518975 ], [ 103.655069204029417, 1.514025025184328 ], [ 103.655069743701162, 1.514025173508753 ], [ 103.655070285866827, 1.514025312447567 ], [ 103.655070830363115, 1.514025441958914 ], [ 103.655071377025934, 1.514025562003778 ], [ 103.655071925690663, 1.514025672545996 ], [ 103.655072476191961, 1.514025773552266 ], [ 103.655073028364043, 1.51402586499216 ], [ 103.655073582040529, 1.514025946838131 ], [ 103.655074137054626, 1.514026019065523 ], [ 103.655074693239143, 1.514026081652577 ], [ 103.65507525042652, 1.514026134580439 ], [ 103.655075929906431, 1.514025969890896 ], [ 103.655076612141841, 1.514025817008324 ], [ 103.655077296927445, 1.514025675978725 ], [ 103.655077984057172, 1.514025546844539 ], [ 103.655078673324255, 1.514025429644623 ], [ 103.655079364521328, 1.514025324414241 ], [ 103.655080057440358, 1.514025231185061 ], [ 103.655080751872873, 1.514025149985134 ], [ 103.655081447609902, 1.514025080838896 ], [ 103.65508214444209, 1.514025023767152 ], [ 103.655082842159743, 1.514024978787076 ], [ 103.655083540552923, 1.514024945912203 ], [ 103.655084239411494, 1.514024925152424 ], [ 103.655084938525121, 1.514024916513989 ], [ 103.655085637683456, 1.514024919999494 ], [ 103.655086336676135, 1.514024935607893 ], [ 103.655087035292809, 1.514024963334486 ], [ 103.655087733323242, 1.514025003170933 ], [ 103.655088430557413, 1.514025055105245 ], [ 103.655089126785512, 1.514025119121795 ], [ 103.655089821798057, 1.51402519520132 ], [ 103.655090515385865, 1.514025283320927 ], [ 103.655091207340263, 1.5140253834541 ], [ 103.655091897453019, 1.514025495570707 ], [ 103.655092585516513, 1.514025619637013 ], [ 103.655093271323651, 1.514025755615685 ], [ 103.655093954668075, 1.514025903465804 ], [ 103.655094635344199, 1.514026063142883 ], [ 103.655095313147172, 1.514026234598872 ], [ 103.655095987873011, 1.514026417782179 ], [ 103.655096659318758, 1.514026612637682 ], [ 103.655097327282292, 1.514026819106748 ], [ 103.655097991562641, 1.514027037127249 ], [ 103.65509865195996, 1.514027266633579 ], [ 103.655099308275481, 1.514027507556679 ], [ 103.65509996031173, 1.514027759824053 ], [ 103.65510060787247, 1.514028023359791 ], [ 103.655101250762925, 1.514028298084593 ], [ 103.655101888789559, 1.514028583915793 ], [ 103.65510252176044, 1.514028880767378 ], [ 103.655103149485072, 1.514029188550028 ], [ 103.655103771774591, 1.514029507171125 ], [ 103.6551043884417, 1.514029836534793 ], [ 103.655104999300875, 1.514030176541926 ], [ 103.655105604168313, 1.51403052709021 ], [ 103.655106202861958, 1.514030888074164 ], [ 103.655106795201718, 1.514031259385165 ], [ 103.655107381009302, 1.51403164091148 ], [ 103.655107960108467, 1.514032032538305 ], [ 103.655108532324931, 1.514032434147797 ], [ 103.655109097486516, 1.514032845619109 ], [ 103.655109655423189, 1.514033266828424 ], [ 103.65511020596702, 1.514033697648996 ], [ 103.655110748952382, 1.514034137951188 ], [ 103.655111284215863, 1.514034587602511 ], [ 103.655111811596399, 1.514035046467657 ], [ 103.655112330935296, 1.514035514408553 ], [ 103.655112842076292, 1.514035991284389 ], [ 103.655113344865583, 1.514036476951671 ], [ 103.655113839151852, 1.514036971264255 ], [ 103.655114324786368, 1.5140374740734 ], [ 103.655114801623043, 1.514037985227805 ], [ 103.655115269518319, 1.51403850457366 ], [ 103.655115728331481, 1.514039031954689 ], [ 103.655116177924398, 1.514039567212198 ], [ 103.655116618161813, 1.514040110185124 ], [ 103.655117048911265, 1.514040660710081 ], [ 103.655117470043123, 1.514041218621411 ], [ 103.65511788143067, 1.514041783751234 ], [ 103.655118282950127, 1.514042355929497 ], [ 103.655118674480661, 1.514042934984027 ], [ 103.655119055904464, 1.514043520740581 ], [ 103.65511942710674, 1.5140441130229 ], [ 103.655119787975806, 1.514044711652761 ], [ 103.655120112875125, 1.514044977056542 ], [ 103.655120442334905, 1.514045236781534 ], [ 103.655120776255828, 1.514045490749444 ], [ 103.655121114537238, 1.514045738883713 ], [ 103.655121457077158, 1.514045981109541 ], [ 103.655121803772332, 1.514046217353913 ], [ 103.655122154518253, 1.514046447545611 ], [ 103.655122509209193, 1.514046671615247 ], [ 103.655122867738228, 1.514046889495274 ], [ 103.655123229997301, 1.514047101120014 ], [ 103.655123595877171, 1.514047306425674 ], [ 103.655123965267578, 1.514047505350364 ], [ 103.655124338057135, 1.51404769783412 ], [ 103.655124714133493, 1.514047883818917 ], [ 103.655125093383276, 1.514048063248692 ], [ 103.655125475692188, 1.514048236069357 ], [ 103.655125860944949, 1.514048402228814 ], [ 103.655126249025443, 1.514048561676977 ], [ 103.655126639816658, 1.514048714365779 ], [ 103.655127792127061, 1.514049030018561 ], [ 103.655128697854195, 1.514049114807014 ], [ 103.655129604921157, 1.514049183813474 ], [ 103.655130513052868, 1.514049237017007 ], [ 103.655131421973735, 1.514049274401472 ], [ 103.655132331408083, 1.51404929595553 ], [ 103.655133241080009, 1.514049301672641 ], [ 103.655134150713565, 1.514049291551071 ], [ 103.655135060032819, 1.514049265593891 ], [ 103.655135968761911, 1.514049223808974 ], [ 103.65513687662515, 1.514049166208997 ], [ 103.655137783347129, 1.514049092811433 ], [ 103.655138688652826, 1.514049003638547 ], [ 103.65513959226756, 1.514048898717393 ], [ 103.65514049391723, 1.514048778079798 ], [ 103.655141393328336, 1.514048641762358 ], [ 103.655142290227985, 1.514048489806427 ], [ 103.655143184344126, 1.514048322258102 ], [ 103.655144075405531, 1.51404813916821 ], [ 103.655144963141851, 1.514047940592294 ], [ 103.655145847283848, 1.514047726590593 ], [ 103.655146727563206, 1.514047497228027 ], [ 103.65514760371299, 1.514047252574174 ], [ 103.655148475467357, 1.514046992703253 ], [ 103.655149342561856, 1.514046717694098 ], [ 103.655150204733431, 1.514046427630136 ], [ 103.655151061720574, 1.514046122599359 ], [ 103.655151913263282, 1.514045802694303 ], [ 103.65515275910326, 1.514045468012013 ], [ 103.655153598983887, 1.514045118654017 ], [ 103.655154432650363, 1.514044754726298 ], [ 103.655155259849849, 1.514044376339255 ], [ 103.655163893712498, 1.514053388134756 ], [ 103.655178013586564, 1.514039869857983 ], [ 103.655205306503277, 1.514013739794316 ] ] ] ] } },
{ "type": "Feature", "properties": { "id": null, "FloorLevel": "1", "Zone": "Green", "ShopName": null, "LotNo": null, "Type": "Back of House", "Category": "Stairs", "layer": "Level1_TasekCentral_fixed", "path": "C:/Users/Stephanie/Documents/001 Tasek Mall/04 GIS/Floorplans/Floorplans FINAL/Level1_TasekCentral_fixed.shp" }, "geometry": { "type": "MultiPolygon", "coordinates": [ [ [ [ 103.65526928117302, 1.51411026811838 ], [ 103.655250851016035, 1.514127848016382 ], [ 103.655283952834338, 1.514162526588026 ], [ 103.655290805441069, 1.514169707947586 ], [ 103.655353618875353, 1.514109792395787 ], [ 103.655340913344716, 1.514096481647953 ], [ 103.65534091338823, 1.514096481606446 ], [ 103.655358177324601, 1.514079920433898 ], [ 103.655358224058702, 1.514079969559037 ], [ 103.655358224741306, 1.514079968907925 ], [ 103.65535877870191, 1.514079348726568 ], [ 103.655387441512019, 1.514052100044963 ], [ 103.655387528680521, 1.514052016897947 ], [ 103.655387529255989, 1.514052016629986 ], [ 103.655379279427819, 1.514043344717757 ], [ 103.65536156807552, 1.51402472720342 ], [ 103.655335402950982, 1.514049601427278 ], [ 103.655322698362255, 1.514036246836517 ], [ 103.655275361435756, 1.51408124831522 ], [ 103.65526928117302, 1.51411026811838 ] ] ] ] } },
{ "type": "Feature", "properties": { "id": null, "FloorLevel": "1", "Zone": null, "ShopName": null, "LotNo": null, "Type": "Back of House", "Category": null, "layer": "Level1_TasekCentral_fixed", "path": "C:/Users/Stephanie/Documents/001 Tasek Mall/04 GIS/Floorplans/Floorplans FINAL/Level1_TasekCentral_fixed.shp" }, "geometry": { "type": "MultiPolygon", "coordinates": [ [ [ [ 103.655283162824716, 1.514176997973562 ], [ 103.655290760124629, 1.514169751173361 ], [ 103.655283161681083, 1.514176996707759 ], [ 103.655283162824716, 1.514176997973562 ] ] ] ] } },
{ "type": "Feature", "properties": { "id": null, "FloorLevel": "1", "Zone": "Pink", "ShopName": "Ai-Cha", "LotNo": "1-SAC-06", "Type": "Shop", "Category": "Food and Beverages", "layer": "Level1_TasekCentral_fixed", "path": "C:/Users/Stephanie/Documents/001 Tasek Mall/04 GIS/Floorplans/Floorplans FINAL/Level1_TasekCentral_fixed.shp" }, "geometry": { "type": "MultiPolygon", "coordinates": [ [ [ [ 103.65521412887918, 1.514005293308338 ], [ 103.655190084646733, 1.514028313102409 ], [ 103.655168720355675, 1.514048767137564 ], [ 103.655182001301071, 1.514062629434017 ], [ 103.655204705562795, 1.514040892519618 ], [ 103.655227409824562, 1.514019155605 ], [ 103.65521412887918, 1.514005293308338 ] ] ] ] } },
{ "type": "Feature", "properties": { "id": null, "FloorLevel": "1", "Zone": "Yellow", "ShopName": null, "LotNo": null, "Type": "Lift", "Category": null, "layer": "Level1_TasekCentral_fixed", "path": "C:/Users/Stephanie/Documents/001 Tasek Mall/04 GIS/Floorplans/Floorplans FINAL/Level1_TasekCentral_fixed.shp" }, "geometry": { "type": "MultiPolygon", "coordinates": [ [ [ [ 103.654331223674518, 1.514467713707634 ], [ 103.6543300491156, 1.514468838223554 ], [ 103.654307477687027, 1.514490447979065 ], [ 103.654325767251336, 1.514509538117708 ], [ 103.654349513238685, 1.51448680384607 ], [ 103.654331223674518, 1.514467713707634 ] ] ] ] } },
{ "type": "Feature", "properties": { "id": null, "FloorLevel": "1", "Zone": "Yellow", "ShopName": null, "LotNo": null, "Type": "Lift", "Category": null, "layer": "Level1_TasekCentral_fixed", "path": "C:/Users/Stephanie/Documents/001 Tasek Mall/04 GIS/Floorplans/Floorplans FINAL/Level1_TasekCentral_fixed.shp" }, "geometry": { "type": "MultiPolygon", "coordinates": [ [ [ [ 103.654325767251336, 1.514509538117708 ], [ 103.654307477687027, 1.514490447979065 ], [ 103.654283731699564, 1.514513182250258 ], [ 103.654302021263959, 1.514532272388725 ], [ 103.654325767251336, 1.514509538117708 ] ] ] ] } },
{ "type": "Feature", "properties": { "id": null, "FloorLevel": "1", "Zone": "Orange", "ShopName": null, "LotNo": null, "Type": "Shop", "Category": "Unoccupied", "layer": "Level1_TasekCentral_fixed", "path": "C:/Users/Stephanie/Documents/001 Tasek Mall/04 GIS/Floorplans/Floorplans FINAL/Level1_TasekCentral_fixed.shp" }, "geometry": { "type": "MultiPolygon", "coordinates": [ [ [ [ 103.654653622905499, 1.513846886829392 ], [ 103.654661585274468, 1.513855197725971 ], [ 103.654699459572129, 1.513894729851094 ], [ 103.654739435187935, 1.5138564573926 ], [ 103.654693780106371, 1.513808440521388 ], [ 103.654653622905499, 1.513846886829392 ] ] ] ] } },
{ "type": "Feature", "properties": { "id": null, "FloorLevel": "1", "Zone": "Orange", "ShopName": null, "LotNo": null, "Type": "Shop", "Category": "Unoccupied", "layer": "Level1_TasekCentral_fixed", "path": "C:/Users/Stephanie/Documents/001 Tasek Mall/04 GIS/Floorplans/Floorplans FINAL/Level1_TasekCentral_fixed.shp" }, "geometry": { "type": "MultiPolygon", "coordinates": [ [ [ [ 103.65462824794686, 1.513739518308234 ], [ 103.654599801256978, 1.513766752757379 ], [ 103.654597909415813, 1.513788734656515 ], [ 103.654653622905499, 1.513846886829392 ], [ 103.654693780106371, 1.513808440521388 ], [ 103.65462824794686, 1.513739518308234 ] ] ] ] } },
{ "type": "Feature", "properties": { "id": null, "FloorLevel": "1", "Zone": "Orange", "ShopName": null, "LotNo": null, "Type": "Shop", "Category": "Unoccupied", "layer": "Level1_TasekCentral_fixed", "path": "C:/Users/Stephanie/Documents/001 Tasek Mall/04 GIS/Floorplans/Floorplans FINAL/Level1_TasekCentral_fixed.shp" }, "geometry": { "type": "MultiPolygon", "coordinates": [ [ [ [ 103.654475363556514, 1.513744826998474 ], [ 103.654436402424821, 1.513704160054668 ], [ 103.654397425143927, 1.513741476692541 ], [ 103.654408330987295, 1.513752859912632 ], [ 103.654385595913169, 1.513774626348174 ], [ 103.65443815011875, 1.51382948098277 ], [ 103.654442613663406, 1.513825207609488 ], [ 103.65444985718365, 1.513769246430569 ], [ 103.654475363556514, 1.513744826998474 ] ] ] ] } },
{ "type": "Feature", "properties": { "id": null, "FloorLevel": "1", "Zone": "Orange", "ShopName": null, "LotNo": null, "Type": "Lift", "Category": null, "layer": "Level1_TasekCentral_fixed", "path": "C:/Users/Stephanie/Documents/001 Tasek Mall/04 GIS/Floorplans/Floorplans FINAL/Level1_TasekCentral_fixed.shp" }, "geometry": { "type": "MultiPolygon", "coordinates": [ [ [ [ 103.65458954387887, 1.51399010480416 ], [ 103.654608840330368, 1.513971630476802 ], [ 103.654598956630963, 1.513961314150356 ], [ 103.654589072931614, 1.513950997823859 ], [ 103.654569776479732, 1.513969472151782 ], [ 103.65458954387887, 1.51399010480416 ] ] ] ] } },
{ "type": "Feature", "properties": { "id": null, "FloorLevel": "1", "Zone": "Orange", "ShopName": null, "LotNo": null, "Type": "Back of House", "Category": null, "layer": "Level1_TasekCentral_fixed", "path": "C:/Users/Stephanie/Documents/001 Tasek Mall/04 GIS/Floorplans/Floorplans FINAL/Level1_TasekCentral_fixed.shp" }, "geometry": { "type": "MultiPolygon", "coordinates": [ [ [ [ 103.654569776479732, 1.513969472151782 ], [ 103.654606464838992, 1.513934346897364 ], [ 103.65453380232708, 1.513858503815554 ], [ 103.654497113968574, 1.513893629071215 ], [ 103.654569776479732, 1.513969472151782 ] ] ] ] } },
{ "type": "Feature", "properties": { "id": null, "FloorLevel": "1", "Zone": "Orange", "ShopName": null, "LotNo": null, "Type": "Back of House", "Category": null, "layer": "Level1_TasekCentral_fixed", "path": "C:/Users/Stephanie/Documents/001 Tasek Mall/04 GIS/Floorplans/Floorplans FINAL/Level1_TasekCentral_fixed.shp" }, "geometry": { "type": "MultiPolygon", "coordinates": [ [ [ [ 103.654569776479732, 1.513969472151782 ], [ 103.654555372114629, 1.513954437280816 ], [ 103.654520466457882, 1.513987855781689 ], [ 103.654547192617898, 1.514015751794946 ], [ 103.654582098299471, 1.513982333318927 ], [ 103.654569776479732, 1.513969472151782 ] ] ] ] } },
{ "type": "Feature", "properties": { "id": null, "FloorLevel": "1", "Zone": "Orange", "ShopName": null, "LotNo": null, "Type": "Back of House", "Category": "Stairs", "layer": "Level1_TasekCentral_fixed", "path": "C:/Users/Stephanie/Documents/001 Tasek Mall/04 GIS/Floorplans/Floorplans FINAL/Level1_TasekCentral_fixed.shp" }, "geometry": { "type": "MultiPolygon", "coordinates": [ [ [ [ 103.654056059407168, 1.514196110140287 ], [ 103.65399352188588, 1.514130835203576 ], [ 103.653955312272231, 1.514167416872298 ], [ 103.654017849793391, 1.514232691807285 ], [ 103.654056059407168, 1.514196110140287 ] ] ] ] } },
{ "type": "Feature", "properties": { "id": null, "FloorLevel": "1", "Zone": "Orange", "ShopName": null, "LotNo": null, "Type": "Back of House", "Category": "Stairs", "layer": "Level1_TasekCentral_fixed", "path": "C:/Users/Stephanie/Documents/001 Tasek Mall/04 GIS/Floorplans/Floorplans FINAL/Level1_TasekCentral_fixed.shp" }, "geometry": { "type": "MultiPolygon", "coordinates": [ [ [ [ 103.654091568984683, 1.514162113471187 ], [ 103.654056059407168, 1.514196110140287 ], [ 103.654017849793391, 1.514232691807285 ], [ 103.654045938604341, 1.514262009721792 ], [ 103.654119657924568, 1.514191431930362 ], [ 103.654091568984683, 1.514162113471187 ] ] ] ] } },
{ "type": "Feature", "properties": { "id": null, "FloorLevel": "1", "Zone": "Orange", "ShopName": null, "LotNo": null, "Type": "Back of House", "Category": null, "layer": "Level1_TasekCentral_fixed", "path": "C:/Users/Stephanie/Documents/001 Tasek Mall/04 GIS/Floorplans/Floorplans FINAL/Level1_TasekCentral_fixed.shp" }, "geometry": { "type": "MultiPolygon", "coordinates": [ [ [ [ 103.65425090530907, 1.514384610062535 ], [ 103.654226238461149, 1.514358859316539 ], [ 103.654178843239791, 1.514404227873685 ], [ 103.654200662166275, 1.514427005555888 ], [ 103.654203510112779, 1.514429978241727 ], [ 103.654231177097671, 1.514403494529828 ], [ 103.65425090530907, 1.514384610062535 ] ] ] ] } },
{ "type": "Feature", "properties": { "id": null, "FloorLevel": "1", "Zone": "Orange", "ShopName": null, "LotNo": null, "Type": "Back of House", "Category": null, "layer": "Level1_TasekCentral_fixed", "path": "C:/Users/Stephanie/Documents/001 Tasek Mall/04 GIS/Floorplans/Floorplans FINAL/Level1_TasekCentral_fixed.shp" }, "geometry": { "type": "MultiPolygon", "coordinates": [ [ [ [ 103.654239353347435, 1.514346305234956 ], [ 103.654226238461149, 1.514358859316539 ], [ 103.65425090530907, 1.514384610062535 ], [ 103.65428788476774, 1.514349212156456 ], [ 103.654263217781718, 1.514323461265825 ], [ 103.654239353347435, 1.514346305234956 ] ] ] ] } },
{ "type": "Feature", "properties": { "id": null, "FloorLevel": "1", "Zone": "Orange", "ShopName": null, "LotNo": null, "Type": "Toilet", "Category": null, "layer": "Level1_TasekCentral_fixed", "path": "C:/Users/Stephanie/Documents/001 Tasek Mall/04 GIS/Floorplans/Floorplans FINAL/Level1_TasekCentral_fixed.shp" }, "geometry": { "type": "MultiPolygon", "coordinates": [ [ [ [ 103.654283648542531, 1.514458264614852 ], [ 103.654248372586878, 1.514421443691069 ], [ 103.654241493413764, 1.514428029617804 ], [ 103.654237744216715, 1.514424116218527 ], [ 103.654233995019666, 1.514420202819242 ], [ 103.65420758694313, 1.51444548516837 ], [ 103.654250361292981, 1.514490132890319 ], [ 103.654279995232173, 1.514461762191329 ], [ 103.654283648542531, 1.514458264614852 ] ] ] ] } },
{ "type": "Feature", "properties": { "id": null, "FloorLevel": "1", "Zone": "Orange", "ShopName": null, "LotNo": null, "Type": "Back of House", "Category": null, "layer": "Level1_TasekCentral_fixed", "path": "C:/Users/Stephanie/Documents/001 Tasek Mall/04 GIS/Floorplans/Floorplans FINAL/Level1_TasekCentral_fixed.shp" }, "geometry": { "type": "MultiPolygon", "coordinates": [ [ [ [ 103.65431201833384, 1.514380602001216 ], [ 103.654307748632348, 1.51437614530103 ], [ 103.65429524788388, 1.514388113165982 ], [ 103.654312304828238, 1.514405916731823 ], [ 103.654324754177168, 1.514418911237656 ], [ 103.654337254676605, 1.514406943611464 ], [ 103.65431201833384, 1.514380602001216 ] ] ] ] } },
{ "type": "Feature", "properties": { "id": null, "FloorLevel": "1", "Zone": "Orange", "ShopName": null, "LotNo": null, "Type": "Toilet", "Category": null, "layer": "Level1_TasekCentral_fixed", "path": "C:/Users/Stephanie/Documents/001 Tasek Mall/04 GIS/Floorplans/Floorplans FINAL/Level1_TasekCentral_fixed.shp" }, "geometry": { "type": "MultiPolygon", "coordinates": [ [ [ [ 103.65425525176002, 1.514414857764316 ], [ 103.654248372586878, 1.514421443691069 ], [ 103.654283648542531, 1.514458264614852 ], [ 103.654312993923753, 1.514430170173139 ], [ 103.654300544658469, 1.514417175040022 ], [ 103.654270220569529, 1.514385521318256 ], [ 103.654247752944116, 1.514407030144802 ], [ 103.654251502658042, 1.514410944273955 ], [ 103.65425525176002, 1.514414857764316 ] ] ] ] } },
{ "type": "Feature", "properties": { "id": null, "FloorLevel": "1", "Zone": "Orange", "ShopName": null, "LotNo": null, "Type": "Toilet", "Category": null, "layer": "Level1_TasekCentral_fixed", "path": "C:/Users/Stephanie/Documents/001 Tasek Mall/04 GIS/Floorplans/Floorplans FINAL/Level1_TasekCentral_fixed.shp" }, "geometry": { "type": "MultiPolygon", "coordinates": [ [ [ [ 103.654309215281501, 1.514408874595768 ], [ 103.654309712742403, 1.514408398379822 ], [ 103.654306928226262, 1.514411063978286 ], [ 103.654304143710164, 1.514413729576747 ], [ 103.654300544658454, 1.514417175040022 ], [ 103.654312993923753, 1.514430170173139 ], [ 103.654324754177168, 1.514418911237656 ], [ 103.654312304828238, 1.514405916731823 ], [ 103.654309215281501, 1.514408874595768 ] ] ] ] } },
{ "type": "Feature", "properties": { "id": null, "FloorLevel": "1", "Zone": "Orange", "ShopName": null, "LotNo": null, "Type": "Nursing Room", "Category": null, "layer": "Level1_TasekCentral_fixed", "path": "C:/Users/Stephanie/Documents/001 Tasek Mall/04 GIS/Floorplans/Floorplans FINAL/Level1_TasekCentral_fixed.shp" }, "geometry": { "type": "MultiPolygon", "coordinates": [ [ [ [ 103.65429524788388, 1.514388113165982 ], [ 103.654307748632348, 1.51437614530103 ], [ 103.654294479356622, 1.514362294875207 ], [ 103.654281978586198, 1.514374263040782 ], [ 103.654289000261713, 1.514381592071114 ], [ 103.654293701317002, 1.514386498902332 ], [ 103.65429524788388, 1.514388113165982 ] ] ] ] } },
{ "type": "Feature", "properties": { "id": null, "FloorLevel": "1", "Zone": "Yellow", "ShopName": null, "LotNo": null, "Type": "Back of House", "Category": "Stairs", "layer": "Level1_TasekCentral_fixed", "path": "C:/Users/Stephanie/Documents/001 Tasek Mall/04 GIS/Floorplans/Floorplans FINAL/Level1_TasekCentral_fixed.shp" }, "geometry": { "type": "MultiPolygon", "coordinates": [ [ [ [ 103.654747786684183, 1.514561290019256 ], [ 103.654732850747436, 1.514575536878437 ], [ 103.654741013175084, 1.514584078355796 ], [ 103.654720656628854, 1.514603517938282 ], [ 103.654776852300287, 1.514662323242746 ], [ 103.654811955345366, 1.514629106595655 ], [ 103.654823399977417, 1.51464109645591 ], [ 103.654823441481412, 1.514641058087308 ], [ 103.6547599630116, 1.514574046360958 ], [ 103.654756199988512, 1.514570104087817 ], [ 103.654756199988498, 1.514570104087829 ], [ 103.654747786684183, 1.514561290019256 ] ] ] ] } },
{ "type": "Feature", "properties": { "id": null, "FloorLevel": "1", "Zone": "Orange", "ShopName": null, "LotNo": null, "Type": "Back of House", "Category": null, "layer": "Level1_TasekCentral_fixed", "path": "C:/Users/Stephanie/Documents/001 Tasek Mall/04 GIS/Floorplans/Floorplans FINAL/Level1_TasekCentral_fixed.shp" }, "geometry": { "type": "MultiPolygon", "coordinates": [ [ [ [ 103.654582098299471, 1.513982333318926 ], [ 103.654582098299471, 1.513982333318926 ], [ 103.654582098299471, 1.513982333318927 ], [ 103.654582097842976, 1.513982333755976 ], [ 103.654329681157307, 1.51422399624281 ], [ 103.654334336372429, 1.514228855300062 ], [ 103.654346189481487, 1.514241227163836 ], [ 103.654598605881006, 1.51399956346556 ], [ 103.65458954387887, 1.51399010480416 ], [ 103.654584970804649, 1.513985331558578 ], [ 103.654582098299471, 1.513982333318926 ] ] ] ] } },
{ "type": "Feature", "properties": { "id": null, "FloorLevel": "1", "Zone": null, "ShopName": null, "LotNo": null, "Type": "Void", "Category": null, "layer": "Level1_TasekCentral_fixed", "path": "C:/Users/Stephanie/Documents/001 Tasek Mall/04 GIS/Floorplans/Floorplans FINAL/Level1_TasekCentral_fixed.shp" }, "geometry": { "type": "MultiPolygon", "coordinates": [ [ [ [ 103.654541142155622, 1.513750698481076 ], [ 103.654538509345741, 1.513748433837211 ], [ 103.654535396750148, 1.513746703141581 ], [ 103.654531853456305, 1.513745533688289 ], [ 103.654527935344106, 1.513744943920318 ], [ 103.654523704204493, 1.513744943138661 ], [ 103.654519226765061, 1.513745531355652 ], [ 103.654514573637726, 1.513746699294751 ], [ 103.654509818205071, 1.51374842853688 ], [ 103.654505035463117, 1.513750691810834 ], [ 103.654500300838535, 1.513753453423456 ], [ 103.654495688999219, 1.513756669822461 ], [ 103.654491272676609, 1.513760290283303 ], [ 103.65448712151877, 1.513764257709163 ], [ 103.654483300991942, 1.513768509531357 ], [ 103.654479871348101, 1.513772978696119 ], [ 103.654476886674786, 1.513777594722037 ], [ 103.654474394042111, 1.513782284811615 ], [ 103.654472432760329, 1.513786974999363 ], [ 103.654471033760075, 1.51379159131819 ], [ 103.654470219104383, 1.513796060966001 ], [ 103.654470001640888, 1.513800313453773 ], [ 103.654470384799126, 1.513804281717234 ], [ 103.654471362536427, 1.513807903174495 ], [ 103.654472919433317, 1.513811120713014 ], [ 103.654475030936581, 1.513813883590285 ], [ 103.654477663746562, 1.513816148234086 ], [ 103.654480776342268, 1.513817878929633 ], [ 103.654484319636197, 1.513819048382823 ], [ 103.654488237748495, 1.513819638150683 ], [ 103.654492468888179, 1.513819638932226 ], [ 103.654496946327654, 1.513819050715125 ], [ 103.654501599455017, 1.513817882775927 ], [ 103.654506354887687, 1.513816153533716 ], [ 103.654511137629626, 1.513813890259703 ], [ 103.654515872254137, 1.513811128647047 ], [ 103.654520484093396, 1.513807912248037 ], [ 103.654524900415907, 1.513804291787218 ], [ 103.654529051573647, 1.51380032436141 ], [ 103.654532872100376, 1.51379607253929 ], [ 103.654536301744116, 1.513791603374621 ], [ 103.654539286417332, 1.513786987348811 ], [ 103.65454177904995, 1.513782297259345 ], [ 103.654543740331647, 1.51377760707171 ], [ 103.654545139331873, 1.51377299075299 ], [ 103.654545953987537, 1.513768521105269 ], [ 103.654546171451031, 1.513764268617569 ], [ 103.65454578829285, 1.513760300354154 ], [ 103.654544810555606, 1.513756678896912 ], [ 103.654543253658787, 1.513753461358385 ], [ 103.654541142155622, 1.513750698481076 ] ] ] ] } },
{ "type": "Feature", "properties": { "id": null, "FloorLevel": "1", "Zone": null, "ShopName": null, "LotNo": null, "Type": "Carpark", "Category": null, "layer": "Level1_TasekCentral_fixed", "path": "C:/Users/Stephanie/Documents/001 Tasek Mall/04 GIS/Floorplans/Floorplans FINAL/Level1_TasekCentral_fixed.shp" }, "geometry": { "type": "MultiPolygon", "coordinates": [ [ [ [ 103.656123427367163, 1.514310919838422 ], [ 103.656050562697047, 1.514234581419924 ], [ 103.656070858109487, 1.514215150694739 ], [ 103.655722865308178, 1.51385192563683 ], [ 103.655698001210169, 1.513875730474962 ], [ 103.655647360882767, 1.513822873687999 ], [ 103.655474888413821, 1.513987997980177 ], [ 103.655450409777799, 1.514011434263483 ], [ 103.655425768858848, 1.514035025446181 ], [ 103.655407684599638, 1.514016149664636 ], [ 103.655379257209844, 1.514043365989229 ], [ 103.65538529250874, 1.514049665444538 ], [ 103.655387529255989, 1.514052016629986 ], [ 103.65535877870191, 1.514079348726568 ], [ 103.655358224110799, 1.514079969613801 ], [ 103.655358177324601, 1.514079920433898 ], [ 103.655340913386752, 1.514096481607865 ], [ 103.655400541152503, 1.514158950085827 ], [ 103.65542168989677, 1.514138777161297 ], [ 103.655470846603194, 1.514190275729822 ], [ 103.65544969766627, 1.514210448381028 ], [ 103.655499010316944, 1.514262111490781 ], [ 103.655476460875136, 1.514283619995476 ], [ 103.655726372098599, 1.51454544307203 ], [ 103.655749117232304, 1.514523748109786 ], [ 103.655821162857407, 1.514599228426035 ], [ 103.656112681518735, 1.514321169537883 ], [ 103.656123420175689, 1.514310926697857 ], [ 103.656123427367163, 1.514310919838422 ] ], [ [ 103.655769918501264, 1.513950796877523 ], [ 103.655752512674795, 1.513967460346675 ], [ 103.655731136574545, 1.513945147527603 ], [ 103.655748542397149, 1.513928484061978 ], [ 103.655769918501264, 1.513950796877523 ] ], [ [ 103.655569726086284, 1.514336277325321 ], [ 103.65556972608627, 1.514336277325314 ], [ 103.655545729229203, 1.514311232696611 ], [ 103.655580541630627, 1.514277901819369 ], [ 103.655604539417467, 1.514302948780056 ], [ 103.655604539638333, 1.514302951812473 ], [ 103.655625913795333, 1.514325262595613 ], [ 103.655591102142466, 1.51435858953379 ], [ 103.655569725808121, 1.514336277591625 ], [ 103.655569726086284, 1.514336277325321 ] ] ] ] } },
{ "type": "Feature", "properties": { "id": null, "FloorLevel": "1", "Zone": null, "ShopName": null, "LotNo": null, "Type": "Courtyard", "Category": null, "layer": "Level1_TasekCentral_fixed", "path": "C:/Users/Stephanie/Documents/001 Tasek Mall/04 GIS/Floorplans/Floorplans FINAL/Level1_TasekCentral_fixed.shp" }, "geometry": { "type": "MultiPolygon", "coordinates": [ [ [ [ 103.654998352429814, 1.513748501727895 ], [ 103.655008170446607, 1.513758749497975 ], [ 103.655008170686813, 1.513758749268021 ], [ 103.654998353375163, 1.513748502207324 ], [ 103.654998352429814, 1.513748501727895 ] ] ], [ [ [ 103.654765810040203, 1.513885101253771 ], [ 103.654768655120918, 1.51388774658421 ], [ 103.654780676226594, 1.513900293875684 ], [ 103.654765983055071, 1.513884957557117 ], [ 103.654765810040203, 1.513885101253771 ] ] ], [ [ [ 103.655152176192146, 1.513909058646653 ], [ 103.655133224771674, 1.513927200821719 ], [ 103.655133225682803, 1.513927201772732 ], [ 103.655152176192146, 1.513909058646653 ] ] ], [ [ [ 103.655198049159395, 1.513956939551949 ], [ 103.655210524790988, 1.513944995443868 ], [ 103.655271219864375, 1.51388688615786 ], [ 103.655271219851372, 1.513886886151261 ], [ 103.655247315725092, 1.513909771890176 ], [ 103.655198049159395, 1.513956939551948 ], [ 103.655198048134068, 1.513956938481736 ], [ 103.655198049159395, 1.513956939551949 ] ] ], [ [ [ 103.655173999697666, 1.513931837404338 ], [ 103.655182277075568, 1.513940477097159 ], [ 103.655151318291672, 1.513908163104371 ], [ 103.655152176192146, 1.513909058646653 ], [ 103.655173999697666, 1.513931837404338 ] ] ], [ [ [ 103.655155049186476, 1.513949980528339 ], [ 103.655133318029939, 1.513927298162048 ], [ 103.65513327458774, 1.51392725281833 ], [ 103.655143215696071, 1.513937629066938 ], [ 103.655155049186334, 1.513949980530381 ], [ 103.655185881256202, 1.51398216217521 ], [ 103.655155049186476, 1.513949980528339 ] ] ], [ [ [ 103.654793550031158, 1.514107704124233 ], [ 103.654838576313608, 1.514064595613705 ], [ 103.654920084375036, 1.514149670293059 ], [ 103.654988686108311, 1.514221274886104 ], [ 103.655012418464111, 1.514198553663266 ], [ 103.655163965660137, 1.514053463231719 ], [ 103.65516403221082, 1.514053255537366 ], [ 103.655168720355675, 1.514048767137566 ], [ 103.655163893712498, 1.514053388134756 ], [ 103.655155259849849, 1.514044376339255 ], [ 103.655154432650363, 1.514044754726298 ], [ 103.655153598983887, 1.514045118654017 ], [ 103.65515275910326, 1.514045468012013 ], [ 103.655151913263282, 1.514045802694303 ], [ 103.655151061720574, 1.514046122599359 ], [ 103.655150204733431, 1.514046427630135 ], [ 103.655149342561856, 1.514046717694098 ], [ 103.655148475467357, 1.514046992703253 ], [ 103.65514760371299, 1.514047252574174 ], [ 103.655146727563206, 1.514047497228027 ], [ 103.655145847283848, 1.514047726590593 ], [ 103.655144963141851, 1.514047940592294 ], [ 103.655144075405531, 1.51404813916821 ], [ 103.655143184344126, 1.514048322258102 ], [ 103.655142290227985, 1.514048489806427 ], [ 103.655141393328336, 1.514048641762358 ], [ 103.65514049391723, 1.514048778079797 ], [ 103.65513959226756, 1.514048898717393 ], [ 103.655138688652826, 1.514049003638547 ], [ 103.655137783347129, 1.514049092811433 ], [ 103.65513687662515, 1.514049166208997 ], [ 103.655135968761911, 1.514049223808973 ], [ 103.655135060032819, 1.514049265593891 ], [ 103.655134150713565, 1.514049291551071 ], [ 103.655133241080009, 1.514049301672641 ], [ 103.655132331408083, 1.51404929595553 ], [ 103.655131421973735, 1.514049274401472 ], [ 103.655130513052868, 1.514049237017007 ], [ 103.655129604921171, 1.514049183813474 ], [ 103.655128697854195, 1.514049114807014 ], [ 103.655127792127075, 1.514049030018561 ], [ 103.655126639816658, 1.514048714365779 ], [ 103.655126249025443, 1.514048561676977 ], [ 103.655125860944963, 1.514048402228814 ], [ 103.655125475692188, 1.514048236069357 ], [ 103.655125093383276, 1.514048063248692 ], [ 103.655124714133478, 1.514047883818917 ], [ 103.655124338057135, 1.514047697834119 ], [ 103.655123965267578, 1.514047505350364 ], [ 103.655123595877171, 1.514047306425674 ], [ 103.655123229997287, 1.514047101120014 ], [ 103.655122867738214, 1.514046889495274 ], [ 103.655122509209193, 1.514046671615246 ], [ 103.655122154518253, 1.514046447545611 ], [ 103.655121803772332, 1.514046217353913 ], [ 103.655121457077172, 1.514045981109541 ], [ 103.655121114537252, 1.514045738883713 ], [ 103.655120776255828, 1.514045490749444 ], [ 103.655120442334905, 1.514045236781534 ], [ 103.65512011287511, 1.514044977056542 ], [ 103.655119787975806, 1.514044711652761 ], [ 103.655119427106726, 1.5140441130229 ], [ 103.655119055904464, 1.514043520740581 ], [ 103.655118674480676, 1.514042934984027 ], [ 103.655118282950127, 1.514042355929497 ], [ 103.65511788143067, 1.514041783751234 ], [ 103.655117470043123, 1.514041218621411 ], [ 103.655117048911265, 1.514040660710081 ], [ 103.655116618161799, 1.514040110185124 ], [ 103.655116177924398, 1.514039567212198 ], [ 103.655115728331481, 1.514039031954689 ], [ 103.655115269518319, 1.51403850457366 ], [ 103.655114801623043, 1.514037985227805 ], [ 103.655114324786368, 1.5140374740734 ], [ 103.655113839151852, 1.514036971264255 ], [ 103.655113344865583, 1.51403647695167 ], [ 103.655112842076278, 1.514035991284389 ], [ 103.655112330935296, 1.514035514408553 ], [ 103.655111811596399, 1.514035046467657 ], [ 103.655111284215863, 1.51403458760251 ], [ 103.655110748952382, 1.514034137951188 ], [ 103.65511020596702, 1.514033697648996 ], [ 103.655109655423203, 1.514033266828423 ], [ 103.655109097486502, 1.514032845619109 ], [ 103.655108532324931, 1.514032434147797 ], [ 103.655107960108467, 1.514032032538305 ], [ 103.655107381009316, 1.51403164091148 ], [ 103.655106795201732, 1.514031259385165 ], [ 103.655106202861958, 1.514030888074164 ], [ 103.655105604168313, 1.51403052709021 ], [ 103.655104999300875, 1.514030176541926 ], [ 103.6551043884417, 1.514029836534793 ], [ 103.655103771774591, 1.514029507171124 ], [ 103.655103149485072, 1.514029188550028 ], [ 103.65510252176044, 1.514028880767378 ], [ 103.655101888789559, 1.514028583915792 ], [ 103.655101250762925, 1.514028298084593 ], [ 103.655100607872484, 1.514028023359791 ], [ 103.65509996031173, 1.514027759824053 ], [ 103.655099308275481, 1.514027507556679 ], [ 103.65509865195996, 1.514027266633579 ], [ 103.655097991562641, 1.514027037127249 ], [ 103.655097327282292, 1.514026819106748 ], [ 103.655096659318758, 1.514026612637682 ], [ 103.655095987873011, 1.514026417782178 ], [ 103.655095313147172, 1.514026234598872 ], [ 103.655094635344199, 1.514026063142883 ], [ 103.655093954668075, 1.514025903465804 ], [ 103.655093271323651, 1.514025755615685 ], [ 103.655092585516513, 1.514025619637013 ], [ 103.655091897453019, 1.514025495570707 ], [ 103.655091207340263, 1.514025383454099 ], [ 103.655090515385865, 1.514025283320927 ], [ 103.655089821798057, 1.51402519520132 ], [ 103.655089126785512, 1.514025119121795 ], [ 103.655088430557399, 1.514025055105245 ], [ 103.655087733323242, 1.514025003170933 ], [ 103.655087035292809, 1.514024963334486 ], [ 103.655086336676135, 1.514024935607892 ], [ 103.655085637683456, 1.514024919999494 ], [ 103.655084938525121, 1.514024916513989 ], [ 103.655084239411508, 1.514024925152424 ], [ 103.655083540552923, 1.514024945912203 ], [ 103.655082842159743, 1.514024978787076 ], [ 103.65508214444209, 1.514025023767152 ], [ 103.655081447609902, 1.514025080838896 ], [ 103.655080751872873, 1.514025149985134 ], [ 103.655080057440358, 1.514025231185061 ], [ 103.655079364521328, 1.514025324414241 ], [ 103.655078673324255, 1.514025429644623 ], [ 103.655077984057158, 1.514025546844539 ], [ 103.655077296927431, 1.514025675978725 ], [ 103.655076612141841, 1.514025817008324 ], [ 103.655075929906431, 1.514025969890896 ], [ 103.65507525042652, 1.514026134580439 ], [ 103.655074693239143, 1.514026081652577 ], [ 103.655074137054626, 1.514026019065523 ], [ 103.655073582040529, 1.51402594683813 ], [ 103.655073028364043, 1.51402586499216 ], [ 103.655072476191961, 1.514025773552266 ], [ 103.655071925690663, 1.514025672545996 ], [ 103.655071377025934, 1.514025562003778 ], [ 103.655070830363115, 1.514025441958914 ], [ 103.655070285866827, 1.514025312447567 ], [ 103.655069743701162, 1.514025173508753 ], [ 103.655069204029417, 1.514025025184328 ], [ 103.655068667014191, 1.514024867518975 ], [ 103.655068132817235, 1.514024700560192 ], [ 103.655067601599484, 1.514024524358274 ], [ 103.655067073520982, 1.514024338966304 ], [ 103.655066548740834, 1.514024144440132 ], [ 103.655066027417078, 1.514023940838358 ], [ 103.655065509706802, 1.514023728222319 ], [ 103.655064995765954, 1.514023506656066 ], [ 103.655064485749364, 1.514023276206348 ], [ 103.655063979810691, 1.514023036942585 ], [ 103.655063478102306, 1.51402278893686 ], [ 103.655062980775412, 1.514022532263883 ], [ 103.655062487979791, 1.514022267000979 ], [ 103.655061999863904, 1.514021993228057 ], [ 103.65506151657479, 1.514021711027595 ], [ 103.655061038258054, 1.514021420484606 ], [ 103.655060565057809, 1.514021121686615 ], [ 103.655060097116575, 1.514020814723638 ], [ 103.655059634575338, 1.514020499688147 ], [ 103.65505917757342, 1.514020176675049 ], [ 103.655058726248527, 1.514019845781652 ], [ 103.655058280736611, 1.514019507107638 ], [ 103.655057841171853, 1.514019160755035 ], [ 103.655057407686712, 1.514018806828183 ], [ 103.655056980411757, 1.514018445433702 ], [ 103.655056559475739, 1.514018076680463 ], [ 103.655056145005403, 1.514017700679557 ], [ 103.655055737125664, 1.514017317544252 ], [ 103.655055335959375, 1.514016927389971 ], [ 103.655054941627384, 1.514016530334249 ], [ 103.655054554248522, 1.514016126496699 ], [ 103.655054173939433, 1.51401571599898 ], [ 103.655053800814713, 1.514015298964755 ], [ 103.655053434986769, 1.514014875519656 ], [ 103.655053076565821, 1.514014445791248 ], [ 103.655052725659814, 1.51401400990899 ], [ 103.655052382374478, 1.514013568004189 ], [ 103.655052046813211, 1.514013120209974 ], [ 103.65505171907715, 1.514012666661241 ], [ 103.655051399264963, 1.514012207494626 ], [ 103.655051087473041, 1.514011742848453 ], [ 103.655050783795289, 1.514011272862698 ], [ 103.655050488323198, 1.514010797678946 ], [ 103.655050201145798, 1.514010317440348 ], [ 103.655049922349548, 1.514009832291577 ], [ 103.655049652018491, 1.514009342378786 ], [ 103.655049390234041, 1.514008847849562 ], [ 103.655049137075082, 1.514008348852884 ], [ 103.655048892617856, 1.514007845539077 ], [ 103.655048656936017, 1.514007338059765 ], [ 103.655048430100564, 1.514006826567828 ], [ 103.655048212179793, 1.514006311217354 ], [ 103.655048003239443, 1.514005792163595 ], [ 103.655047803342356, 1.514005269562919 ], [ 103.655047612548827, 1.514004743572757 ], [ 103.655047430916298, 1.514004214351569 ], [ 103.655047258499508, 1.514003682058782 ], [ 103.655047095350369, 1.514003146854753 ], [ 103.655046941518066, 1.514002608900713 ], [ 103.655046797048911, 1.514002068358723 ], [ 103.655046661986447, 1.514001525391621 ], [ 103.65504653637133, 1.51400098016298 ], [ 103.655046420241447, 1.514000432837051 ], [ 103.655046313631743, 1.513999883578717 ], [ 103.655046216574348, 1.513999332553444 ], [ 103.655046129098523, 1.513998779927232 ], [ 103.65504605123057, 1.513998225866558 ], [ 103.655045982994011, 1.513997670538338 ], [ 103.65504592440935, 1.513997114109865 ], [ 103.655045875494267, 1.513996556748765 ], [ 103.655045836263469, 1.513995998622944 ], [ 103.655045806728836, 1.513995439900539 ], [ 103.655045786899151, 1.51399488074987 ], [ 103.655045776780497, 1.513994321339379 ], [ 103.655045776375886, 1.513993761837592 ], [ 103.655045785685431, 1.513993202413062 ], [ 103.655045804706333, 1.513992643234314 ], [ 103.655045833432851, 1.513992084469806 ], [ 103.655045871856345, 1.513991526287866 ], [ 103.655045919965247, 1.513990968856647 ], [ 103.655045977745075, 1.513990412344079 ], [ 103.655046045178366, 1.513989856917812 ], [ 103.655046122244855, 1.51398930274517 ], [ 103.655046208921306, 1.513988749993101 ], [ 103.655046305181628, 1.513988198828121 ], [ 103.655046410996803, 1.513987649416271 ], [ 103.655046526334942, 1.513987101923063 ], [ 103.655046651161314, 1.513986556513432 ], [ 103.65504678543833, 1.513986013351683 ], [ 103.655046929125533, 1.513985472601446 ], [ 103.655047082179635, 1.513984934425624 ], [ 103.655047244554481, 1.513984398986344 ], [ 103.655047416201214, 1.513983866444909 ], [ 103.655047597068105, 1.513983336961748 ], [ 103.655047787100671, 1.51398281069637 ], [ 103.655047986241684, 1.513982287807314 ], [ 103.655048194431089, 1.513981768452102 ], [ 103.655048411606231, 1.513981252787192 ], [ 103.655048637701654, 1.51398074096793 ], [ 103.655048872649274, 1.513980233148502 ], [ 103.655049116378279, 1.513979729481891 ], [ 103.65504936881527, 1.513979230119827 ], [ 103.655049629884161, 1.513978735212746 ], [ 103.655049899506366, 1.51397824490974 ], [ 103.6550501776006, 1.513977759358514 ], [ 103.655050464083146, 1.513977278705342 ], [ 103.655050758867631, 1.513976803095022 ], [ 103.655051061865294, 1.513976332670834 ], [ 103.655051372984872, 1.513975867574494 ], [ 103.655051692132588, 1.513975407946114 ], [ 103.655052019212334, 1.513974953924158 ], [ 103.655052354125559, 1.513974505645402 ], [ 103.655052696771392, 1.513974063244892 ], [ 103.655053047046593, 1.513973626855902 ], [ 103.655053404845646, 1.513973196609896 ], [ 103.655053770060761, 1.513972772636487 ], [ 103.655054142581903, 1.513972355063398 ], [ 103.655054522296865, 1.513971944016424 ], [ 103.655054909091248, 1.513971539619394 ], [ 103.655055302848538, 1.513971141994135 ], [ 103.655055703450103, 1.513970751260433 ], [ 103.655056110775277, 1.513970367535995 ], [ 103.655056524701337, 1.513969990936423 ], [ 103.655056945103581, 1.513969621575167 ], [ 103.655057371855392, 1.513969259563499 ], [ 103.655057804828189, 1.513968905010475 ], [ 103.655058243891517, 1.513968558022906 ], [ 103.65505868891313, 1.513968218705322 ], [ 103.655059139758976, 1.513967887159946 ], [ 103.655059596293214, 1.513967563486655 ], [ 103.655060058378311, 1.513967247782957 ], [ 103.655060525875086, 1.51396694014396 ], [ 103.655060998642696, 1.513966640662339 ], [ 103.655061476538663, 1.513966349428316 ], [ 103.655061959419129, 1.513966066529625 ], [ 103.655062447138548, 1.513965792051491 ], [ 103.655062939549993, 1.5139655260766 ], [ 103.655063436505131, 1.513965268685078 ], [ 103.655063937854266, 1.513965019954467 ], [ 103.655064443446363, 1.513964779959696 ], [ 103.655064953129099, 1.513964548773065 ], [ 103.655065466748979, 1.513964326464219 ], [ 103.655065984151179, 1.51396411310013 ], [ 103.655066505179903, 1.513963908745074 ], [ 103.655067029678179, 1.513963713460614 ], [ 103.655067557487968, 1.51396352730558 ], [ 103.655068088450321, 1.513963350336052 ], [ 103.655068622405224, 1.513963182605343 ], [ 103.655069159191854, 1.513963024163981 ], [ 103.655069698648504, 1.513962875059699 ], [ 103.655070240612631, 1.513962735337413 ], [ 103.655070784921037, 1.513962605039216 ], [ 103.655071331409673, 1.513962484204361 ], [ 103.655071879913933, 1.513962372869249 ], [ 103.655072430268589, 1.513962271067421 ], [ 103.655072982307814, 1.513962178829544 ], [ 103.655073535865341, 1.513962096183406 ], [ 103.65507409077442, 1.513962023153904 ], [ 103.655074646867817, 1.513961959763038 ], [ 103.655075203978058, 1.513961906029906 ], [ 103.655075761937326, 1.513961861970694 ], [ 103.655076320577479, 1.513961827598675 ], [ 103.65507687973026, 1.513961802924204 ], [ 103.655077439227227, 1.513961787954714 ], [ 103.655077998899827, 1.513961782694716 ], [ 103.655078558579419, 1.513961787145793 ], [ 103.655079118097476, 1.513961801306604 ], [ 103.655079677285357, 1.513961825172884 ], [ 103.655080235974623, 1.513961858737443 ], [ 103.655080793997044, 1.513961901990168 ], [ 103.655081227424333, 1.513962022093355 ], [ 103.655081662878715, 1.513962134631 ], [ 103.655082100228029, 1.513962239568952 ], [ 103.655082539339546, 1.513962336875365 ], [ 103.655082980080039, 1.513962426520713 ], [ 103.655083422315755, 1.513962508477793 ], [ 103.655083865912502, 1.513962582721734 ], [ 103.65508431073566, 1.513962649230007 ], [ 103.655084756650254, 1.513962707982431 ], [ 103.655085203520954, 1.513962758961176 ], [ 103.65508565121219, 1.513962802150773 ], [ 103.65508609958809, 1.513962837538115 ], [ 103.655086548512628, 1.513962865112466 ], [ 103.65508699784948, 1.513962884865456 ], [ 103.655087447462378, 1.513962896791093 ], [ 103.655087897214855, 1.513962900885757 ], [ 103.655088346970487, 1.513962897148206 ], [ 103.655088796592722, 1.513962885579573 ], [ 103.655089245945149, 1.51396286618337 ], [ 103.655089694891416, 1.513962838965482 ], [ 103.655090143295283, 1.513962803934169 ], [ 103.655090591020695, 1.51396276110006 ], [ 103.655091037931783, 1.513962710476155 ], [ 103.655091483892932, 1.513962652077814 ], [ 103.655091928768798, 1.513962585922759 ], [ 103.655092372424377, 1.513962512031065 ], [ 103.65509281472508, 1.513962430425154 ], [ 103.655093255536656, 1.51396234112979 ], [ 103.655093694725366, 1.513962244172069 ], [ 103.655094132157913, 1.513962139581414 ], [ 103.655094567701568, 1.513962027389562 ], [ 103.655095001224169, 1.513961907630559 ], [ 103.655095432594166, 1.513961780340746 ], [ 103.655095861680635, 1.513961645558748 ], [ 103.655096288353405, 1.513961503325466 ], [ 103.655096712482973, 1.513961353684061 ], [ 103.655097133940643, 1.513961196679941 ], [ 103.655097552598548, 1.513961032360749 ], [ 103.655097968329599, 1.51396086077635 ], [ 103.655098148415647, 1.513960782751987 ], [ 103.655109906261004, 1.513949525848834 ], [ 103.655091450313805, 1.513929018814944 ], [ 103.655091450314927, 1.513929018816832 ], [ 103.655078650964228, 1.513940529952948 ], [ 103.654970591048126, 1.513826800823876 ], [ 103.654970589243078, 1.513794725947434 ], [ 103.654961590322657, 1.513785333127298 ], [ 103.654951066732366, 1.51377434889966 ], [ 103.654929345296097, 1.513751676675127 ], [ 103.654923538350857, 1.513757236216349 ], [ 103.654923537123821, 1.513757234935607 ], [ 103.654908151629527, 1.513772474682975 ], [ 103.654887283812542, 1.513793144818828 ], [ 103.654886685182419, 1.513792520034158 ], [ 103.654918931140642, 1.513826174839753 ], [ 103.654809782005159, 1.513930673667011 ], [ 103.654780676226594, 1.513900293875684 ], [ 103.654685335214182, 1.513991572889872 ], [ 103.654697063180976, 1.514003814210652 ], [ 103.654676425691065, 1.514023572440897 ], [ 103.654774501409022, 1.51412594116812 ], [ 103.654793550031158, 1.514107704124233 ] ] ], [ [ [ 103.655205306503277, 1.514013739794316 ], [ 103.655180574609318, 1.514037417951202 ], [ 103.655190084646733, 1.514028313102409 ], [ 103.65521412887918, 1.514005293308338 ], [ 103.655205306503277, 1.514013739794316 ] ] ] ] } },
{ "type": "Feature", "properties": { "id": null, "FloorLevel": "1", "Zone": "Orange", "ShopName": null, "LotNo": null, "Type": "Shop", "Category": "Unoccupied", "layer": "Level1_TasekCentral_fixed", "path": "C:/Users/Stephanie/Documents/001 Tasek Mall/04 GIS/Floorplans/Floorplans FINAL/Level1_TasekCentral_fixed.shp" }, "geometry": { "type": "MultiPolygon", "coordinates": [ [ [ [ 103.654202995218995, 1.514078240793177 ], [ 103.654449987953001, 1.513841836988913 ], [ 103.654438151833602, 1.513829479340985 ], [ 103.65443815011875, 1.51382948098277 ], [ 103.654385595913169, 1.513774626348174 ], [ 103.654384900144066, 1.513773906412042 ], [ 103.65435168143317, 1.51373919884209 ], [ 103.654351357648054, 1.51373919884209 ], [ 103.654023609018225, 1.514052983561354 ], [ 103.65401035034273, 1.514065677343722 ], [ 103.654009514538657, 1.514066477537901 ], [ 103.65393134311789, 1.514141318420817 ], [ 103.653955312272231, 1.514167416872298 ], [ 103.654034023435202, 1.514092059247834 ], [ 103.654034023435202, 1.514092059247834 ], [ 103.654078702171148, 1.51413869367958 ], [ 103.654092786629391, 1.514125209298669 ], [ 103.654122026861231, 1.514155737922311 ], [ 103.654202995218995, 1.514078240793177 ] ] ] ] } },
{ "type": "Feature", "properties": { "id": null, "FloorLevel": "1", "Zone": null, "ShopName": null, "LotNo": null, "Type": "Walkway", "Category": null, "layer": "Level1_TasekCentral_fixed", "path": "C:/Users/Stephanie/Documents/001 Tasek Mall/04 GIS/Floorplans/Floorplans FINAL/Level1_TasekCentral_fixed.shp" }, "geometry": { "type": "MultiPolygon", "coordinates": [ [ [ [ 103.654598956630963, 1.513961314150356 ], [ 103.654608840330368, 1.513971630476802 ], [ 103.65458954387887, 1.51399010480416 ], [ 103.654598605881006, 1.51399956346556 ], [ 103.654601860003737, 1.51399644801222 ], [ 103.654651087999156, 1.514047830620794 ], [ 103.654643738486925, 1.514040159434794 ], [ 103.654851602901914, 1.514257121669075 ], [ 103.654817027553108, 1.51429022391184 ], [ 103.654711735175354, 1.514391030570475 ], [ 103.654760479541096, 1.514442098830746 ], [ 103.654678043306788, 1.514520728789391 ], [ 103.654652487945114, 1.514545104199086 ], [ 103.654644564208596, 1.514552662077711 ], [ 103.65458084956218, 1.514486158575338 ], [ 103.654372256443494, 1.514268435105831 ], [ 103.654316032443035, 1.514322263703357 ], [ 103.654298785507194, 1.514338775839579 ], [ 103.654287886868758, 1.514349210145296 ], [ 103.654263211193609, 1.514323454388222 ], [ 103.65426321119314, 1.514323454387167 ], [ 103.654212963519257, 1.514371561276522 ], [ 103.654212960049108, 1.514371569931211 ], [ 103.654226238461149, 1.514358859316539 ], [ 103.654239353347435, 1.514346305234956 ], [ 103.654263217781718, 1.514323461265825 ], [ 103.65428788476774, 1.514349212156456 ], [ 103.65425090530907, 1.514384610062535 ], [ 103.654231177097671, 1.514403494529828 ], [ 103.654203510112779, 1.514429978241727 ], [ 103.654213209620153, 1.514440102175664 ], [ 103.654233995019666, 1.514420202819242 ], [ 103.654237744216715, 1.514424116218527 ], [ 103.654241493413764, 1.514428029617804 ], [ 103.654248372586878, 1.514421443691069 ], [ 103.65425525176002, 1.514414857764315 ], [ 103.654251502658042, 1.514410944273955 ], [ 103.654247752944116, 1.514407030144802 ], [ 103.654270220569529, 1.514385521318256 ], [ 103.654300544658454, 1.514417175040022 ], [ 103.654304143710164, 1.514413729576747 ], [ 103.654306928226262, 1.514411063978286 ], [ 103.654309712742403, 1.514408398379822 ], [ 103.654309215281501, 1.514408874595768 ], [ 103.654312304828238, 1.514405916731823 ], [ 103.65429524788388, 1.514388113165982 ], [ 103.654293701317002, 1.514386498902332 ], [ 103.654289000261713, 1.514381592071114 ], [ 103.654281978586198, 1.514374263040782 ], [ 103.654294479356622, 1.514362294875207 ], [ 103.654307748632348, 1.51437614530103 ], [ 103.65431201833384, 1.514380602001216 ], [ 103.654337254676605, 1.514406943611464 ], [ 103.654324754177168, 1.514418911237656 ], [ 103.654312993923753, 1.514430170173139 ], [ 103.654283648542531, 1.514458264614852 ], [ 103.654279995232173, 1.514461762191329 ], [ 103.654255984805459, 1.514484749097812 ], [ 103.654255984922102, 1.514484749219575 ], [ 103.65425036151035, 1.514490133117212 ], [ 103.654263788993944, 1.514504148153518 ], [ 103.654370140732084, 1.514615153571549 ], [ 103.654435961789275, 1.514552137691838 ], [ 103.654388112837523, 1.514502194289178 ], [ 103.654403771747155, 1.514487202539029 ], [ 103.65448796774939, 1.514575083980861 ], [ 103.654507984051577, 1.514595976438998 ], [ 103.65453355433749, 1.514622665989085 ], [ 103.65445207538032, 1.514700673470592 ], [ 103.654457871430424, 1.514706723141163 ], [ 103.654459220103135, 1.51470813082837 ], [ 103.654545977474427, 1.514798684480352 ], [ 103.654548318362572, 1.514796443327684 ], [ 103.654540060706026, 1.514787824217405 ], [ 103.65457979222063, 1.514749785496171 ], [ 103.654512531561892, 1.514679580704681 ], [ 103.654551936911318, 1.514641853246493 ], [ 103.654603706587565, 1.514695887547917 ], [ 103.654648328397371, 1.514697059355547 ], [ 103.654668491994528, 1.514678013794921 ], [ 103.654670847405256, 1.514675788987637 ], [ 103.65469558032278, 1.514652427467349 ], [ 103.654703539438088, 1.514585585287993 ], [ 103.654723885708719, 1.514566155518058 ], [ 103.654732850747436, 1.514575536878434 ], [ 103.654747786684183, 1.514561290019256 ], [ 103.654756199988498, 1.514570104087829 ], [ 103.654756199988512, 1.514570104087818 ], [ 103.654735610356767, 1.51454853367748 ], [ 103.654755028920562, 1.514530010999338 ], [ 103.654774447484428, 1.514511488321038 ], [ 103.654837435983993, 1.514451406435647 ], [ 103.6549004244836, 1.51439132454859 ], [ 103.654916470133074, 1.51437601932795 ], [ 103.654931731907112, 1.514361461810619 ], [ 103.65493251578259, 1.514360714107202 ], [ 103.654951623794787, 1.514380732436647 ], [ 103.65495162410997, 1.514380732136016 ], [ 103.654997178369442, 1.51442845705767 ], [ 103.655002011166843, 1.514423778782408 ], [ 103.655002140432231, 1.514423655490202 ], [ 103.655021853874572, 1.5144045796689 ], [ 103.655016105612063, 1.514398557094134 ], [ 103.655016105612063, 1.514398557094126 ], [ 103.655013796930504, 1.51439613824022 ], [ 103.655018413834583, 1.514391734676529 ], [ 103.655023031687321, 1.514387330208037 ], [ 103.655016533544554, 1.514380522006777 ], [ 103.655005111065719, 1.514368554504989 ], [ 103.655000493213066, 1.514372958973432 ], [ 103.654995875360441, 1.514377363441866 ], [ 103.654975319327789, 1.514355826579118 ], [ 103.654975319835273, 1.514355827110818 ], [ 103.65497531898842, 1.514355826902843 ], [ 103.654960578008854, 1.51434038341393 ], [ 103.654983434399142, 1.514318581975189 ], [ 103.655006290789402, 1.51429678053623 ], [ 103.655022474347703, 1.514281343940522 ], [ 103.655022350825831, 1.514281461761169 ], [ 103.655038238189832, 1.514266307688661 ], [ 103.655038410862304, 1.514266142986 ], [ 103.655110513670635, 1.514341681992111 ], [ 103.655244245819915, 1.514214105125071 ], [ 103.655244245819873, 1.514214105124672 ], [ 103.655197686191784, 1.514258502294288 ], [ 103.655190846892609, 1.514251337165955 ], [ 103.655184499298343, 1.514244687167682 ], [ 103.655176943012592, 1.514236770894926 ], [ 103.655139354705341, 1.514272622760298 ], [ 103.655134718483978, 1.514267765383533 ], [ 103.655128444955082, 1.514261192596928 ], [ 103.655123705291302, 1.514256227132205 ], [ 103.655109450575367, 1.514269823332475 ], [ 103.655103662214231, 1.514263759646602 ], [ 103.655098527103533, 1.514258380283172 ], [ 103.655073754883091, 1.514232429766004 ], [ 103.655132386203121, 1.514176499714005 ], [ 103.655191017523165, 1.514120569660562 ], [ 103.655192371071408, 1.514121987692874 ], [ 103.655215764728652, 1.514099673014216 ], [ 103.655239158385939, 1.514077358335328 ], [ 103.655257779550496, 1.514096866257149 ], [ 103.655238673820662, 1.514115090779195 ], [ 103.655250851016035, 1.514127848016382 ], [ 103.65526928117302, 1.51411026811838 ], [ 103.655275361435756, 1.51408124831522 ], [ 103.655322698362255, 1.514036246836517 ], [ 103.655335402950982, 1.514049601427278 ], [ 103.65536156807552, 1.51402472720342 ], [ 103.655379279427834, 1.514043344717772 ], [ 103.655407684599652, 1.514016149664636 ], [ 103.655425768858848, 1.514035025446181 ], [ 103.655450409777799, 1.514011434263482 ], [ 103.655585340651697, 1.513882251621581 ], [ 103.655585340660579, 1.51388225154444 ], [ 103.655550673940951, 1.513915441290658 ], [ 103.655526594741147, 1.513938494597671 ], [ 103.655474888413821, 1.513987997980177 ], [ 103.655426326703832, 1.513937310636503 ], [ 103.655452186624544, 1.513912559157941 ], [ 103.655478046545284, 1.513887807679097 ], [ 103.655490082794969, 1.51387628427518 ], [ 103.655502119044641, 1.513864760871201 ], [ 103.655530807414451, 1.513837351663082 ], [ 103.65553079270758, 1.513837365742722 ], [ 103.655555785647664, 1.513813487216528 ], [ 103.655576958734883, 1.513793216206001 ], [ 103.655598805521862, 1.51377230019841 ], [ 103.65558498990093, 1.513757811195413 ], [ 103.655577211459942, 1.513749653628284 ], [ 103.655570615401075, 1.51374276988609 ], [ 103.655567395671966, 1.513745852293997 ], [ 103.655553209574649, 1.513759433355243 ], [ 103.655535803748194, 1.513776096824267 ], [ 103.65551442732388, 1.513753783662861 ], [ 103.655548706403849, 1.513720966583003 ], [ 103.655523990341294, 1.513694757055446 ], [ 103.655499274278782, 1.513668547527571 ], [ 103.655247315725092, 1.513909771890176 ], [ 103.655210524790988, 1.513944995443868 ], [ 103.655198049159395, 1.513956939551949 ], [ 103.655078495309581, 1.513832152616933 ], [ 103.655173999697666, 1.513931837404338 ], [ 103.655173999697638, 1.513931837404351 ], [ 103.655173999697638, 1.513931837404338 ], [ 103.655152176192146, 1.513909058646653 ], [ 103.655133225682803, 1.513927201772735 ], [ 103.655133318029939, 1.513927298162048 ], [ 103.655155049186476, 1.513949980528339 ], [ 103.655155049186334, 1.513949980530381 ], [ 103.655185881256202, 1.51398216217521 ], [ 103.655175605634383, 1.513992000004629 ], [ 103.655190663629341, 1.514007717114742 ], [ 103.655195291498856, 1.514003286415447 ], [ 103.655205306503277, 1.514013739794316 ], [ 103.65521412887918, 1.514005293308338 ], [ 103.655227409824562, 1.514019155605 ], [ 103.655204705562795, 1.514040892519618 ], [ 103.655182001301071, 1.514062629434017 ], [ 103.655168720355675, 1.514048767137566 ], [ 103.65516403221082, 1.514053255537366 ], [ 103.655163965660137, 1.514053463231719 ], [ 103.655012418464111, 1.514198553663266 ], [ 103.654988686108311, 1.514221274886104 ], [ 103.654920084375036, 1.514149670293059 ], [ 103.654902447358282, 1.514166555873271 ], [ 103.654875057200954, 1.514192779055178 ], [ 103.65483441720535, 1.514150360151256 ], [ 103.654816318494582, 1.514131469217028 ], [ 103.654816318494156, 1.514131469216922 ], [ 103.654793578697863, 1.514107734045743 ], [ 103.654793550031158, 1.514107704124233 ], [ 103.654793550031158, 1.514107704124232 ], [ 103.654774501409022, 1.51412594116812 ], [ 103.654676425691065, 1.514023572440897 ], [ 103.654697063180976, 1.514003814210652 ], [ 103.654685335214182, 1.513991572889872 ], [ 103.654780676226594, 1.513900293875684 ], [ 103.654780675331651, 1.513900292941573 ], [ 103.654780677174941, 1.513900292967643 ], [ 103.654761063527133, 1.513879822692456 ], [ 103.654761063527147, 1.513879822692442 ], [ 103.654761063527161, 1.513879822692456 ], [ 103.654870206613452, 1.513775321505333 ], [ 103.654887283812542, 1.513793144818828 ], [ 103.654908151629527, 1.513772474682975 ], [ 103.654923537912552, 1.513757234154353 ], [ 103.654906874373367, 1.51373984282495 ], [ 103.654950260308169, 1.513698303527656 ], [ 103.654928428010138, 1.513675516582586 ], [ 103.654739583866743, 1.513856315048223 ], [ 103.654737251640185, 1.513858547910515 ], [ 103.654737251640185, 1.513858547910513 ], [ 103.654699459572129, 1.513894729851094 ], [ 103.654661585274468, 1.513855197725971 ], [ 103.654653622905499, 1.513846886829391 ], [ 103.654597909415799, 1.513788734656515 ], [ 103.654599801256978, 1.513766752757379 ], [ 103.65459289160971, 1.513759540589272 ], [ 103.654553810976751, 1.513718748912612 ], [ 103.654497087297358, 1.513724029003293 ], [ 103.654488474916818, 1.513732274371839 ], [ 103.654475363556514, 1.513744826998474 ], [ 103.65444985718365, 1.513769246430569 ], [ 103.654442613663406, 1.513825207609488 ], [ 103.654438151833602, 1.513829479340984 ], [ 103.654449987953001, 1.513841836988913 ], [ 103.654213447773444, 1.514068299242046 ], [ 103.654203065762829, 1.51407823892075 ], [ 103.654202995218995, 1.514078240793177 ], [ 103.654122026861231, 1.514155737922311 ], [ 103.654092786629391, 1.514125209298669 ], [ 103.654086193229887, 1.51413152178218 ], [ 103.654084832630019, 1.514132824412842 ], [ 103.654078702171148, 1.51413869367958 ], [ 103.654073710199768, 1.514143472964841 ], [ 103.654060624184766, 1.514156001441768 ], [ 103.654038208082838, 1.514132605224387 ], [ 103.654038284816551, 1.51413268422649 ], [ 103.654015945448378, 1.514109367010962 ], [ 103.654012923620712, 1.514112260091759 ], [ 103.65399352188588, 1.514130835203576 ], [ 103.654056059407168, 1.514196110140286 ], [ 103.654091568984683, 1.514162113471187 ], [ 103.654119657924568, 1.514191431930362 ], [ 103.654119658077335, 1.514191431784116 ], [ 103.654155680935517, 1.514229031794136 ], [ 103.654248952685791, 1.514139734771962 ], [ 103.654320075310935, 1.514213970099141 ], [ 103.654320075431855, 1.514213970043983 ], [ 103.65427259106221, 1.514164407131297 ], [ 103.654425762753277, 1.514017761534292 ], [ 103.654397868467044, 1.513988646223198 ], [ 103.654497113968574, 1.513893629071215 ], [ 103.654533802327052, 1.513858503815555 ], [ 103.65452278445683, 1.513847003673001 ], [ 103.654526120940886, 1.513843809339484 ], [ 103.654534648429575, 1.513835645163505 ], [ 103.654537411911619, 1.513832999419322 ], [ 103.654552039365058, 1.513818995166815 ], [ 103.654567896961126, 1.513835546879329 ], [ 103.654646163846039, 1.513917239650073 ], [ 103.654631536392259, 1.513931243902007 ], [ 103.654616348521415, 1.513944663206281 ], [ 103.654606464838992, 1.513934346897364 ], [ 103.654589072931614, 1.513950997823859 ], [ 103.654598956630963, 1.513961314150356 ] ], [ [ 103.654390444739974, 1.514499960921577 ], [ 103.654339051622657, 1.514446320257027 ], [ 103.654352379245623, 1.514433560468798 ], [ 103.654378075496396, 1.51446038150408 ], [ 103.654403771747155, 1.514487202539029 ], [ 103.654390444739974, 1.514499960921577 ] ], [ [ 103.65454578829285, 1.513760300354154 ], [ 103.654546171451031, 1.513764268617568 ], [ 103.654545953987537, 1.513768521105269 ], [ 103.654545139331873, 1.51377299075299 ], [ 103.654543740331647, 1.51377760707171 ], [ 103.65454177904995, 1.513782297259345 ], [ 103.654539286417318, 1.513786987348811 ], [ 103.654536301744102, 1.513791603374621 ], [ 103.654532872100376, 1.51379607253929 ], [ 103.654529051573647, 1.51380032436141 ], [ 103.654524900415907, 1.513804291787218 ], [ 103.654520484093382, 1.513807912248037 ], [ 103.654515872254137, 1.513811128647047 ], [ 103.654511137629626, 1.513813890259703 ], [ 103.654506354887687, 1.513816153533716 ], [ 103.654501599455017, 1.513817882775927 ], [ 103.654496946327654, 1.513819050715125 ], [ 103.654492468888179, 1.513819638932226 ], [ 103.654488237748495, 1.513819638150683 ], [ 103.654484319636182, 1.513819048382823 ], [ 103.654480776342268, 1.513817878929633 ], [ 103.654477663746562, 1.513816148234086 ], [ 103.654475030936595, 1.513813883590285 ], [ 103.654472919433331, 1.513811120713014 ], [ 103.654471362536427, 1.513807903174495 ], [ 103.65447038479914, 1.513804281717234 ], [ 103.654470001640888, 1.513800313453773 ], [ 103.654470219104383, 1.513796060966001 ], [ 103.654471033760075, 1.51379159131819 ], [ 103.654472432760329, 1.513786974999363 ], [ 103.654474394042111, 1.513782284811615 ], [ 103.654476886674786, 1.513777594722037 ], [ 103.654479871348116, 1.513772978696119 ], [ 103.654483300991956, 1.513768509531357 ], [ 103.65448712151877, 1.513764257709163 ], [ 103.654491272676609, 1.513760290283303 ], [ 103.654495688999219, 1.513756669822461 ], [ 103.654500300838535, 1.513753453423456 ], [ 103.654505035463117, 1.513750691810834 ], [ 103.654509818205071, 1.51374842853688 ], [ 103.654514573637726, 1.513746699294751 ], [ 103.654519226765046, 1.513745531355652 ], [ 103.654523704204493, 1.513744943138661 ], [ 103.654527935344106, 1.513744943920318 ], [ 103.654531853456305, 1.513745533688289 ], [ 103.654535396750134, 1.51374670314158 ], [ 103.654538509345741, 1.513748433837211 ], [ 103.654541142155622, 1.513750698481076 ], [ 103.654543253658787, 1.513753461358385 ], [ 103.654544810555606, 1.513756678896912 ], [ 103.65454578829285, 1.513760300354154 ] ], [ [ 103.655399505688834, 1.514006802677605 ], [ 103.655378522497656, 1.513894190568329 ], [ 103.655394481033213, 1.513891228167868 ], [ 103.655415464224347, 1.514003840277376 ], [ 103.655399505688834, 1.514006802677605 ] ], [ [ 103.654274407278621, 1.514109481977375 ], [ 103.654262979988118, 1.514120570090963 ], [ 103.654259805891002, 1.514117212334796 ], [ 103.654251693435882, 1.514108630478114 ], [ 103.654247812765959, 1.514104525265418 ], [ 103.654235148918843, 1.514091128664388 ], [ 103.654251595778391, 1.514075169969976 ], [ 103.654332771035001, 1.513996404105726 ], [ 103.654346686567763, 1.514011124818119 ], [ 103.654360602100539, 1.514025845530411 ], [ 103.654274924430752, 1.51410898017499 ], [ 103.654274407278621, 1.514109481977375 ] ], [ [ 103.654794930512324, 1.514401476182329 ], [ 103.654794413360236, 1.514401977984829 ], [ 103.654782986071083, 1.514413066100977 ], [ 103.654779811972659, 1.514409708345772 ], [ 103.654771699514242, 1.514401126491546 ], [ 103.654767818846167, 1.514397021283652 ], [ 103.654755154990454, 1.514383624682828 ], [ 103.654771601848097, 1.514367665984732 ], [ 103.654852777095215, 1.514288900102298 ], [ 103.654866692633618, 1.514303620810478 ], [ 103.654880608172107, 1.514318341518558 ], [ 103.654870644593373, 1.514328009368763 ], [ 103.654794930512324, 1.514401476182329 ] ], [ [ 103.654357915246749, 1.514364652246106 ], [ 103.654357416623185, 1.514364131796953 ], [ 103.654346398750945, 1.514352631653798 ], [ 103.65434973523594, 1.514349437320412 ], [ 103.654358262726973, 1.51434127314477 ], [ 103.654361026208889, 1.514338627401545 ], [ 103.654375653667259, 1.514324623148767 ], [ 103.65439151126624, 1.514341174862148 ], [ 103.654469778165506, 1.51442286763717 ], [ 103.65445515070769, 1.514436871888527 ], [ 103.654440523249903, 1.514450876139792 ], [ 103.654357915246749, 1.514364652246106 ] ], [ [ 103.654349513238685, 1.51448680384607 ], [ 103.654325767251336, 1.514509538117708 ], [ 103.654302021263959, 1.514532272388725 ], [ 103.654283731699564, 1.514513182250257 ], [ 103.654307477687027, 1.514490447979065 ], [ 103.6543300491156, 1.514468838223554 ], [ 103.654331223674518, 1.514467713707634 ], [ 103.654349513238685, 1.51448680384607 ] ] ], [ [ [ 103.655021853874572, 1.514404579668897 ], [ 103.655021853874572, 1.5144045796689 ], [ 103.655022024864209, 1.51440475881832 ], [ 103.655021853874572, 1.514404579668897 ] ] ] ] } },
{ "type": "Feature", "properties": { "id": null, "FloorLevel": "1", "Zone": "Green", "ShopName": null, "LotNo": null, "Type": "Lift", "Category": null, "layer": "Level1_TasekCentral_fixed", "path": "C:/Users/Stephanie/Documents/001 Tasek Mall/04 GIS/Floorplans/Floorplans FINAL/Level1_TasekCentral_fixed.shp" }, "geometry": { "type": "MultiPolygon", "coordinates": [ [ [ [ 103.655531566863857, 1.513737375122994 ], [ 103.655553209574649, 1.513759433355242 ], [ 103.655567395671966, 1.513745852293997 ], [ 103.655570615401075, 1.51374276988609 ], [ 103.655549239623141, 1.513720457411001 ], [ 103.655548707061854, 1.513720967280772 ], [ 103.655548706403849, 1.513720966583003 ], [ 103.655531566863857, 1.513737375122994 ] ] ] ] } },
{ "type": "Feature", "properties": { "id": null, "FloorLevel": "1", "Zone": null, "ShopName": null, "LotNo": null, "Type": "Back of House", "Category": null, "layer": "Level1_TasekCentral_fixed", "path": "C:/Users/Stephanie/Documents/001 Tasek Mall/04 GIS/Floorplans/Floorplans FINAL/Level1_TasekCentral_fixed.shp" }, "geometry": { "type": "MultiPolygon", "coordinates": [ [ [ [ 103.655484715049397, 1.51365310829399 ], [ 103.655484715066947, 1.513653108312308 ], [ 103.655484719262347, 1.513653112691368 ], [ 103.655484715084469, 1.513653108260941 ], [ 103.655484715049397, 1.51365310829399 ] ] ], [ [ [ 103.655387441513341, 1.514052100043705 ], [ 103.655387529255989, 1.514052016629986 ], [ 103.655387528680521, 1.514052016897947 ], [ 103.655387441513341, 1.514052100043705 ] ] ], [ [ [ 103.654358425086599, 1.514196476620675 ], [ 103.654358425737684, 1.514196476323675 ], [ 103.654547192617898, 1.514015751794946 ], [ 103.654358425086599, 1.514196476620675 ] ] ], [ [ [ 103.654200662166275, 1.514427005555888 ], [ 103.65419366261176, 1.514419698430653 ], [ 103.654193662288989, 1.514419699235655 ], [ 103.654203510098199, 1.514429978226501 ], [ 103.654200662166275, 1.514427005555888 ] ] ], [ [ [ 103.654947638641858, 1.514440787938573 ], [ 103.654958600499043, 1.514452272006631 ], [ 103.654958600499114, 1.514452272006603 ], [ 103.654919532580408, 1.514411342934781 ], [ 103.654947638641858, 1.514440787938573 ] ] ] ] } },
{ "type": "Feature", "properties": { "id": null, "FloorLevel": "1", "Zone": "Green", "ShopName": null, "LotNo": null, "Type": "Lift", "Category": null, "layer": "Level1_TasekCentral_fixed", "path": "C:/Users/Stephanie/Documents/001 Tasek Mall/04 GIS/Floorplans/Floorplans FINAL/Level1_TasekCentral_fixed.shp" }, "geometry": { "type": "MultiPolygon", "coordinates": [ [ [ [ 103.655553209574649, 1.513759433355242 ], [ 103.655531566863857, 1.513737375122994 ], [ 103.65551442732388, 1.513753783662861 ], [ 103.655535803748194, 1.513776096824267 ], [ 103.655553209574649, 1.513759433355242 ] ] ] ] } },
{ "type": "Feature", "properties": { "id": null, "FloorLevel": "1", "Zone": "Purple", "ShopName": null, "LotNo": null, "Type": "Lift", "Category": null, "layer": "Level1_TasekCentral_fixed", "path": "C:/Users/Stephanie/Documents/001 Tasek Mall/04 GIS/Floorplans/Floorplans FINAL/Level1_TasekCentral_fixed.shp" }, "geometry": { "type": "MultiPolygon", "coordinates": [ [ [ [ 103.655587131912768, 1.514319613856139 ], [ 103.655574269999789, 1.5143319272094 ], [ 103.655569726086298, 1.514336277325315 ], [ 103.655591101598219, 1.514358588965721 ], [ 103.655591102142466, 1.51435858953379 ], [ 103.65560850796885, 1.514341926064743 ], [ 103.655587131912768, 1.514319613856139 ] ] ] ] } },
{ "type": "Feature", "properties": { "id": null, "FloorLevel": "1", "Zone": "Purple", "ShopName": null, "LotNo": null, "Type": "Lift", "Category": null, "layer": "Level1_TasekCentral_fixed", "path": "C:/Users/Stephanie/Documents/001 Tasek Mall/04 GIS/Floorplans/Floorplans FINAL/Level1_TasekCentral_fixed.shp" }, "geometry": { "type": "MultiPolygon", "coordinates": [ [ [ [ 103.655587131912768, 1.514319613856139 ], [ 103.65560850796885, 1.514341926064736 ], [ 103.655625913795333, 1.514325262595613 ], [ 103.655604538017414, 1.514302950120524 ], [ 103.655587131912768, 1.514319613856139 ] ] ] ] } },
{ "type": "Feature", "properties": { "id": null, "FloorLevel": "1", "Zone": null, "ShopName": null, "LotNo": null, "Type": "Back of House", "Category": null, "layer": "Level1_TasekCentral_fixed", "path": "C:/Users/Stephanie/Documents/001 Tasek Mall/04 GIS/Floorplans/Floorplans FINAL/Level1_TasekCentral_fixed.shp" }, "geometry": { "type": "MultiPolygon", "coordinates": [ [ [ [ 103.655748542397149, 1.513928484061978 ], [ 103.655731136574545, 1.513945147527603 ], [ 103.655752512674795, 1.513967460346675 ], [ 103.655769918501264, 1.513950796877523 ], [ 103.655748542397149, 1.513928484061978 ] ] ] ] } },
{ "type": "Feature", "properties": { "id": null, "FloorLevel": "1", "Zone": null, "ShopName": null, "LotNo": null, "Type": "Carpark", "Category": null, "layer": "Level1_TasekCentral_fixed", "path": "C:/Users/Stephanie/Documents/001 Tasek Mall/04 GIS/Floorplans/Floorplans FINAL/Level1_TasekCentral_fixed.shp" }, "geometry": { "type": "MultiPolygon", "coordinates": [ [ [ [ 103.65560364056833, 1.514303809293469 ], [ 103.655604538017414, 1.514302950120525 ], [ 103.655604538017414, 1.514302950120525 ], [ 103.65560364056833, 1.514303809293469 ] ] ] ] } },
{ "type": "Feature", "properties": { "id": null, "FloorLevel": "1", "Zone": "Purple", "ShopName": null, "LotNo": null, "Type": "Walkway", "Category": null, "layer": "Level1_TasekCentral_fixed", "path": "C:/Users/Stephanie/Documents/001 Tasek Mall/04 GIS/Floorplans/Floorplans FINAL/Level1_TasekCentral_fixed.shp" }, "geometry": { "type": "MultiPolygon", "coordinates": [ [ [ [ 103.655604539638333, 1.514302951812473 ], [ 103.655604539417467, 1.514302948780056 ], [ 103.655580541630627, 1.514277901819369 ], [ 103.655545729229203, 1.514311232696611 ], [ 103.65556972608627, 1.514336277325314 ], [ 103.655569726086284, 1.514336277325321 ], [ 103.65560364056833, 1.514303809293469 ], [ 103.655604538017414, 1.514302950120525 ], [ 103.655604538017414, 1.514302950120524 ], [ 103.655604539638333, 1.514302951812473 ] ] ] ] } },
{ "type": "Feature", "properties": { "id": null, "FloorLevel": "1", "Zone": "Pink", "ShopName": null, "LotNo": null, "Type": "Toilet", "Category": null, "layer": "Level1_TasekCentral_fixed", "path": "C:/Users/Stephanie/Documents/001 Tasek Mall/04 GIS/Floorplans/Floorplans FINAL/Level1_TasekCentral_fixed.shp" }, "geometry": { "type": "MultiPolygon", "coordinates": [ [ [ [ 103.655032681194214, 1.514415923677883 ], [ 103.655022024864209, 1.514404758818319 ], [ 103.655021853874572, 1.514404579668897 ], [ 103.655022024864209, 1.51440475881832 ], [ 103.654997178369442, 1.514428457057673 ], [ 103.655007836058715, 1.514439622586236 ], [ 103.655032681194214, 1.514415923677883 ] ] ] ] } },
{ "type": "Feature", "properties": { "id": null, "FloorLevel": "2", "Zone": null, "ShopName": null, "LotNo": null, "Type": "Escalator", "Category": null, "layer": "Level1_TasekCentral_fixed", "path": "C:/Users/Stephanie/Documents/001 Tasek Mall/04 GIS/Floorplans/Floorplans FINAL/Level1_TasekCentral_fixed.shp" }, "geometry": { "type": "MultiPolygon", "coordinates": [ [ [ [ 103.655200854050094, 1.513750001431394 ], [ 103.655195339947014, 1.513755280617221 ], [ 103.655189825843991, 1.513760559803035 ], [ 103.655252878992243, 1.513826372777624 ], [ 103.655252878992286, 1.513826372777626 ], [ 103.655258393095295, 1.513821093591982 ], [ 103.655263907198375, 1.513815814406325 ], [ 103.655200854050094, 1.513750001431394 ] ] ] ] } },
{ "type": "Feature", "properties": { "id": null, "FloorLevel": "2", "Zone": null, "ShopName": null, "LotNo": null, "Type": "Escalator", "Category": null, "layer": "Level1_TasekCentral_fixed", "path": "C:/Users/Stephanie/Documents/001 Tasek Mall/04 GIS/Floorplans/Floorplans FINAL/Level1_TasekCentral_fixed.shp" }, "geometry": { "type": "MultiPolygon", "coordinates": [ [ [ [ 103.655189825843991, 1.513760559803035 ], [ 103.655184311740896, 1.513765838988818 ], [ 103.655178797637831, 1.513771118174588 ], [ 103.655241850786112, 1.513836931148872 ], [ 103.655247364889178, 1.513831651963256 ], [ 103.655252878992286, 1.513826372777626 ], [ 103.655252878992243, 1.513826372777624 ], [ 103.655189825843991, 1.513760559803035 ] ] ] ] } },
{ "type": "Feature", "properties": { "id": null, "FloorLevel": "1", "Zone": "Green", "ShopName": "The Store", "LotNo": null, "Type": "Shop", "Category": "Department Store", "layer": "Level1_TasekCentral_fixed", "path": "C:/Users/Stephanie/Documents/001 Tasek Mall/04 GIS/Floorplans/Floorplans FINAL/Level1_TasekCentral_fixed.shp" }, "geometry": { "type": "MultiPolygon", "coordinates": [ [ [ [ 103.65518336797696, 1.513941615752344 ], [ 103.655198049159395, 1.513956939551949 ], [ 103.655247315725092, 1.513909771890176 ], [ 103.655499395543401, 1.513668431429184 ], [ 103.655484715066947, 1.513653108312308 ], [ 103.655484715010346, 1.513653108331927 ], [ 103.655484715084484, 1.513653108260941 ], [ 103.655249608515362, 1.513407709702764 ], [ 103.654950260117133, 1.513698303685359 ], [ 103.65518336797696, 1.513941615752344 ] ], [ [ 103.655178797637831, 1.513771118174588 ], [ 103.655184311740896, 1.513765838988818 ], [ 103.655189825843991, 1.513760559803035 ], [ 103.655195339947014, 1.513755280617221 ], [ 103.655200854050094, 1.513750001431394 ], [ 103.655218553393894, 1.51376847547277 ], [ 103.655263907198375, 1.513815814406325 ], [ 103.655252878992243, 1.513826372777624 ], [ 103.655243599601832, 1.51383525683799 ], [ 103.655241850786112, 1.513836931148872 ], [ 103.655178797637831, 1.513771118174588 ] ] ] ] } },
{ "type": "Feature", "properties": { "id": null, "FloorLevel": "2", "Zone": "Orange", "ShopName": "Wan To Play", "LotNo": "2-71", "Type": "Shop", "Category": "Entertainment and Leisure", "layer": "Level2_TasekCentral_fixed", "path": "C:/Users/Stephanie/Documents/001 Tasek Mall/04 GIS/Floorplans/Floorplans FINAL/Level2_TasekCentral_fixed.shp" }, "geometry": { "type": "MultiPolygon", "coordinates": [ [ [ [ 103.65464391172533, 1.514046852426614 ], [ 103.654598605881006, 1.51399956346556 ], [ 103.654497113968574, 1.513893629071215 ], [ 103.654397868445827, 1.513988646243535 ], [ 103.654425762646355, 1.514017761422687 ], [ 103.654272590979289, 1.5141644072107 ], [ 103.654397774938573, 1.514295070680283 ], [ 103.654650192128628, 1.51405340773416 ], [ 103.65464391172533, 1.514046852426614 ] ] ] ] } },
{ "type": "Feature", "properties": { "id": null, "FloorLevel": "2", "Zone": "Orange", "ShopName": null, "LotNo": null, "Type": "Back of House", "Category": null, "layer": "Level2_TasekCentral_fixed", "path": "C:/Users/Stephanie/Documents/001 Tasek Mall/04 GIS/Floorplans/Floorplans FINAL/Level2_TasekCentral_fixed.shp" }, "geometry": { "type": "MultiPolygon", "coordinates": [ [ [ [ 103.654569776479732, 1.513969472151782 ], [ 103.654606464838992, 1.513934346897364 ], [ 103.65453380232708, 1.513858503815554 ], [ 103.654497113968574, 1.513893629071215 ], [ 103.654569776479732, 1.513969472151782 ] ] ] ] } },
{ "type": "Feature", "properties": { "id": null, "FloorLevel": "2", "Zone": null, "ShopName": null, "LotNo": null, "Type": "Escalator", "Category": null, "layer": "Level2_TasekCentral_fixed", "path": "C:/Users/Stephanie/Documents/001 Tasek Mall/04 GIS/Floorplans/Floorplans FINAL/Level2_TasekCentral_fixed.shp" }, "geometry": { "type": "MultiPolygon", "coordinates": [ [ [ [ 103.654631536392259, 1.513931243902007 ], [ 103.654537411911619, 1.513832999419322 ], [ 103.654534648429575, 1.513835645163506 ], [ 103.654526120940886, 1.513843809339484 ], [ 103.65452278445683, 1.513847003673001 ], [ 103.654533802327052, 1.513858503815555 ], [ 103.654534300950516, 1.51385902426468 ], [ 103.654616908938522, 1.513945248153851 ], [ 103.654616908938522, 1.513945248153851 ], [ 103.654631536392259, 1.513931243902007 ] ] ] ] } },
{ "type": "Feature", "properties": { "id": null, "FloorLevel": "2", "Zone": "Pink", "ShopName": "Fortune House Design", "LotNo": "2-70", "Type": "Shop", "Category": "Home", "layer": "Level2_TasekCentral_fixed", "path": "C:/Users/Stephanie/Documents/001 Tasek Mall/04 GIS/Floorplans/Floorplans FINAL/Level2_TasekCentral_fixed.shp" }, "geometry": { "type": "MultiPolygon", "coordinates": [ [ [ [ 103.654928428010138, 1.513675516582586 ], [ 103.654915582627723, 1.513687814689809 ], [ 103.654739435187963, 1.5138564573926 ], [ 103.654699459572129, 1.513894729851094 ], [ 103.654741095504662, 1.51393818826395 ], [ 103.654780676226594, 1.513900293875684 ], [ 103.654809782005159, 1.513930673667011 ], [ 103.654961590322657, 1.513785333127298 ], [ 103.654929345296097, 1.513751676675127 ], [ 103.654923538350857, 1.513757236216349 ], [ 103.654906873454607, 1.513739841866018 ], [ 103.654950259798483, 1.513698303990457 ], [ 103.654928428010138, 1.513675516582586 ] ] ] ] } },
{ "type": "Feature", "properties": { "id": null, "FloorLevel": "2", "Zone": "Pink", "ShopName": null, "LotNo": null, "Type": "Back of House", "Category": "Stairs", "layer": "Level2_TasekCentral_fixed", "path": "C:/Users/Stephanie/Documents/001 Tasek Mall/04 GIS/Floorplans/Floorplans FINAL/Level2_TasekCentral_fixed.shp" }, "geometry": { "type": "MultiPolygon", "coordinates": [ [ [ [ 103.654951066732366, 1.51377434889966 ], [ 103.654961590322657, 1.513785333127298 ], [ 103.654970591048141, 1.513794727831508 ], [ 103.655008170446607, 1.513758749497981 ], [ 103.654950259798369, 1.513698303990333 ], [ 103.654906873454607, 1.513739841866018 ], [ 103.654923538350857, 1.513757236216349 ], [ 103.654929345296097, 1.513751676675127 ], [ 103.654951066732366, 1.51377434889966 ] ] ] ] } },
{ "type": "Feature", "properties": { "id": null, "FloorLevel": "2", "Zone": "Orange", "ShopName": "Mr DIY", "LotNo": "2-58", "Type": "Shop", "Category": "Digital and Gadget", "layer": "Level2_TasekCentral_fixed", "path": "C:/Users/Stephanie/Documents/001 Tasek Mall/04 GIS/Floorplans/Floorplans FINAL/Level2_TasekCentral_fixed.shp" }, "geometry": { "type": "MultiPolygon", "coordinates": [ [ [ [ 103.654449987953001, 1.513841836988913 ], [ 103.65443815011875, 1.513829480982771 ], [ 103.654385595913169, 1.513774626348174 ], [ 103.654385441275551, 1.513774774397379 ], [ 103.654374535430719, 1.513763391175812 ], [ 103.654353847648721, 1.513741797836496 ], [ 103.654351357648068, 1.513739198842091 ], [ 103.653957991495474, 1.514115805414915 ], [ 103.65394076464014, 1.514132298309194 ], [ 103.653940446862478, 1.514151900767764 ], [ 103.653955312272231, 1.514167416872298 ], [ 103.654034023434903, 1.514092059248185 ], [ 103.654078702171148, 1.51413869367958 ], [ 103.654084832630019, 1.514132824412842 ], [ 103.654147265669508, 1.514073051371943 ], [ 103.654153496205112, 1.514079554633143 ], [ 103.654203065762829, 1.51407823892075 ], [ 103.654213447773429, 1.514068299242046 ], [ 103.654449987953001, 1.513841836988913 ] ] ] ] } },
{ "type": "Feature", "properties": { "id": null, "FloorLevel": "2", "Zone": "Orange", "ShopName": null, "LotNo": null, "Type": "Shop", "Category": "Unoccupied", "layer": "Level2_TasekCentral_fixed", "path": "C:/Users/Stephanie/Documents/001 Tasek Mall/04 GIS/Floorplans/Floorplans FINAL/Level2_TasekCentral_fixed.shp" }, "geometry": { "type": "MultiPolygon", "coordinates": [ [ [ [ 103.654045234702238, 1.514206473650987 ], [ 103.654031309000473, 1.514219806038857 ], [ 103.653995514587137, 1.514254075406968 ], [ 103.654192622930026, 1.514459811629806 ], [ 103.654217812794769, 1.514435694998786 ], [ 103.654205265792029, 1.514422598785609 ], [ 103.654276130324462, 1.514354753489715 ], [ 103.654091568984683, 1.514162113471187 ], [ 103.654045234702238, 1.514206473650987 ] ] ] ] } },
{ "type": "Feature", "properties": { "id": null, "FloorLevel": "2", "Zone": "Yellow", "ShopName": "OC Sports", "LotNo": "2-44", "Type": "Shop", "Category": "Fashion, Accessories and Footwear", "layer": "Level2_TasekCentral_fixed", "path": "C:/Users/Stephanie/Documents/001 Tasek Mall/04 GIS/Floorplans/Floorplans FINAL/Level2_TasekCentral_fixed.shp" }, "geometry": { "type": "MultiPolygon", "coordinates": [ [ [ [ 103.654430760091003, 1.514515372224377 ], [ 103.654420550691071, 1.514525146644777 ], [ 103.654408343292985, 1.514536833937032 ], [ 103.654359754065212, 1.51458335298178 ], [ 103.654394020468146, 1.51461911929829 ], [ 103.654368582560821, 1.514643473402368 ], [ 103.654390999340734, 1.51466687141195 ], [ 103.654390999333827, 1.51466687141944 ], [ 103.654549554624865, 1.514832366987757 ], [ 103.654645998566238, 1.514740032129755 ], [ 103.654430760091003, 1.514515372224377 ] ] ] ] } },
{ "type": "Feature", "properties": { "id": null, "FloorLevel": "2", "Zone": "Pink", "ShopName": "Starbucks", "LotNo": "2-34", "Type": "Shop", "Category": "Food and Beverage", "layer": "Level2_TasekCentral_fixed", "path": "C:/Users/Stephanie/Documents/001 Tasek Mall/04 GIS/Floorplans/Floorplans FINAL/Level2_TasekCentral_fixed.shp" }, "geometry": { "type": "MultiPolygon", "coordinates": [ [ [ [ 103.655017085730108, 1.51428648401681 ], [ 103.655037273863513, 1.51430763392634 ], [ 103.655037273863513, 1.514307633926346 ], [ 103.655037273863528, 1.51430763392634 ], [ 103.655044629084657, 1.51431533955513 ], [ 103.655081457679742, 1.514353922688707 ], [ 103.655152382428867, 1.514286270468551 ], [ 103.655134718675015, 1.51426776520132 ], [ 103.655157995297103, 1.514245562581964 ], [ 103.655111287098919, 1.514196629171841 ], [ 103.655017085730108, 1.51428648401681 ] ] ] ] } },
{ "type": "Feature", "properties": { "id": null, "FloorLevel": "2", "Zone": "Yellow", "ShopName": null, "LotNo": null, "Type": "Shop", "Category": "Unoccupied", "layer": "Level2_TasekCentral_fixed", "path": "C:/Users/Stephanie/Documents/001 Tasek Mall/04 GIS/Floorplans/Floorplans FINAL/Level2_TasekCentral_fixed.shp" }, "geometry": { "type": "MultiPolygon", "coordinates": [ [ [ [ 103.654703528298427, 1.514585573617633 ], [ 103.654693254212717, 1.514645415731546 ], [ 103.654687891482027, 1.514650776588493 ], [ 103.654682404701802, 1.514754007204346 ], [ 103.654689513789577, 1.514761454896369 ], [ 103.654784723666907, 1.51467063717546 ], [ 103.654703528298427, 1.514585573617633 ] ] ] ] } },
{ "type": "Feature", "properties": { "id": null, "FloorLevel": "2", "Zone": "Pink", "ShopName": "VIVO", "LotNo": "2-85", "Type": "Shop", "Category": "Digital and Gadget", "layer": "Level2_TasekCentral_fixed", "path": "C:/Users/Stephanie/Documents/001 Tasek Mall/04 GIS/Floorplans/Floorplans FINAL/Level2_TasekCentral_fixed.shp" }, "geometry": { "type": "MultiPolygon", "coordinates": [ [ [ [ 103.654724461369142, 1.514074947796936 ], [ 103.654769866062622, 1.514031477569564 ], [ 103.654720444160247, 1.513979892382924 ], [ 103.654675039467051, 1.514023362610927 ], [ 103.654724461369142, 1.514074947796936 ] ] ] ] } },
{ "type": "Feature", "properties": { "id": null, "FloorLevel": "2", "Zone": "Yellow", "ShopName": "Colegacy", "LotNo": "2-91", "Type": "Shop", "Category": "Fashion, Accessories and Footwear", "layer": "Level2_TasekCentral_fixed", "path": "C:/Users/Stephanie/Documents/001 Tasek Mall/04 GIS/Floorplans/Floorplans FINAL/Level2_TasekCentral_fixed.shp" }, "geometry": { "type": "MultiPolygon", "coordinates": [ [ [ [ 103.654711639938881, 1.514391121409685 ], [ 103.654720976185686, 1.514382182940606 ], [ 103.654643715733684, 1.514301540623272 ], [ 103.654526580356091, 1.514413685356608 ], [ 103.654600708528633, 1.514491058284053 ], [ 103.654652487945114, 1.514545104199087 ], [ 103.65476047954111, 1.514442098830746 ], [ 103.654711639938881, 1.514391121409685 ] ] ] ] } },
{ "type": "Feature", "properties": { "id": null, "FloorLevel": "2", "Zone": "Pink", "ShopName": "U Network", "LotNo": "2-102B", "Type": "Shop", "Category": "Digital and Gadget", "layer": "Level2_TasekCentral_fixed", "path": "C:/Users/Stephanie/Documents/001 Tasek Mall/04 GIS/Floorplans/Floorplans FINAL/Level2_TasekCentral_fixed.shp" }, "geometry": { "type": "MultiPolygon", "coordinates": [ [ [ [ 103.654909322026597, 1.514228543733148 ], [ 103.654954348631406, 1.514185435516718 ], [ 103.654920083805465, 1.514149670838393 ], [ 103.654875057200954, 1.514192779055178 ], [ 103.654909322026597, 1.514228543733148 ] ] ] ] } },
{ "type": "Feature", "properties": { "id": null, "FloorLevel": "2", "Zone": "Blue", "ShopName": "YFS Concept Store", "LotNo": "2-29", "Type": "Shop", "Category": "Fashion, Accessories and Footwear", "layer": "Level2_TasekCentral_fixed", "path": "C:/Users/Stephanie/Documents/001 Tasek Mall/04 GIS/Floorplans/Floorplans FINAL/Level2_TasekCentral_fixed.shp" }, "geometry": { "type": "MultiPolygon", "coordinates": [ [ [ [ 103.655875273569634, 1.514204443125261 ], [ 103.655773214919819, 1.514302154185879 ], [ 103.655929091842964, 1.514465457791586 ], [ 103.656031634370692, 1.514367647036454 ], [ 103.655875273569634, 1.514204443125261 ] ] ] ] } },
{ "type": "Feature", "properties": { "id": null, "FloorLevel": "2", "Zone": "Green", "ShopName": "Sacci Collectoin", "LotNo": "2-17", "Type": "Shop", "Category": "Fashion, Accessories and Footwear", "layer": "Level2_TasekCentral_fixed", "path": "C:/Users/Stephanie/Documents/001 Tasek Mall/04 GIS/Floorplans/Floorplans FINAL/Level2_TasekCentral_fixed.shp" }, "geometry": { "type": "MultiPolygon", "coordinates": [ [ [ [ 103.655445379694271, 1.513919082646438 ], [ 103.655493187948323, 1.513873311427509 ], [ 103.65553836432025, 1.513830059949647 ], [ 103.655506757853288, 1.513797069886673 ], [ 103.655413772595239, 1.51388609192604 ], [ 103.655445379694271, 1.513919082646438 ] ] ] ] } },
{ "type": "Feature", "properties": { "id": null, "FloorLevel": "2", "Zone": "Green", "ShopName": "Be Top Fashion", "LotNo": "L2-CA-01", "Type": "Shop", "Category": "Fashion, Accessories and Footwear", "layer": "Level2_TasekCentral_fixed", "path": "C:/Users/Stephanie/Documents/001 Tasek Mall/04 GIS/Floorplans/Floorplans FINAL/Level2_TasekCentral_fixed.shp" }, "geometry": { "type": "MultiPolygon", "coordinates": [ [ [ [ 103.655367853085721, 1.51400908774227 ], [ 103.655327398638491, 1.514047675591637 ], [ 103.655358224110799, 1.514079969613802 ], [ 103.655367952162848, 1.514090161117849 ], [ 103.655408406609126, 1.514051573270442 ], [ 103.655367853085721, 1.51400908774227 ] ] ] ] } },
{ "type": "Feature", "properties": { "id": null, "FloorLevel": "2", "Zone": "Blue", "ShopName": "Betty Fashion", "LotNo": "2-27", "Type": "Shop", "Category": "Fashion, Accessories and Footwear", "layer": "Level2_TasekCentral_fixed", "path": "C:/Users/Stephanie/Documents/001 Tasek Mall/04 GIS/Floorplans/Floorplans FINAL/Level2_TasekCentral_fixed.shp" }, "geometry": { "type": "MultiPolygon", "coordinates": [ [ [ [ 103.655737235590209, 1.514133882127081 ], [ 103.655786517248657, 1.514186207234655 ], [ 103.65583261304549, 1.514142823320682 ], [ 103.655783331654007, 1.514090497960862 ], [ 103.655737235590209, 1.514133882127081 ] ] ] ] } },
{ "type": "Feature", "properties": { "id": null, "FloorLevel": "2", "Zone": null, "ShopName": null, "LotNo": null, "Type": "Escalator", "Category": null, "layer": "Level2_TasekCentral_fixed", "path": "C:/Users/Stephanie/Documents/001 Tasek Mall/04 GIS/Floorplans/Floorplans FINAL/Level2_TasekCentral_fixed.shp" }, "geometry": { "type": "MultiPolygon", "coordinates": [ [ [ [ 103.654346686567763, 1.514011124818119 ], [ 103.654247812765959, 1.514104525265418 ], [ 103.654251693435882, 1.514108630478114 ], [ 103.654259805891002, 1.514117212334796 ], [ 103.654262979988133, 1.514120570090963 ], [ 103.654274407278621, 1.514109481977375 ], [ 103.654274924430752, 1.514108980174991 ], [ 103.654360602100539, 1.514025845530411 ], [ 103.654360602100539, 1.514025845530411 ], [ 103.654346686567763, 1.514011124818119 ] ] ] ] } },
{ "type": "Feature", "properties": { "id": null, "FloorLevel": "2", "Zone": null, "ShopName": null, "LotNo": null, "Type": "Escalator", "Category": null, "layer": "Level2_TasekCentral_fixed", "path": "C:/Users/Stephanie/Documents/001 Tasek Mall/04 GIS/Floorplans/Floorplans FINAL/Level2_TasekCentral_fixed.shp" }, "geometry": { "type": "MultiPolygon", "coordinates": [ [ [ [ 103.654866692633618, 1.514303620810478 ], [ 103.654767818846167, 1.514397021283652 ], [ 103.654771699514242, 1.514401126491546 ], [ 103.654779811972659, 1.514409708345772 ], [ 103.654782986071083, 1.514413066100977 ], [ 103.654794413360236, 1.514401977984829 ], [ 103.65479493051231, 1.514401476182329 ], [ 103.654880608172107, 1.514318341518558 ], [ 103.654880608172107, 1.514318341518558 ], [ 103.654866692633618, 1.514303620810478 ] ] ] ] } },
{ "type": "Feature", "properties": { "id": null, "FloorLevel": "2", "Zone": null, "ShopName": null, "LotNo": null, "Type": "Escalator", "Category": null, "layer": "Level2_TasekCentral_fixed", "path": "C:/Users/Stephanie/Documents/001 Tasek Mall/04 GIS/Floorplans/Floorplans FINAL/Level2_TasekCentral_fixed.shp" }, "geometry": { "type": "MultiPolygon", "coordinates": [ [ [ [ 103.654361026208889, 1.514338627401545 ], [ 103.65445515070769, 1.514436871888527 ], [ 103.654469778165506, 1.51442286763717 ], [ 103.65439151126624, 1.514341174862148 ], [ 103.654375653667259, 1.514324623148767 ], [ 103.654361026208889, 1.514338627401545 ] ] ] ] } },
{ "type": "Feature", "properties": { "id": null, "FloorLevel": "2", "Zone": null, "ShopName": null, "LotNo": null, "Type": "Escalator", "Category": null, "layer": "Level2_TasekCentral_fixed", "path": "C:/Users/Stephanie/Documents/001 Tasek Mall/04 GIS/Floorplans/Floorplans FINAL/Level2_TasekCentral_fixed.shp" }, "geometry": { "type": "MultiPolygon", "coordinates": [ [ [ [ 103.655397857594622, 1.51390934942141 ], [ 103.655389648158945, 1.513910878030659 ], [ 103.655381900698345, 1.513912320619457 ], [ 103.655399505688834, 1.514006802677605 ], [ 103.655415464224347, 1.514003840277376 ], [ 103.655397857594622, 1.51390934942141 ] ] ] ] } },
{ "type": "Feature", "properties": { "id": null, "FloorLevel": "2", "Zone": null, "ShopName": null, "LotNo": null, "Type": "Escalator", "Category": null, "layer": "Level2_TasekCentral_fixed", "path": "C:/Users/Stephanie/Documents/001 Tasek Mall/04 GIS/Floorplans/Floorplans FINAL/Level2_TasekCentral_fixed.shp" }, "geometry": { "type": "MultiPolygon", "coordinates": [ [ [ [ 103.655664769370901, 1.514260920624758 ], [ 103.655637798046968, 1.514135547763113 ], [ 103.655623225687933, 1.514138680509525 ], [ 103.655650197011838, 1.514264053371005 ], [ 103.655664769370901, 1.514260920624758 ] ] ] ] } },
{ "type": "Feature", "properties": { "id": null, "FloorLevel": "2", "Zone": null, "ShopName": null, "LotNo": null, "Type": "Void", "Category": null, "layer": "Level2_TasekCentral_fixed", "path": "C:/Users/Stephanie/Documents/001 Tasek Mall/04 GIS/Floorplans/Floorplans FINAL/Level2_TasekCentral_fixed.shp" }, "geometry": { "type": "MultiPolygon", "coordinates": [ [ [ [ 103.654662763219548, 1.514229761922201 ], [ 103.654654588894331, 1.514212689385104 ], [ 103.654590136238269, 1.514161834469304 ], [ 103.654536547563168, 1.514209661063662 ], [ 103.654486604663276, 1.514256902399354 ], [ 103.654535502949585, 1.51432546824956 ], [ 103.654551782820803, 1.514336013921774 ], [ 103.654662763219548, 1.514229761922201 ] ] ] ] } },
{ "type": "Feature", "properties": { "id": null, "FloorLevel": "2", "Zone": null, "ShopName": null, "LotNo": null, "Type": "Void", "Category": null, "layer": "Level2_TasekCentral_fixed", "path": "C:/Users/Stephanie/Documents/001 Tasek Mall/04 GIS/Floorplans/Floorplans FINAL/Level2_TasekCentral_fixed.shp" }, "geometry": { "type": "MultiPolygon", "coordinates": [ [ [ [ 103.654529764982755, 1.51435709367247 ], [ 103.654471677061622, 1.514272942538435 ], [ 103.654399965277335, 1.51434999892024 ], [ 103.654465609130725, 1.514418516116884 ], [ 103.654529764982755, 1.51435709367247 ] ] ] ] } },
{ "type": "Feature", "properties": { "id": null, "FloorLevel": "2", "Zone": null, "ShopName": null, "LotNo": null, "Type": "Void", "Category": null, "layer": "Level2_TasekCentral_fixed", "path": "C:/Users/Stephanie/Documents/001 Tasek Mall/04 GIS/Floorplans/Floorplans FINAL/Level2_TasekCentral_fixed.shp" }, "geometry": { "type": "MultiPolygon", "coordinates": [ [ [ [ 103.65460956605034, 1.51414690171146 ], [ 103.654685040355687, 1.514208433917706 ], [ 103.654739426213965, 1.514156365201365 ], [ 103.654744262174447, 1.514151735280058 ], [ 103.654745408153886, 1.514150638125807 ], [ 103.654685512983349, 1.514088532789706 ], [ 103.65460956605034, 1.51414690171146 ] ] ] ] } },
{ "type": "Feature", "properties": { "id": null, "FloorLevel": "2", "Zone": null, "ShopName": null, "LotNo": null, "Type": "Void", "Category": null, "layer": "Level2_TasekCentral_fixed", "path": "C:/Users/Stephanie/Documents/001 Tasek Mall/04 GIS/Floorplans/Floorplans FINAL/Level2_TasekCentral_fixed.shp" }, "geometry": { "type": "MultiPolygon", "coordinates": [ [ [ [ 103.654283989572534, 1.514296414344347 ], [ 103.654321940967193, 1.514260079872047 ], [ 103.654256158873892, 1.514190151030786 ], [ 103.654255751313613, 1.514191174577156 ], [ 103.654255326243828, 1.514192190981808 ], [ 103.654254883789733, 1.514193199945449 ], [ 103.654254424081572, 1.514194201170975 ], [ 103.654253947254759, 1.514195194363561 ], [ 103.65425345344967, 1.514196179230748 ], [ 103.654252942811738, 1.514197155482526 ], [ 103.654252415491328, 1.514198122831426 ], [ 103.65425187164368, 1.514199080992598 ], [ 103.654251311428965, 1.514200029683897 ], [ 103.654250735012141, 1.514200968625968 ], [ 103.654250142562944, 1.514201897542327 ], [ 103.65424953425584, 1.51420281615944 ], [ 103.654248910269928, 1.514203724206809 ], [ 103.654248270788969, 1.514204621417045 ], [ 103.654247616001271, 1.514205507525952 ], [ 103.654246946099619, 1.514206382272605 ], [ 103.654246261281287, 1.514207245399419 ], [ 103.65424556174797, 1.514208096652236 ], [ 103.654244847705584, 1.514208935780393 ], [ 103.654244119364449, 1.514209762536796 ], [ 103.654243376938979, 1.514210576677995 ], [ 103.65424262064785, 1.514211377964255 ], [ 103.65424185071376, 1.514212166159626 ], [ 103.654241067363358, 1.514212941032013 ], [ 103.654240270827401, 1.514213702353242 ], [ 103.654239461340367, 1.514214449899134 ], [ 103.654238639140644, 1.514215183449562 ], [ 103.65423780447037, 1.514215902788522 ], [ 103.654236957575293, 1.514216607704195 ], [ 103.654236098704814, 1.514217297989008 ], [ 103.654235228111816, 1.514217973439696 ], [ 103.654234346052675, 1.514218633857366 ], [ 103.654233452787125, 1.514219279047545 ], [ 103.654232548578193, 1.51421990882025 ], [ 103.654231633692135, 1.514220522990035 ], [ 103.654230708398359, 1.514221121376049 ], [ 103.65422977296933, 1.514221703802089 ], [ 103.654228827680512, 1.514222270096651 ], [ 103.654227872810225, 1.514222820092981 ], [ 103.654226908639671, 1.514223353629127 ], [ 103.654225935452743, 1.51422387054798 ], [ 103.654224953536044, 1.514224370697327 ], [ 103.65422396317868, 1.51422485392989 ], [ 103.654222964672286, 1.514225320103377 ], [ 103.654221958310885, 1.514225769080515 ], [ 103.654220944390815, 1.514226200729096 ], [ 103.654219923210661, 1.514226614922016 ], [ 103.654218895071082, 1.51422701153731 ], [ 103.654217860274855, 1.514227390458186 ], [ 103.654283989572534, 1.514296414344347 ] ] ] ] } },
{ "type": "Feature", "properties": { "id": null, "FloorLevel": "2", "Zone": "Yellow", "ShopName": null, "LotNo": null, "Type": "Void", "Category": null, "layer": "Level2_TasekCentral_fixed", "path": "C:/Users/Stephanie/Documents/001 Tasek Mall/04 GIS/Floorplans/Floorplans FINAL/Level2_TasekCentral_fixed.shp" }, "geometry": { "type": "MultiPolygon", "coordinates": [ [ [ [ 103.654513228016015, 1.514460830053874 ], [ 103.654502443009093, 1.514449572963226 ], [ 103.65449605740875, 1.514442907850978 ], [ 103.654456809306197, 1.514480483757267 ], [ 103.654547826453197, 1.514575484923839 ], [ 103.654587074555579, 1.51453790901895 ], [ 103.654513228016015, 1.514460830053874 ] ] ] ] } },
{ "type": "Feature", "properties": { "id": null, "FloorLevel": "2", "Zone": null, "ShopName": null, "LotNo": null, "Type": "Void", "Category": null, "layer": "Level2_TasekCentral_fixed", "path": "C:/Users/Stephanie/Documents/001 Tasek Mall/04 GIS/Floorplans/Floorplans FINAL/Level2_TasekCentral_fixed.shp" }, "geometry": { "type": "MultiPolygon", "coordinates": [ [ [ [ 103.654168660882064, 1.514187662278554 ], [ 103.654169105739356, 1.514188069773331 ], [ 103.654169557643172, 1.514188469444927 ], [ 103.65417001645578, 1.514188861171595 ], [ 103.654170482037514, 1.514189244834013 ], [ 103.65417095424651, 1.514189620315314 ], [ 103.654171432938924, 1.514189987501121 ], [ 103.654171917968924, 1.514190346279587 ], [ 103.654172409188803, 1.514190696541423 ], [ 103.654172906448892, 1.514191038179939 ], [ 103.65417340959776, 1.514191371091066 ], [ 103.65417391848213, 1.514191695173397 ], [ 103.654174432946988, 1.514192010328212 ], [ 103.654174952835632, 1.514192316459514 ], [ 103.654175477989654, 1.514192613474051 ], [ 103.654176008249138, 1.51419290128135 ], [ 103.65417654345255, 1.514193179793742 ], [ 103.654177083436863, 1.51419344892639 ], [ 103.654177628037573, 1.514193708597313 ], [ 103.654178177088809, 1.514193958727412 ], [ 103.654178730423325, 1.514194199240496 ], [ 103.654179287872552, 1.514194430063302 ], [ 103.654179849266711, 1.514194651125519 ], [ 103.654180414434762, 1.51419486235981 ], [ 103.654180983204583, 1.51419506370183 ], [ 103.6541815554029, 1.51419525509025 ], [ 103.654182130855432, 1.514195436466769 ], [ 103.654182709386902, 1.514195607776139 ], [ 103.654183290821024, 1.514195768966177 ], [ 103.65418387498076, 1.514195919987785 ], [ 103.654184461688118, 1.514196060794958 ], [ 103.654185050764411, 1.514196191344805 ], [ 103.654185642030157, 1.514196311597561 ], [ 103.654186235305332, 1.514196421516594 ], [ 103.654186830409131, 1.514196521068422 ], [ 103.654187427160352, 1.514196610222722 ], [ 103.654188025377167, 1.514196688952335 ], [ 103.654188624877364, 1.51419675723328 ], [ 103.654189225478348, 1.514196815044757 ], [ 103.654189826997168, 1.514196862369157 ], [ 103.654190429250576, 1.514196899192065 ], [ 103.654191032055138, 1.514196925502263 ], [ 103.654191635227193, 1.514196941291738 ], [ 103.654192238583093, 1.514196946555679 ], [ 103.654192841938965, 1.514196941292484 ], [ 103.654193445111062, 1.514196925503756 ], [ 103.654194047915666, 1.514196899194303 ], [ 103.654194650169117, 1.514196862372141 ], [ 103.654195251688009, 1.514196815048484 ], [ 103.654195852289035, 1.51419675723775 ], [ 103.654196451789332, 1.514196688957547 ], [ 103.65419705000626, 1.514196610228674 ], [ 103.654197646757552, 1.514196521075113 ], [ 103.654198241861508, 1.514196421524021 ], [ 103.654198835136796, 1.514196311605721 ], [ 103.654199426402727, 1.514196191353697 ], [ 103.654200015479162, 1.514196060804579 ], [ 103.654200602186705, 1.514195919998131 ], [ 103.654201186346597, 1.514195768977246 ], [ 103.654201767780933, 1.514195607787926 ], [ 103.654202346312601, 1.514195436479272 ], [ 103.654202921765375, 1.514195255103465 ], [ 103.654203493963919, 1.514195063715754 ], [ 103.654204062733996, 1.514194862374437 ], [ 103.654204627902331, 1.514194651140845 ], [ 103.654205189296761, 1.514194430079322 ], [ 103.654205746746271, 1.514194199257206 ], [ 103.654206300081071, 1.514193958744806 ], [ 103.654206849132621, 1.514193708615386 ], [ 103.654207393733643, 1.514193448945138 ], [ 103.654207933718283, 1.514193179813158 ], [ 103.65420846892205, 1.514192901301428 ], [ 103.65420899918189, 1.514192613494785 ], [ 103.654209524336281, 1.514192316480897 ], [ 103.654210044225309, 1.514192010350239 ], [ 103.654210558690551, 1.51419169519606 ], [ 103.654211067575318, 1.514191371114358 ], [ 103.654211570724598, 1.514191038203854 ], [ 103.654212067985114, 1.514190696565954 ], [ 103.654212559205419, 1.514190346304724 ], [ 103.654213044235888, 1.514189987526859 ], [ 103.654213522928742, 1.514189620341644 ], [ 103.654213995138178, 1.514189244860927 ], [ 103.654214460720382, 1.514188861199085 ], [ 103.654214919533516, 1.514188469472985 ], [ 103.6542153714378, 1.514188069801948 ], [ 103.654215816295618, 1.514187662307721 ], [ 103.654216253971427, 1.514187247114427 ], [ 103.654216684331928, 1.514186824348542 ], [ 103.654217107246026, 1.514186394138842 ], [ 103.654217522584901, 1.514185956616373 ], [ 103.654217930222018, 1.514185511914409 ], [ 103.654218330033231, 1.514185060168411 ], [ 103.654218721896726, 1.514184601515985 ], [ 103.654219105693173, 1.514184136096841 ], [ 103.654219481305631, 1.514183664052749 ], [ 103.654219848619718, 1.5141831855275 ], [ 103.654220207523494, 1.514182700666856 ], [ 103.654220557907692, 1.514182209618512 ], [ 103.65422089966556, 1.514181712532044 ], [ 103.654221232692976, 1.51418120955887 ], [ 103.654221556888515, 1.514180700852202 ], [ 103.654221872153428, 1.514180186566995 ], [ 103.654222178391649, 1.514179666859906 ], [ 103.65422247550994, 1.514179141889243 ], [ 103.654222763417778, 1.514178611814917 ], [ 103.654223042027468, 1.514178076798393 ], [ 103.654223311254128, 1.514177537002644 ], [ 103.654223571015748, 1.514176992592095 ], [ 103.654223821233231, 1.514176443732581 ], [ 103.654224061830348, 1.514175890591287 ], [ 103.654224292733772, 1.514175333336707 ], [ 103.654224513873231, 1.514174772138587 ], [ 103.654224725181308, 1.514174207167871 ], [ 103.65422492659367, 1.514173638596657 ], [ 103.654225118048942, 1.514173066598136 ], [ 103.654225299488814, 1.514172491346544 ], [ 103.654225470858051, 1.514171913017109 ], [ 103.654225632104371, 1.514171331785995 ], [ 103.654225783178731, 1.514170747830251 ], [ 103.654225924035103, 1.514170161327755 ], [ 103.654226054630556, 1.514169572457163 ], [ 103.654226174925327, 1.514168981397849 ], [ 103.654226284882768, 1.514168388329857 ], [ 103.654226384469382, 1.514167793433839 ], [ 103.654226473654816, 1.514167196891008 ], [ 103.654226552411941, 1.514166598883075 ], [ 103.654226620716742, 1.514165999592202 ], [ 103.654226678548426, 1.514165399200935 ], [ 103.654226725889359, 1.514164797892162 ], [ 103.654226762725116, 1.514164195849046 ], [ 103.654226789044515, 1.514163593254975 ], [ 103.65422680483951, 1.514162990293506 ], [ 103.654226810105285, 1.514162387148306 ], [ 103.654226804840263, 1.5141617840031 ], [ 103.654226789046021, 1.51416118104161 ], [ 103.65422676272739, 1.514160578447505 ], [ 103.654226725892386, 1.514159976404342 ], [ 103.654226678552178, 1.514159375095508 ], [ 103.654226620721246, 1.514158774704167 ], [ 103.6542265524172, 1.514158175413206 ], [ 103.654226473660827, 1.514157577405173 ], [ 103.654226384476132, 1.514156980862227 ], [ 103.654226284890271, 1.514156385966082 ], [ 103.654226174933584, 1.514155792897948 ], [ 103.654226054639565, 1.514155201838481 ], [ 103.654225924044823, 1.514154612967721 ], [ 103.654225783189204, 1.514154026465045 ], [ 103.654225632115583, 1.514153442509108 ], [ 103.65422547086996, 1.514152861277787 ], [ 103.654225299501462, 1.514152282948132 ], [ 103.6542251180623, 1.514151707696308 ], [ 103.654224926607739, 1.514151135697541 ], [ 103.654224725196087, 1.51415056712607 ], [ 103.654224513888721, 1.514150002155083 ], [ 103.654224292749987, 1.51414944095668 ], [ 103.654224061847231, 1.514148883701805 ], [ 103.654223821250824, 1.514148330560204 ], [ 103.654223571034052, 1.514147781700369 ], [ 103.654223311273086, 1.514147237289488 ], [ 103.654223042047093, 1.514146697493394 ], [ 103.654222763438085, 1.514146162476514 ], [ 103.654222475530901, 1.51414563240182 ], [ 103.654222178413278, 1.514145107430777 ], [ 103.654221872175683, 1.514144587723297 ], [ 103.654221556911438, 1.514144073437688 ], [ 103.654221232716537, 1.514143564730605 ], [ 103.654220899689719, 1.514143061757006 ], [ 103.65422055793249, 1.514142564670102 ], [ 103.654220207548917, 1.51414207362131 ], [ 103.654219848645738, 1.514141588760209 ], [ 103.654219481332248, 1.514141110234491 ], [ 103.654219105720387, 1.514140638189921 ], [ 103.654218721924536, 1.514140172770287 ], [ 103.654218330061582, 1.514139714117362 ], [ 103.654217930250965, 1.514139262370855 ], [ 103.654217522614388, 1.514138817668372 ], [ 103.654217107276068, 1.514138380145375 ], [ 103.65421668436251, 1.514137949935138 ], [ 103.65421668436251, 1.514137949935136 ], [ 103.654207915709975, 1.514129984911406 ], [ 103.654207915709989, 1.514129984911402 ], [ 103.654207485350014, 1.514129562144994 ], [ 103.654207047674703, 1.514129146951167 ], [ 103.65420660281741, 1.514128739456396 ], [ 103.654206150913609, 1.514128339784806 ], [ 103.654205692101002, 1.514127948058145 ], [ 103.654205226519267, 1.514127564395733 ], [ 103.654204754310314, 1.514127188914439 ], [ 103.6542042756179, 1.514126821728638 ], [ 103.6542037905879, 1.514126462950178 ], [ 103.654203299368035, 1.514126112688346 ], [ 103.654202802107946, 1.514125771049836 ], [ 103.654202298959092, 1.514125438138714 ], [ 103.654201790074737, 1.514125114056388 ], [ 103.654201275609893, 1.514124798901577 ], [ 103.654200755721277, 1.51412449277028 ], [ 103.654200230567255, 1.514124195755747 ], [ 103.654199700307785, 1.514123907948451 ], [ 103.654199165104387, 1.514123629436062 ], [ 103.654198625120102, 1.514123360303418 ], [ 103.654198080519393, 1.514123100632498 ], [ 103.654197531468185, 1.514122850502402 ], [ 103.654196978133697, 1.51412260998932 ], [ 103.654196420684485, 1.514122379166516 ], [ 103.654195859290326, 1.5141221581043 ], [ 103.654195294122303, 1.514121946870011 ], [ 103.654194725352497, 1.514121745527991 ], [ 103.654194153154194, 1.514121554139573 ], [ 103.654193577701676, 1.514121372763054 ], [ 103.654192999170249, 1.514121201453684 ], [ 103.654192417736141, 1.514121040263644 ], [ 103.654191833576419, 1.514120889242037 ], [ 103.65419124686909, 1.514120748434863 ], [ 103.65419065779281, 1.514120617885013 ], [ 103.654190066527079, 1.514120497632256 ], [ 103.654189473251932, 1.514120387713221 ], [ 103.654188878148162, 1.51412028816139 ], [ 103.654188281396955, 1.514120199007088 ], [ 103.654187683180169, 1.514120120277472 ], [ 103.654187083679986, 1.514120051996523 ], [ 103.654186483079016, 1.514119994185042 ], [ 103.654185881560224, 1.514119946860638 ], [ 103.65418527930683, 1.514119910037725 ], [ 103.654184676502297, 1.514119883727522 ], [ 103.654184073330256, 1.514119867938042 ], [ 103.654183469974384, 1.514119862674095 ], [ 103.654182866618527, 1.514119867937285 ], [ 103.654182263446444, 1.514119883726007 ], [ 103.654181660641882, 1.514119910035454 ], [ 103.654181058388446, 1.514119946857609 ], [ 103.654180456869582, 1.514119994181258 ], [ 103.65417985626857, 1.514120051991985 ], [ 103.654179256768288, 1.514120120272181 ], [ 103.654178658551388, 1.514120199001046 ], [ 103.65417806180011, 1.514120288154599 ], [ 103.654177466696183, 1.514120387705682 ], [ 103.654176873420909, 1.514120497623973 ], [ 103.654176282154992, 1.514120617875988 ], [ 103.654175693078571, 1.514120748425097 ], [ 103.654175106371056, 1.514120889231535 ], [ 103.654174522211164, 1.51412104025241 ], [ 103.654173940776843, 1.51412120144172 ], [ 103.654173362245203, 1.514121372750364 ], [ 103.654172786792458, 1.514121554126161 ], [ 103.654172214593913, 1.514121745513862 ], [ 103.654171645823865, 1.514121946855168 ], [ 103.654171080655544, 1.514122158088749 ], [ 103.654170519261129, 1.51412237915026 ], [ 103.654169961811633, 1.514122609972366 ], [ 103.654169408476847, 1.514122850484754 ], [ 103.654168859425297, 1.514123100614162 ], [ 103.65416831482429, 1.5141233602844 ], [ 103.654167774839664, 1.514123629416368 ], [ 103.65416723963591, 1.514123907928086 ], [ 103.654166709376085, 1.514124195734717 ], [ 103.65416618422168, 1.514124492748593 ], [ 103.65416566433268, 1.51412479887924 ], [ 103.654165149867438, 1.514125114033407 ], [ 103.654164640982685, 1.514125438115096 ], [ 103.654164137833419, 1.514125771025589 ], [ 103.654163640572904, 1.514126112663477 ], [ 103.654163149352584, 1.514126462924695 ], [ 103.654162664322129, 1.514126821702548 ], [ 103.654162185629275, 1.514127188887751 ], [ 103.654161713419839, 1.514127564368456 ], [ 103.654161247837649, 1.514127948030286 ], [ 103.654160789024516, 1.514128339756375 ], [ 103.654160337120231, 1.5141287394274 ], [ 103.654159892262413, 1.514129146921616 ], [ 103.654159454586605, 1.514129562114898 ], [ 103.65415902422609, 1.514129984880772 ], [ 103.654158601311991, 1.514130415090461 ], [ 103.654158185973117, 1.514130852612919 ], [ 103.654157778336, 1.514131297314872 ], [ 103.654157378524772, 1.514131749060859 ], [ 103.654156986661278, 1.514132207713275 ], [ 103.654156602864845, 1.514132673132409 ], [ 103.654156227252358, 1.514133145176491 ], [ 103.654155859938285, 1.51413362370173 ], [ 103.654155501034495, 1.514134108562364 ], [ 103.654155150650269, 1.514134599610699 ], [ 103.654154808892415, 1.514135096697158 ], [ 103.654154475864985, 1.514135599670323 ], [ 103.654154151669431, 1.514136108376983 ], [ 103.654153836404504, 1.514136622662182 ], [ 103.654153530166283, 1.514137142369262 ], [ 103.654153233047964, 1.514137667339919 ], [ 103.654152945140112, 1.514138197414237 ], [ 103.654152666530422, 1.514138732430754 ], [ 103.654152397303747, 1.514139272226496 ], [ 103.654152137542098, 1.514139816637038 ], [ 103.654151887324602, 1.514140365496547 ], [ 103.65415164672747, 1.514140918637835 ], [ 103.654151415824032, 1.514141475892409 ], [ 103.654151194684573, 1.514142037090525 ], [ 103.654150983376482, 1.514142602061235 ], [ 103.654150781964091, 1.514143170632445 ], [ 103.654150590508806, 1.514143742630963 ], [ 103.654150409068905, 1.514144317882551 ], [ 103.654150237699653, 1.514144896211983 ], [ 103.654150076453305, 1.514145477443094 ], [ 103.654149925378917, 1.514146061398836 ], [ 103.654149784522531, 1.514146647901329 ], [ 103.654149653927064, 1.51414723677192 ], [ 103.654149533632278, 1.514147827831233 ], [ 103.654149423674809, 1.514148420899225 ], [ 103.654149324088195, 1.514149015795242 ], [ 103.654149234902718, 1.514149612338073 ], [ 103.654149156145593, 1.514150210346006 ], [ 103.654149087840764, 1.51415080963688 ], [ 103.654149030009052, 1.514151410028148 ], [ 103.654148982668104, 1.514152011336923 ], [ 103.654148945832318, 1.514152613380041 ], [ 103.654148919512892, 1.514153215974114 ], [ 103.654148903717882, 1.514153818935586 ], [ 103.654148898452078, 1.514154422080789 ], [ 103.654148903717086, 1.514155025225999 ], [ 103.6541489195113, 1.514155628187492 ], [ 103.654148945829917, 1.514156230781601 ], [ 103.654148982664907, 1.514156832824769 ], [ 103.654149030005073, 1.514157434133608 ], [ 103.654149087835989, 1.514158034524954 ], [ 103.654149156140022, 1.514158633815921 ], [ 103.654149234896366, 1.514159231823961 ], [ 103.654149324081033, 1.514159828366912 ], [ 103.654149423666894, 1.514160423263064 ], [ 103.654149533623553, 1.514161016331205 ], [ 103.654149653917543, 1.51416160739068 ], [ 103.654149784512256, 1.514162196261448 ], [ 103.654149925367861, 1.514162782764132 ], [ 103.654150076441482, 1.514163366720077 ], [ 103.654150237687077, 1.514163947951406 ], [ 103.654150409055546, 1.514164526281069 ], [ 103.654150590494709, 1.514165101532902 ], [ 103.654150781949241, 1.514165673531678 ], [ 103.654150983360864, 1.51416624210316 ], [ 103.654151194668216, 1.514166807074156 ], [ 103.65415141580695, 1.514167368272569 ], [ 103.654151646709678, 1.514167925527455 ], [ 103.654151887306071, 1.514168478669066 ], [ 103.654152137522843, 1.514169027528911 ], [ 103.654152397283795, 1.514169571939803 ], [ 103.654152666509759, 1.514170111735908 ], [ 103.654152945118753, 1.514170646752798 ], [ 103.654153233025923, 1.514171176827504 ], [ 103.654153530143546, 1.514171701798559 ], [ 103.654153836381113, 1.51417222150605 ], [ 103.654154151645358, 1.514172735791671 ], [ 103.654154475840258, 1.514173244498765 ], [ 103.654154808867048, 1.514173747472376 ], [ 103.654155150624277, 1.514174244559291 ], [ 103.654155501007835, 1.514174735608096 ], [ 103.654155859911015, 1.514175220469208 ], [ 103.65415622722449, 1.514175698994938 ], [ 103.654156602836352, 1.514176171039521 ], [ 103.654156986632188, 1.514176636459166 ], [ 103.654157378495142, 1.514177095112103 ], [ 103.654157778305759, 1.514177546858623 ], [ 103.654158185942322, 1.514177991561118 ], [ 103.654158601280656, 1.514178429084126 ], [ 103.6541590241942, 1.514178859294378 ], [ 103.6541590241942, 1.514178859294377 ], [ 103.6541590241942, 1.514178859294378 ], [ 103.654167792846778, 1.514186824318301 ], [ 103.654167792846778, 1.514186824318304 ], [ 103.654168223206753, 1.514187247084719 ], [ 103.654168660882064, 1.514187662278554 ] ] ] ] } },
{ "type": "Feature", "properties": { "id": null, "FloorLevel": "2", "Zone": null, "ShopName": null, "LotNo": null, "Type": "Void", "Category": null, "layer": "Level2_TasekCentral_fixed", "path": "C:/Users/Stephanie/Documents/001 Tasek Mall/04 GIS/Floorplans/Floorplans FINAL/Level2_TasekCentral_fixed.shp" }, "geometry": { "type": "MultiPolygon", "coordinates": [ [ [ [ 103.654663361935278, 1.514576129216289 ], [ 103.654660346962899, 1.51457353585225 ], [ 103.654656782562157, 1.514571553940852 ], [ 103.654652724945819, 1.514570214738022 ], [ 103.654648238104855, 1.514569539363795 ], [ 103.654643392799485, 1.514569538469226 ], [ 103.65463826544304, 1.514570212068429 ], [ 103.654632936896988, 1.514571549538335 ], [ 103.654627491195669, 1.514573529786268 ], [ 103.65462201422109, 1.514576121582505 ], [ 103.654616592348376, 1.514579284052903 ], [ 103.654611311083698, 1.514582967323409 ], [ 103.654606253715784, 1.514587113306634 ], [ 103.654601500002315, 1.514591656617956 ], [ 103.654597124912243, 1.514596525606635 ], [ 103.65459319744329, 1.514601643485823 ], [ 103.654589779534035, 1.514606929543489 ], [ 103.65458692508696, 1.514612300415339 ], [ 103.654584679118358, 1.514617671399541 ], [ 103.654583077048542, 1.514622957792433 ], [ 103.654582144143092, 1.514628076224457 ], [ 103.654581895114489, 1.514632945974869 ], [ 103.654582333890048, 1.514637490244799 ], [ 103.654583453550046, 1.514641637368393 ], [ 103.654585236436745, 1.514645321943034 ], [ 103.654587654432987, 1.514648485860779 ], [ 103.654590669405493, 1.514651079224759 ], [ 103.65459423380635, 1.514653061136073 ], [ 103.654598291422843, 1.514654400338798 ], [ 103.654602778263907, 1.514655075712908 ], [ 103.654607623569404, 1.514655076607354 ], [ 103.654612750925935, 1.51465440300803 ], [ 103.654618079472044, 1.514653065538013 ], [ 103.654623525173378, 1.514651085289986 ], [ 103.654629002147956, 1.514648493493677 ], [ 103.654634424020642, 1.514645331023234 ], [ 103.654639705285248, 1.514641647752713 ], [ 103.654644762653078, 1.514637501769504 ], [ 103.654649516366419, 1.514632958458228 ], [ 103.654653891456377, 1.514628089469621 ], [ 103.654657818925187, 1.514622971590528 ], [ 103.654661236834315, 1.514617685532973 ], [ 103.654664091281276, 1.514612314661244 ], [ 103.654666337249779, 1.514606943677165 ], [ 103.654667939319523, 1.51460165728439 ], [ 103.654668872224931, 1.51459653885247 ], [ 103.654669121253519, 1.514591669102142 ], [ 103.654668682477975, 1.51458712483227 ], [ 103.654667562818034, 1.514582977708707 ], [ 103.654665779931406, 1.514579293134065 ], [ 103.654663361935278, 1.514576129216289 ] ] ] ] } },
{ "type": "Feature", "properties": { "id": null, "FloorLevel": "2", "Zone": null, "ShopName": null, "LotNo": null, "Type": "Void", "Category": null, "layer": "Level2_TasekCentral_fixed", "path": "C:/Users/Stephanie/Documents/001 Tasek Mall/04 GIS/Floorplans/Floorplans FINAL/Level2_TasekCentral_fixed.shp" }, "geometry": { "type": "MultiPolygon", "coordinates": [ [ [ [ 103.654541142155622, 1.513750698481076 ], [ 103.654538509345741, 1.513748433837211 ], [ 103.654535396750148, 1.513746703141581 ], [ 103.654531853456305, 1.513745533688289 ], [ 103.654527935344106, 1.513744943920318 ], [ 103.654523704204493, 1.513744943138661 ], [ 103.654519226765061, 1.513745531355652 ], [ 103.654514573637726, 1.513746699294751 ], [ 103.654509818205071, 1.51374842853688 ], [ 103.654505035463117, 1.513750691810834 ], [ 103.654500300838535, 1.513753453423456 ], [ 103.654495688999219, 1.513756669822461 ], [ 103.654491272676609, 1.513760290283303 ], [ 103.65448712151877, 1.513764257709163 ], [ 103.654483300991942, 1.513768509531357 ], [ 103.654479871348101, 1.513772978696119 ], [ 103.654476886674786, 1.513777594722037 ], [ 103.654474394042111, 1.513782284811615 ], [ 103.654472432760329, 1.513786974999363 ], [ 103.654471033760075, 1.51379159131819 ], [ 103.654470219104383, 1.513796060966001 ], [ 103.654470001640888, 1.513800313453773 ], [ 103.654470384799126, 1.513804281717234 ], [ 103.654471362536427, 1.513807903174495 ], [ 103.654472919433317, 1.513811120713014 ], [ 103.654475030936581, 1.513813883590285 ], [ 103.654477663746562, 1.513816148234086 ], [ 103.654480776342268, 1.513817878929633 ], [ 103.654484319636197, 1.513819048382823 ], [ 103.654488237748495, 1.513819638150683 ], [ 103.654492468888179, 1.513819638932226 ], [ 103.654496946327654, 1.513819050715125 ], [ 103.654501599455017, 1.513817882775927 ], [ 103.654506354887687, 1.513816153533716 ], [ 103.654511137629626, 1.513813890259703 ], [ 103.654515872254137, 1.513811128647047 ], [ 103.654520484093396, 1.513807912248037 ], [ 103.654524900415907, 1.513804291787218 ], [ 103.654529051573647, 1.51380032436141 ], [ 103.654532872100376, 1.51379607253929 ], [ 103.654536301744116, 1.513791603374621 ], [ 103.654539286417332, 1.513786987348811 ], [ 103.65454177904995, 1.513782297259345 ], [ 103.654543740331647, 1.51377760707171 ], [ 103.654545139331873, 1.51377299075299 ], [ 103.654545953987537, 1.513768521105269 ], [ 103.654546171451031, 1.513764268617569 ], [ 103.65454578829285, 1.513760300354154 ], [ 103.654544810555606, 1.513756678896912 ], [ 103.654543253658787, 1.513753461358385 ], [ 103.654541142155622, 1.513750698481076 ] ] ] ] } },
{ "type": "Feature", "properties": { "id": null, "FloorLevel": "2", "Zone": "Pink", "ShopName": null, "LotNo": null, "Type": "Shop", "Category": "Unoccupied", "layer": "Level2_TasekCentral_fixed", "path": "C:/Users/Stephanie/Documents/001 Tasek Mall/04 GIS/Floorplans/Floorplans FINAL/Level2_TasekCentral_fixed.shp" }, "geometry": { "type": "MultiPolygon", "coordinates": [ [ [ [ 103.655041487888468, 1.514170578681217 ], [ 103.655242380426316, 1.513978245457828 ], [ 103.655239768779083, 1.513975519494139 ], [ 103.655210524388266, 1.513944995829437 ], [ 103.655210524790988, 1.513944995443868 ], [ 103.655198049159395, 1.513956939551949 ], [ 103.655078495309581, 1.513832152616933 ], [ 103.655173999697666, 1.513931837404338 ], [ 103.655155049186334, 1.513949980530381 ], [ 103.655133224771674, 1.513927200821719 ], [ 103.655098148415647, 1.513960782751987 ], [ 103.655097968329599, 1.51396086077635 ], [ 103.655097552598534, 1.51396103236075 ], [ 103.655097133940643, 1.513961196679941 ], [ 103.655096712482973, 1.513961353684061 ], [ 103.655096288353405, 1.513961503325466 ], [ 103.655095861680635, 1.513961645558748 ], [ 103.655095432594166, 1.513961780340746 ], [ 103.655095001224169, 1.513961907630559 ], [ 103.655094567701568, 1.513962027389562 ], [ 103.655094132157913, 1.513962139581414 ], [ 103.655093694725366, 1.513962244172069 ], [ 103.655093255536656, 1.51396234112979 ], [ 103.65509281472508, 1.513962430425154 ], [ 103.655092372424377, 1.513962512031065 ], [ 103.655091928768798, 1.513962585922759 ], [ 103.655091483892917, 1.513962652077814 ], [ 103.655091037931783, 1.513962710476155 ], [ 103.655090591020695, 1.51396276110006 ], [ 103.655090143295283, 1.513962803934169 ], [ 103.655089694891416, 1.513962838965482 ], [ 103.655089245945149, 1.51396286618337 ], [ 103.655088796592722, 1.513962885579573 ], [ 103.655088346970487, 1.513962897148206 ], [ 103.655087897214855, 1.513962900885757 ], [ 103.655087447462378, 1.513962896791093 ], [ 103.65508699784948, 1.513962884865456 ], [ 103.655086548512614, 1.513962865112466 ], [ 103.65508609958809, 1.513962837538115 ], [ 103.65508565121219, 1.513962802150773 ], [ 103.655085203520954, 1.513962758961176 ], [ 103.655084756650254, 1.513962707982431 ], [ 103.65508431073566, 1.513962649230008 ], [ 103.655083865912502, 1.513962582721734 ], [ 103.655083422315755, 1.513962508477793 ], [ 103.655082980080053, 1.513962426520713 ], [ 103.655082539339546, 1.513962336875365 ], [ 103.655082100228029, 1.513962239568952 ], [ 103.655081662878715, 1.513962134631 ], [ 103.655081227424333, 1.513962022093355 ], [ 103.65508079399703, 1.513961901990168 ], [ 103.655080235974623, 1.513961858737443 ], [ 103.655079677285357, 1.513961825172884 ], [ 103.655079118097461, 1.513961801306604 ], [ 103.655078558579419, 1.513961787145793 ], [ 103.655077998899813, 1.513961782694716 ], [ 103.655077439227227, 1.513961787954714 ], [ 103.65507687973026, 1.513961802924204 ], [ 103.655076320577479, 1.513961827598675 ], [ 103.655075761937326, 1.513961861970694 ], [ 103.655075203978058, 1.513961906029906 ], [ 103.655074646867817, 1.513961959763038 ], [ 103.655074090774406, 1.513962023153904 ], [ 103.655073535865341, 1.513962096183406 ], [ 103.655072982307814, 1.513962178829544 ], [ 103.655072430268589, 1.513962271067421 ], [ 103.655071879913933, 1.513962372869249 ], [ 103.655071331409673, 1.513962484204361 ], [ 103.655070784921037, 1.513962605039216 ], [ 103.655070240612645, 1.513962735337413 ], [ 103.655069698648504, 1.513962875059699 ], [ 103.655069159191854, 1.513963024163981 ], [ 103.655068622405224, 1.513963182605343 ], [ 103.655068088450321, 1.513963350336052 ], [ 103.655067557487968, 1.51396352730558 ], [ 103.655067029678179, 1.513963713460614 ], [ 103.655066505179903, 1.513963908745074 ], [ 103.655065984151179, 1.51396411310013 ], [ 103.655065466748965, 1.513964326464219 ], [ 103.655064953129099, 1.513964548773065 ], [ 103.655064443446363, 1.513964779959696 ], [ 103.655063937854266, 1.513965019954467 ], [ 103.655063436505131, 1.513965268685078 ], [ 103.655062939549993, 1.5139655260766 ], [ 103.655062447138533, 1.513965792051491 ], [ 103.655061959419129, 1.513966066529625 ], [ 103.655061476538677, 1.513966349428316 ], [ 103.655060998642696, 1.51396664066234 ], [ 103.655060525875086, 1.51396694014396 ], [ 103.655060058378311, 1.513967247782958 ], [ 103.655059596293214, 1.513967563486655 ], [ 103.655059139758976, 1.513967887159946 ], [ 103.65505868891313, 1.513968218705322 ], [ 103.655058243891517, 1.513968558022906 ], [ 103.655057804828189, 1.513968905010475 ], [ 103.655057371855392, 1.513969259563499 ], [ 103.655056945103581, 1.513969621575167 ], [ 103.655056524701337, 1.513969990936423 ], [ 103.655056110775277, 1.513970367535995 ], [ 103.655055703450117, 1.513970751260433 ], [ 103.655055302848538, 1.513971141994135 ], [ 103.655054909091248, 1.513971539619394 ], [ 103.655054522296865, 1.513971944016424 ], [ 103.655054142581903, 1.513972355063398 ], [ 103.655053770060761, 1.513972772636487 ], [ 103.655053404845646, 1.513973196609896 ], [ 103.655053047046593, 1.513973626855903 ], [ 103.655052696771392, 1.513974063244892 ], [ 103.655052354125573, 1.513974505645402 ], [ 103.655052019212334, 1.513974953924158 ], [ 103.655051692132588, 1.513975407946114 ], [ 103.655051372984872, 1.513975867574494 ], [ 103.655051061865294, 1.513976332670834 ], [ 103.655050758867631, 1.513976803095022 ], [ 103.655050464083146, 1.513977278705342 ], [ 103.6550501776006, 1.513977759358514 ], [ 103.655049899506366, 1.51397824490974 ], [ 103.655049629884161, 1.513978735212746 ], [ 103.65504936881527, 1.513979230119827 ], [ 103.655049116378279, 1.513979729481891 ], [ 103.655048872649274, 1.513980233148502 ], [ 103.655048637701654, 1.51398074096793 ], [ 103.655048411606231, 1.513981252787193 ], [ 103.655048194431089, 1.513981768452102 ], [ 103.655047986241669, 1.513982287807314 ], [ 103.655047787100671, 1.51398281069637 ], [ 103.655047597068105, 1.513983336961748 ], [ 103.655047416201214, 1.513983866444909 ], [ 103.655047244554481, 1.513984398986344 ], [ 103.655047082179621, 1.513984934425624 ], [ 103.655046929125533, 1.513985472601446 ], [ 103.65504678543833, 1.513986013351683 ], [ 103.655046651161314, 1.513986556513432 ], [ 103.655046526334942, 1.513987101923063 ], [ 103.655046410996789, 1.513987649416271 ], [ 103.655046305181628, 1.513988198828121 ], [ 103.655046208921306, 1.513988749993101 ], [ 103.655046122244855, 1.513989302745171 ], [ 103.655046045178366, 1.513989856917812 ], [ 103.655045977745061, 1.513990412344079 ], [ 103.655045919965247, 1.513990968856647 ], [ 103.655045871856345, 1.513991526287866 ], [ 103.655045833432851, 1.513992084469806 ], [ 103.655045804706333, 1.513992643234314 ], [ 103.655045785685431, 1.513993202413062 ], [ 103.655045776375886, 1.513993761837592 ], [ 103.655045776780497, 1.513994321339379 ], [ 103.655045786899151, 1.51399488074987 ], [ 103.655045806728822, 1.51399543990054 ], [ 103.655045836263469, 1.513995998622944 ], [ 103.655045875494267, 1.513996556748765 ], [ 103.65504592440935, 1.513997114109865 ], [ 103.655045982994011, 1.513997670538338 ], [ 103.65504605123057, 1.513998225866559 ], [ 103.655046129098523, 1.513998779927232 ], [ 103.655046216574348, 1.513999332553444 ], [ 103.655046313631743, 1.513999883578717 ], [ 103.655046420241447, 1.514000432837051 ], [ 103.65504653637133, 1.51400098016298 ], [ 103.655046661986447, 1.514001525391621 ], [ 103.655046797048911, 1.514002068358723 ], [ 103.655046941518066, 1.514002608900713 ], [ 103.655047095350369, 1.514003146854753 ], [ 103.655047258499508, 1.514003682058783 ], [ 103.655047430916298, 1.514004214351569 ], [ 103.655047612548827, 1.514004743572757 ], [ 103.655047803342356, 1.514005269562919 ], [ 103.655048003239429, 1.514005792163595 ], [ 103.655048212179793, 1.514006311217355 ], [ 103.65504843010055, 1.514006826567828 ], [ 103.655048656936017, 1.514007338059765 ], [ 103.655048892617856, 1.514007845539077 ], [ 103.655049137075082, 1.514008348852884 ], [ 103.655049390234041, 1.514008847849562 ], [ 103.655049652018491, 1.514009342378786 ], [ 103.655049922349548, 1.514009832291577 ], [ 103.655050201145798, 1.514010317440348 ], [ 103.655050488323198, 1.514010797678946 ], [ 103.655050783795289, 1.514011272862698 ], [ 103.655051087473041, 1.514011742848453 ], [ 103.655051399264963, 1.514012207494626 ], [ 103.65505171907715, 1.514012666661241 ], [ 103.655052046813211, 1.514013120209974 ], [ 103.655052382374478, 1.51401356800419 ], [ 103.655052725659814, 1.51401400990899 ], [ 103.655053076565821, 1.514014445791249 ], [ 103.655053434986769, 1.514014875519656 ], [ 103.655053800814713, 1.514015298964755 ], [ 103.655054173939433, 1.51401571599898 ], [ 103.655054554248522, 1.514016126496699 ], [ 103.655054941627384, 1.514016530334249 ], [ 103.655055335959375, 1.514016927389971 ], [ 103.655055737125664, 1.514017317544252 ], [ 103.655056145005403, 1.514017700679557 ], [ 103.655056559475739, 1.514018076680463 ], [ 103.655056980411757, 1.514018445433702 ], [ 103.655057407686712, 1.514018806828183 ], [ 103.655057841171853, 1.514019160755036 ], [ 103.655058280736597, 1.514019507107639 ], [ 103.655058726248527, 1.514019845781652 ], [ 103.65505917757342, 1.514020176675049 ], [ 103.655059634575338, 1.514020499688147 ], [ 103.655060097116575, 1.514020814723638 ], [ 103.655060565057809, 1.514021121686615 ], [ 103.655061038258069, 1.514021420484606 ], [ 103.65506151657479, 1.514021711027595 ], [ 103.655061999863904, 1.514021993228057 ], [ 103.655062487979791, 1.514022267000979 ], [ 103.655062980775398, 1.514022532263883 ], [ 103.655063478102306, 1.51402278893686 ], [ 103.655063979810691, 1.514023036942585 ], [ 103.655064485749364, 1.514023276206348 ], [ 103.655064995765954, 1.514023506656067 ], [ 103.655065509706802, 1.514023728222319 ], [ 103.655066027417078, 1.514023940838358 ], [ 103.655066548740834, 1.514024144440132 ], [ 103.655067073520996, 1.514024338966304 ], [ 103.655067601599484, 1.514024524358274 ], [ 103.655068132817235, 1.514024700560192 ], [ 103.655068667014191, 1.514024867518975 ], [ 103.655069204029417, 1.514025025184328 ], [ 103.655069743701162, 1.514025173508753 ], [ 103.655070285866827, 1.514025312447567 ], [ 103.655070830363115, 1.514025441958914 ], [ 103.655071377025934, 1.514025562003778 ], [ 103.655071925690663, 1.514025672545996 ], [ 103.655072476191961, 1.514025773552266 ], [ 103.655073028364043, 1.51402586499216 ], [ 103.655073582040529, 1.514025946838131 ], [ 103.655074137054626, 1.514026019065523 ], [ 103.655074693239143, 1.514026081652577 ], [ 103.65507525042652, 1.514026134580439 ], [ 103.655075929906431, 1.514025969890896 ], [ 103.655076612141841, 1.514025817008324 ], [ 103.655077296927445, 1.514025675978725 ], [ 103.655077984057172, 1.514025546844539 ], [ 103.655078673324255, 1.514025429644623 ], [ 103.655079364521328, 1.514025324414241 ], [ 103.655080057440358, 1.514025231185061 ], [ 103.655080751872873, 1.514025149985134 ], [ 103.655081447609902, 1.514025080838896 ], [ 103.65508214444209, 1.514025023767152 ], [ 103.655082842159743, 1.514024978787076 ], [ 103.655083540552923, 1.514024945912203 ], [ 103.655084239411494, 1.514024925152424 ], [ 103.655084938525121, 1.514024916513989 ], [ 103.655085637683456, 1.514024919999494 ], [ 103.655086336676135, 1.514024935607893 ], [ 103.655087035292809, 1.514024963334486 ], [ 103.655087733323242, 1.514025003170933 ], [ 103.655088430557413, 1.514025055105245 ], [ 103.655089126785512, 1.514025119121795 ], [ 103.655089821798057, 1.51402519520132 ], [ 103.655090515385865, 1.514025283320927 ], [ 103.655091207340263, 1.5140253834541 ], [ 103.655091897453019, 1.514025495570707 ], [ 103.655092585516513, 1.514025619637013 ], [ 103.655093271323651, 1.514025755615685 ], [ 103.655093954668075, 1.514025903465804 ], [ 103.655094635344199, 1.514026063142883 ], [ 103.655095313147172, 1.514026234598872 ], [ 103.655095987873011, 1.514026417782179 ], [ 103.655096659318758, 1.514026612637682 ], [ 103.655097327282292, 1.514026819106748 ], [ 103.655097991562641, 1.514027037127249 ], [ 103.65509865195996, 1.514027266633579 ], [ 103.655099308275481, 1.514027507556679 ], [ 103.65509996031173, 1.514027759824053 ], [ 103.65510060787247, 1.514028023359791 ], [ 103.655101250762925, 1.514028298084593 ], [ 103.655101888789559, 1.514028583915793 ], [ 103.65510252176044, 1.514028880767378 ], [ 103.655103149485072, 1.514029188550028 ], [ 103.655103771774591, 1.514029507171125 ], [ 103.6551043884417, 1.514029836534793 ], [ 103.655104999300875, 1.514030176541926 ], [ 103.655105604168313, 1.51403052709021 ], [ 103.655106202861958, 1.514030888074164 ], [ 103.655106795201718, 1.514031259385165 ], [ 103.655107381009302, 1.51403164091148 ], [ 103.655107960108467, 1.514032032538305 ], [ 103.655108532324931, 1.514032434147797 ], [ 103.655109097486516, 1.514032845619109 ], [ 103.655109655423189, 1.514033266828424 ], [ 103.65511020596702, 1.514033697648996 ], [ 103.655110748952382, 1.514034137951188 ], [ 103.655111284215863, 1.514034587602511 ], [ 103.655111811596399, 1.514035046467657 ], [ 103.655112330935296, 1.514035514408553 ], [ 103.655112842076292, 1.514035991284389 ], [ 103.655113344865583, 1.514036476951671 ], [ 103.655113839151852, 1.514036971264255 ], [ 103.655114324786368, 1.5140374740734 ], [ 103.655114801623043, 1.514037985227805 ], [ 103.655115269518319, 1.51403850457366 ], [ 103.655115728331481, 1.514039031954689 ], [ 103.655116177924398, 1.514039567212198 ], [ 103.655116618161813, 1.514040110185124 ], [ 103.655117048911265, 1.514040660710081 ], [ 103.655117470043123, 1.514041218621411 ], [ 103.65511788143067, 1.514041783751234 ], [ 103.655118282950127, 1.514042355929497 ], [ 103.655118674480661, 1.514042934984027 ], [ 103.655119055904464, 1.514043520740581 ], [ 103.65511942710674, 1.5140441130229 ], [ 103.655119787975806, 1.514044711652761 ], [ 103.655120112875125, 1.514044977056542 ], [ 103.655120442334905, 1.514045236781534 ], [ 103.655120776255828, 1.514045490749444 ], [ 103.655121114537238, 1.514045738883713 ], [ 103.655121457077158, 1.514045981109541 ], [ 103.655121803772332, 1.514046217353913 ], [ 103.655122154518253, 1.514046447545611 ], [ 103.655122509209193, 1.514046671615247 ], [ 103.655122867738228, 1.514046889495274 ], [ 103.655123229997301, 1.514047101120014 ], [ 103.655123595877171, 1.514047306425674 ], [ 103.655123965267578, 1.514047505350364 ], [ 103.655124338057135, 1.51404769783412 ], [ 103.655124714133493, 1.514047883818917 ], [ 103.655125093383276, 1.514048063248692 ], [ 103.655125475692188, 1.514048236069357 ], [ 103.655125860944949, 1.514048402228814 ], [ 103.655126249025443, 1.514048561676977 ], [ 103.655126639816658, 1.514048714365779 ], [ 103.655127033200827, 1.514048860249195 ], [ 103.655127397058635, 1.514048988043905 ], [ 103.655021828516695, 1.514150058772183 ], [ 103.655041487888468, 1.514170578681216 ], [ 103.655041347513531, 1.514170713075274 ], [ 103.655041487888468, 1.514170578681217 ] ] ] ] } },
{ "type": "Feature", "properties": { "id": null, "FloorLevel": "2", "Zone": "Orange", "ShopName": null, "LotNo": null, "Type": "Back of House", "Category": null, "layer": "Level2_TasekCentral_fixed", "path": "C:/Users/Stephanie/Documents/001 Tasek Mall/04 GIS/Floorplans/Floorplans FINAL/Level2_TasekCentral_fixed.shp" }, "geometry": { "type": "MultiPolygon", "coordinates": [ [ [ [ 103.654056059407168, 1.514196110140287 ], [ 103.65399352188588, 1.514130835203576 ], [ 103.653955312272231, 1.514167416872298 ], [ 103.654017849793391, 1.514232691807285 ], [ 103.654056059407168, 1.514196110140287 ] ] ] ] } },
{ "type": "Feature", "properties": { "id": null, "FloorLevel": "2", "Zone": "Orange", "ShopName": null, "LotNo": null, "Type": "Toilet", "Category": null, "layer": "Level2_TasekCentral_fixed", "path": "C:/Users/Stephanie/Documents/001 Tasek Mall/04 GIS/Floorplans/Floorplans FINAL/Level2_TasekCentral_fixed.shp" }, "geometry": { "type": "MultiPolygon", "coordinates": [ [ [ [ 103.654287508257113, 1.514413408487636 ], [ 103.654295559034111, 1.514421811665456 ], [ 103.654281952420405, 1.514434838558552 ], [ 103.654294470182705, 1.514447904251664 ], [ 103.654319092141293, 1.514424331330532 ], [ 103.654298523602151, 1.514402862460022 ], [ 103.654287508257113, 1.514413408487636 ] ] ] ] } },
{ "type": "Feature", "properties": { "id": null, "FloorLevel": "2", "Zone": "Yellow", "ShopName": null, "LotNo": null, "Type": "Back of House", "Category": null, "layer": "Level2_TasekCentral_fixed", "path": "C:/Users/Stephanie/Documents/001 Tasek Mall/04 GIS/Floorplans/Floorplans FINAL/Level2_TasekCentral_fixed.shp" }, "geometry": { "type": "MultiPolygon", "coordinates": [ [ [ [ 103.654390999333827, 1.51466687141944 ], [ 103.654390999340734, 1.51466687141195 ], [ 103.654368582560821, 1.514643473402368 ], [ 103.654394020468146, 1.51461911929829 ], [ 103.654359754065212, 1.51458335298178 ], [ 103.654420550691071, 1.514525146644776 ], [ 103.654367404863137, 1.514469674507938 ], [ 103.65428117032647, 1.514552234955199 ], [ 103.654390999333827, 1.51466687141944 ] ] ] ] } },
{ "type": "Feature", "properties": { "id": null, "FloorLevel": "2", "Zone": "Yellow", "ShopName": null, "LotNo": null, "Type": "Shop", "Category": "Unoccupied", "layer": "Level2_TasekCentral_fixed", "path": "C:/Users/Stephanie/Documents/001 Tasek Mall/04 GIS/Floorplans/Floorplans FINAL/Level2_TasekCentral_fixed.shp" }, "geometry": { "type": "MultiPolygon", "coordinates": [ [ [ [ 103.654723885708719, 1.514566155518058 ], [ 103.654703528298427, 1.514585573617632 ], [ 103.654720645482541, 1.514603506274338 ], [ 103.654741002893203, 1.514584088174523 ], [ 103.654723885708719, 1.514566155518058 ] ] ] ] } },
{ "type": "Feature", "properties": { "id": null, "FloorLevel": "2", "Zone": "Yellow", "ShopName": null, "LotNo": null, "Type": "Back of House", "Category": null, "layer": "Level2_TasekCentral_fixed", "path": "C:/Users/Stephanie/Documents/001 Tasek Mall/04 GIS/Floorplans/Floorplans FINAL/Level2_TasekCentral_fixed.shp" }, "geometry": { "type": "MultiPolygon", "coordinates": [ [ [ [ 103.654738531849418, 1.514552185164431 ], [ 103.654723885708719, 1.514566155518058 ], [ 103.654741002893203, 1.514584088174523 ], [ 103.654720645482541, 1.514603506274338 ], [ 103.654798643408725, 1.514685220060647 ], [ 103.654833646960768, 1.514651831610869 ], [ 103.654738531849418, 1.514552185164431 ] ] ] ] } },
{ "type": "Feature", "properties": { "id": null, "FloorLevel": "2", "Zone": "Yellow", "ShopName": "Nong Fu Tun gu Tang Huo Guo", "LotNo": "2-40", "Type": "Shop", "Category": "Food and Beverage", "layer": "Level2_TasekCentral_fixed", "path": "C:/Users/Stephanie/Documents/001 Tasek Mall/04 GIS/Floorplans/Floorplans FINAL/Level2_TasekCentral_fixed.shp" }, "geometry": { "type": "MultiPolygon", "coordinates": [ [ [ [ 103.65477766446844, 1.514514858162365 ], [ 103.654738531849418, 1.514552185164431 ], [ 103.654833646960768, 1.514651831610869 ], [ 103.654872779580245, 1.514614504611749 ], [ 103.65477766446844, 1.514514858162365 ] ] ] ] } },
{ "type": "Feature", "properties": { "id": null, "FloorLevel": "2", "Zone": "Yellow", "ShopName": "Shi Fen Feng Weig", "LotNo": "2-39", "Type": "Shop", "Category": "Food and Beverage", "layer": "Level2_TasekCentral_fixed", "path": "C:/Users/Stephanie/Documents/001 Tasek Mall/04 GIS/Floorplans/Floorplans FINAL/Level2_TasekCentral_fixed.shp" }, "geometry": { "type": "MultiPolygon", "coordinates": [ [ [ [ 103.654814237665732, 1.514479972487035 ], [ 103.65477766446844, 1.514514858162365 ], [ 103.654872779580245, 1.514614504611749 ], [ 103.654909352777693, 1.514579618938667 ], [ 103.654814237665732, 1.514479972487035 ] ] ] ] } },
{ "type": "Feature", "properties": { "id": null, "FloorLevel": "2", "Zone": "Yellow", "ShopName": "Charcoal BBQ", "LotNo": "2-38", "Type": "Shop", "Category": "Food and Beverage", "layer": "Level2_TasekCentral_fixed", "path": "C:/Users/Stephanie/Documents/001 Tasek Mall/04 GIS/Floorplans/Floorplans FINAL/Level2_TasekCentral_fixed.shp" }, "geometry": { "type": "MultiPolygon", "coordinates": [ [ [ [ 103.6548684275499, 1.514428282973777 ], [ 103.654814237665732, 1.514479972487035 ], [ 103.654909352777693, 1.514579618938667 ], [ 103.654925789310653, 1.514563940803514 ], [ 103.654895615801621, 1.514532329812436 ], [ 103.654933369154918, 1.514496318433384 ], [ 103.6548684275499, 1.514428282973777 ] ] ] ] } },
{ "type": "Feature", "properties": { "id": null, "FloorLevel": "2", "Zone": "Pink", "ShopName": "Joptic Eyeware", "LotNo": "2-37", "Type": "Shop", "Category": "Optical and Jewellery", "layer": "Level2_TasekCentral_fixed", "path": "C:/Users/Stephanie/Documents/001 Tasek Mall/04 GIS/Floorplans/Floorplans FINAL/Level2_TasekCentral_fixed.shp" }, "geometry": { "type": "MultiPolygon", "coordinates": [ [ [ [ 103.654903886942108, 1.514465431671696 ], [ 103.654939100408598, 1.514431842985699 ], [ 103.654919532580408, 1.514411342934781 ], [ 103.654951623794801, 1.514380732436658 ], [ 103.654935732233739, 1.514364083792133 ], [ 103.6548684275499, 1.514428282973777 ], [ 103.654903886942108, 1.514465431671696 ] ] ] ] } },
{ "type": "Feature", "properties": { "id": null, "FloorLevel": "2", "Zone": "Pink", "ShopName": null, "LotNo": null, "Type": "Back of House", "Category": null, "layer": "Level2_TasekCentral_fixed", "path": "C:/Users/Stephanie/Documents/001 Tasek Mall/04 GIS/Floorplans/Floorplans FINAL/Level2_TasekCentral_fixed.shp" }, "geometry": { "type": "MultiPolygon", "coordinates": [ [ [ [ 103.655030847344591, 1.514463730243441 ], [ 103.654951623794801, 1.514380732436658 ], [ 103.654919532580408, 1.514411342934781 ], [ 103.654939100408598, 1.514431842985699 ], [ 103.654903886942108, 1.514465431671696 ], [ 103.654933369154918, 1.514496318433384 ], [ 103.654923630876453, 1.51450560737884 ], [ 103.654895615801621, 1.514532329812436 ], [ 103.654925789310653, 1.514563940803514 ], [ 103.655030847344591, 1.514463730243441 ] ] ] ] } },
{ "type": "Feature", "properties": { "id": null, "FloorLevel": "2", "Zone": "Pink", "ShopName": null, "LotNo": null, "Type": "Toilet", "Category": null, "layer": "Level2_TasekCentral_fixed", "path": "C:/Users/Stephanie/Documents/001 Tasek Mall/04 GIS/Floorplans/Floorplans FINAL/Level2_TasekCentral_fixed.shp" }, "geometry": { "type": "MultiPolygon", "coordinates": [ [ [ [ 103.655062856099846, 1.514389307125311 ], [ 103.655040555905771, 1.514410578368309 ], [ 103.65500891814969, 1.514440756329734 ], [ 103.655030847344591, 1.514463730243441 ], [ 103.655071384977106, 1.514425063051121 ], [ 103.655081737725553, 1.514415187987871 ], [ 103.65505980816701, 1.514392215083536 ], [ 103.65506285630785, 1.514389307410439 ], [ 103.655062856099846, 1.514389307125311 ] ] ] ] } },
{ "type": "Feature", "properties": { "id": null, "FloorLevel": "2", "Zone": "Pink", "ShopName": null, "LotNo": null, "Type": "Toilet", "Category": null, "layer": "Level2_TasekCentral_fixed", "path": "C:/Users/Stephanie/Documents/001 Tasek Mall/04 GIS/Floorplans/Floorplans FINAL/Level2_TasekCentral_fixed.shp" }, "geometry": { "type": "MultiPolygon", "coordinates": [ [ [ [ 103.654998436305931, 1.514380045304386 ], [ 103.655007300549769, 1.514389331846351 ], [ 103.655063807766297, 1.51433543192214 ], [ 103.655037273863528, 1.51430763392634 ], [ 103.654991985465486, 1.514350832678762 ], [ 103.655009655124701, 1.514369344131746 ], [ 103.654998436305931, 1.514380045304386 ] ] ] ] } },
{ "type": "Feature", "properties": { "id": null, "FloorLevel": "2", "Zone": "Pink", "ShopName": "Angry Fries", "LotNo": "2-36", "Type": "Shop", "Category": "Food and Beverage", "layer": "Level2_TasekCentral_fixed", "path": "C:/Users/Stephanie/Documents/001 Tasek Mall/04 GIS/Floorplans/Floorplans FINAL/Level2_TasekCentral_fixed.shp" }, "geometry": { "type": "MultiPolygon", "coordinates": [ [ [ [ 103.655037273863513, 1.514307633926346 ], [ 103.655037273863513, 1.51430763392634 ], [ 103.655017085730108, 1.51428648401681 ], [ 103.654960578513254, 1.514340383942343 ], [ 103.654980766646617, 1.514361533851337 ], [ 103.655037273863513, 1.514307633926346 ] ] ] ] } },
{ "type": "Feature", "properties": { "id": null, "FloorLevel": "2", "Zone": "Pink", "ShopName": null, "LotNo": null, "Type": "Lift", "Category": null, "layer": "Level2_TasekCentral_fixed", "path": "C:/Users/Stephanie/Documents/001 Tasek Mall/04 GIS/Floorplans/Floorplans FINAL/Level2_TasekCentral_fixed.shp" }, "geometry": { "type": "MultiPolygon", "coordinates": [ [ [ [ 103.65521576472868, 1.514099673014216 ], [ 103.655234385682093, 1.514119180714716 ], [ 103.655257779365925, 1.514096866433245 ], [ 103.655239158385939, 1.514077358335328 ], [ 103.65521576472868, 1.514099673014216 ] ] ] ] } },
{ "type": "Feature", "properties": { "id": null, "FloorLevel": "2", "Zone": "Pink", "ShopName": "Mixue", "LotNo": "2-33", "Type": "Shop", "Category": "Food and Beverage", "layer": "Level2_TasekCentral_fixed", "path": "C:/Users/Stephanie/Documents/001 Tasek Mall/04 GIS/Floorplans/Floorplans FINAL/Level2_TasekCentral_fixed.shp" }, "geometry": { "type": "MultiPolygon", "coordinates": [ [ [ [ 103.655262320313412, 1.514147343910654 ], [ 103.65526656859231, 1.514151794580737 ], [ 103.655280215395692, 1.514166091527982 ], [ 103.655295194925472, 1.514151803165511 ], [ 103.655302235629932, 1.514145087324706 ], [ 103.655267457237983, 1.514108652063702 ], [ 103.655244439227388, 1.514130608005484 ], [ 103.65523393862388, 1.514119607145308 ], [ 103.65521099162892, 1.514141495347881 ], [ 103.655237718071106, 1.514169495057704 ], [ 103.655261674648187, 1.514146666805444 ], [ 103.655262320313412, 1.514147343910654 ] ] ] ] } },
{ "type": "Feature", "properties": { "id": null, "FloorLevel": "2", "Zone": "Purple", "ShopName": "Season Bakery", "LotNo": "2-09", "Type": "Shop", "Category": "Food and Beverage", "layer": "Level2_TasekCentral_fixed", "path": "C:/Users/Stephanie/Documents/001 Tasek Mall/04 GIS/Floorplans/Floorplans FINAL/Level2_TasekCentral_fixed.shp" }, "geometry": { "type": "MultiPolygon", "coordinates": [ [ [ [ 103.655556664266868, 1.514206894037815 ], [ 103.655514848828943, 1.514246780076264 ], [ 103.655563495307689, 1.514297744108119 ], [ 103.655605310745187, 1.514257858069997 ], [ 103.655556664266868, 1.514206894037815 ] ] ] ] } },
{ "type": "Feature", "properties": { "id": null, "FloorLevel": "2", "Zone": "Purple", "ShopName": null, "LotNo": null, "Type": "Back of House", "Category": null, "layer": "Level2_TasekCentral_fixed", "path": "C:/Users/Stephanie/Documents/001 Tasek Mall/04 GIS/Floorplans/Floorplans FINAL/Level2_TasekCentral_fixed.shp" }, "geometry": { "type": "MultiPolygon", "coordinates": [ [ [ [ 103.655543204862511, 1.51427648701177 ], [ 103.655525767879283, 1.514258219318093 ], [ 103.655509818147564, 1.514273433115511 ], [ 103.655515709679761, 1.514279605323886 ], [ 103.655547545576738, 1.514312957904584 ], [ 103.655563495307689, 1.514297744108119 ], [ 103.655543204862511, 1.51427648701177 ] ] ] ] } },
{ "type": "Feature", "properties": { "id": null, "FloorLevel": "2", "Zone": "Purple", "ShopName": "Kedai Emas Poh May", "LotNo": "2-08", "Type": "Shop", "Category": "Optical and Jewellery", "layer": "Level2_TasekCentral_fixed", "path": "C:/Users/Stephanie/Documents/001 Tasek Mall/04 GIS/Floorplans/Floorplans FINAL/Level2_TasekCentral_fixed.shp" }, "geometry": { "type": "MultiPolygon", "coordinates": [ [ [ [ 103.655556664266868, 1.514206894037815 ], [ 103.655518902053998, 1.514167332804609 ], [ 103.655461136882693, 1.514222432643352 ], [ 103.655509818147564, 1.514273433115511 ], [ 103.655525767879283, 1.514258219318093 ], [ 103.655514848828943, 1.514246780076264 ], [ 103.655556664266868, 1.514206894037815 ] ] ] ] } },
{ "type": "Feature", "properties": { "id": null, "FloorLevel": "2", "Zone": "Purple", "ShopName": "Vivier Shoes", "LotNo": "2-05", "Type": "Shop", "Category": "Fashion, Accessories and Footwear", "layer": "Level2_TasekCentral_fixed", "path": "C:/Users/Stephanie/Documents/001 Tasek Mall/04 GIS/Floorplans/Floorplans FINAL/Level2_TasekCentral_fixed.shp" }, "geometry": { "type": "MultiPolygon", "coordinates": [ [ [ [ 103.655518902053998, 1.514167332804609 ], [ 103.65545830632324, 1.514103850246014 ], [ 103.655400541151778, 1.514158950086539 ], [ 103.655461136882693, 1.514222432643352 ], [ 103.655518902053998, 1.514167332804609 ] ] ] ] } },
{ "type": "Feature", "properties": { "id": null, "FloorLevel": "2", "Zone": "Purple", "ShopName": "Cyrstal Discoveries", "LotNo": "2-04", "Type": "Shop", "Category": "Optical and Jewellery", "layer": "Level2_TasekCentral_fixed", "path": "C:/Users/Stephanie/Documents/001 Tasek Mall/04 GIS/Floorplans/Floorplans FINAL/Level2_TasekCentral_fixed.shp" }, "geometry": { "type": "MultiPolygon", "coordinates": [ [ [ [ 103.655434396420659, 1.514078801257481 ], [ 103.655376631250519, 1.514133901097985 ], [ 103.655400541151778, 1.514158950086539 ], [ 103.65545830632324, 1.514103850246014 ], [ 103.655434396420659, 1.514078801257481 ] ] ] ] } },
{ "type": "Feature", "properties": { "id": null, "FloorLevel": "2", "Zone": "Purple", "ShopName": "Dressup Fashion", "LotNo": "2-03", "Type": "Shop", "Category": "Fashion, Accessories and Footwear", "layer": "Level2_TasekCentral_fixed", "path": "C:/Users/Stephanie/Documents/001 Tasek Mall/04 GIS/Floorplans/Floorplans FINAL/Level2_TasekCentral_fixed.shp" }, "geometry": { "type": "MultiPolygon", "coordinates": [ [ [ [ 103.655340913386766, 1.514096481607865 ], [ 103.655375830372591, 1.514133062065637 ], [ 103.655376631250519, 1.514133901097985 ], [ 103.655434396420659, 1.514078801257481 ], [ 103.655408406609126, 1.514051573270442 ], [ 103.655367952162848, 1.514090161117849 ], [ 103.655358224110799, 1.514079969613802 ], [ 103.655340913386766, 1.514096481607865 ] ] ] ] } },
{ "type": "Feature", "properties": { "id": null, "FloorLevel": "2", "Zone": "Green", "ShopName": null, "LotNo": null, "Type": "Back of House", "Category": "Stairs", "layer": "Level2_TasekCentral_fixed", "path": "C:/Users/Stephanie/Documents/001 Tasek Mall/04 GIS/Floorplans/Floorplans FINAL/Level2_TasekCentral_fixed.shp" }, "geometry": { "type": "MultiPolygon", "coordinates": [ [ [ [ 103.655358224110799, 1.514079969613802 ], [ 103.655327398638491, 1.514047675591637 ], [ 103.655343138093301, 1.514032662366911 ], [ 103.65531117101726, 1.513999172353349 ], [ 103.655278120838446, 1.514030697572916 ], [ 103.655340913386766, 1.514096481607865 ], [ 103.655358224110799, 1.514079969613802 ] ] ] ] } },
{ "type": "Feature", "properties": { "id": null, "FloorLevel": "2", "Zone": "Purple", "ShopName": "Marrybrown", "LotNo": "2-28A", "Type": "Shop", "Category": "Food and Beverage", "layer": "Level2_TasekCentral_fixed", "path": "C:/Users/Stephanie/Documents/001 Tasek Mall/04 GIS/Floorplans/Floorplans FINAL/Level2_TasekCentral_fixed.shp" }, "geometry": { "type": "MultiPolygon", "coordinates": [ [ [ [ 103.655723097627074, 1.514350136529484 ], [ 103.655649913703655, 1.514420202889701 ], [ 103.655805874516574, 1.514582989307031 ], [ 103.655879188330374, 1.514513058531722 ], [ 103.655723097627074, 1.514350136529484 ] ] ] ] } },
{ "type": "Feature", "properties": { "id": null, "FloorLevel": "2", "Zone": "Purple", "ShopName": "Burger King", "LotNo": "2-28B", "Type": "Shop", "Category": "Food and Beverage", "layer": "Level2_TasekCentral_fixed", "path": "C:/Users/Stephanie/Documents/001 Tasek Mall/04 GIS/Floorplans/Floorplans FINAL/Level2_TasekCentral_fixed.shp" }, "geometry": { "type": "MultiPolygon", "coordinates": [ [ [ [ 103.655919698932621, 1.514474417270878 ], [ 103.655929091842964, 1.514465457791586 ], [ 103.655773214919819, 1.514302154185879 ], [ 103.655723097627074, 1.514350136529484 ], [ 103.655879188330374, 1.514513058531722 ], [ 103.655919698932621, 1.514474417270878 ] ] ] ] } },
{ "type": "Feature", "properties": { "id": null, "FloorLevel": "2", "Zone": "Blue", "ShopName": "Texas Chicken", "LotNo": "2-30", "Type": "Shop", "Category": "Food and Beverage", "layer": "Level2_TasekCentral_fixed", "path": "C:/Users/Stephanie/Documents/001 Tasek Mall/04 GIS/Floorplans/Floorplans FINAL/Level2_TasekCentral_fixed.shp" }, "geometry": { "type": "MultiPolygon", "coordinates": [ [ [ [ 103.655875273569634, 1.514204443125261 ], [ 103.656031634370692, 1.514367647036454 ], [ 103.65610355949174, 1.514299040856415 ], [ 103.655947071792497, 1.514135703429331 ], [ 103.655875273569634, 1.514204443125261 ] ] ] ] } },
{ "type": "Feature", "properties": { "id": null, "FloorLevel": "2", "Zone": "Blue", "ShopName": null, "LotNo": null, "Type": "Shop", "Category": "Unoccupied", "layer": "Level2_TasekCentral_fixed", "path": "C:/Users/Stephanie/Documents/001 Tasek Mall/04 GIS/Floorplans/Floorplans FINAL/Level2_TasekCentral_fixed.shp" }, "geometry": { "type": "MultiPolygon", "coordinates": [ [ [ [ 103.655867560410314, 1.514052711696516 ], [ 103.655846511402274, 1.514030741336478 ], [ 103.655803437918735, 1.514071979675085 ], [ 103.6558519196888, 1.514122583573983 ], [ 103.655881712188844, 1.514094060383657 ], [ 103.655873820129301, 1.514085822875038 ], [ 103.655883424327598, 1.514076627863562 ], [ 103.655886049096495, 1.514074114922949 ], [ 103.655887101111887, 1.514073107728663 ], [ 103.655887101111887, 1.514073107728663 ], [ 103.6558735095077, 1.514058921196269 ], [ 103.655873509506108, 1.514058921196862 ], [ 103.655867560410314, 1.514052711696516 ] ] ] ] } },
{ "type": "Feature", "properties": { "id": null, "FloorLevel": "2", "Zone": "Blue", "ShopName": null, "LotNo": null, "Type": "Back of House", "Category": null, "layer": "Level2_TasekCentral_fixed", "path": "C:/Users/Stephanie/Documents/001 Tasek Mall/04 GIS/Floorplans/Floorplans FINAL/Level2_TasekCentral_fixed.shp" }, "geometry": { "type": "MultiPolygon", "coordinates": [ [ [ [ 103.65574854272333, 1.513928484402435 ], [ 103.655705469244879, 1.513969722737593 ], [ 103.655735075666257, 1.514000625084743 ], [ 103.655735075666257, 1.514000625084743 ], [ 103.655741259919566, 1.514007080033774 ], [ 103.655803437918735, 1.514071979675085 ], [ 103.655846511402274, 1.514030741336478 ], [ 103.65574854272333, 1.513928484402435 ] ] ] ] } },
{ "type": "Feature", "properties": { "id": null, "FloorLevel": "2", "Zone": "Blue", "ShopName": null, "LotNo": null, "Type": "Toilet", "Category": null, "layer": "Level2_TasekCentral_fixed", "path": "C:/Users/Stephanie/Documents/001 Tasek Mall/04 GIS/Floorplans/Floorplans FINAL/Level2_TasekCentral_fixed.shp" }, "geometry": { "type": "MultiPolygon", "coordinates": [ [ [ [ 103.655695376155336, 1.513905416054215 ], [ 103.655706731286415, 1.513917268219906 ], [ 103.655679861062879, 1.513942993639534 ], [ 103.655679861062879, 1.51394299363954 ], [ 103.655697036881023, 1.5139609212741 ], [ 103.655705469244879, 1.513969722737593 ], [ 103.655720272455554, 1.513985173911223 ], [ 103.655705469244879, 1.513969722737593 ], [ 103.65574854272333, 1.513928484402435 ], [ 103.655711579409953, 1.513889903137962 ], [ 103.655695376155336, 1.513905416054215 ] ] ] ] } },
{ "type": "Feature", "properties": { "id": null, "FloorLevel": "2", "Zone": "Green", "ShopName": null, "LotNo": null, "Type": "Back of House", "Category": "Storage", "layer": "Level2_TasekCentral_fixed", "path": "C:/Users/Stephanie/Documents/001 Tasek Mall/04 GIS/Floorplans/Floorplans FINAL/Level2_TasekCentral_fixed.shp" }, "geometry": { "type": "MultiPolygon", "coordinates": [ [ [ [ 103.655621330656388, 1.513828938598473 ], [ 103.655582251532238, 1.513788148907739 ], [ 103.655555785647664, 1.513813487216528 ], [ 103.655597513702233, 1.513857041785918 ], [ 103.655604287424339, 1.513864112006369 ], [ 103.655623655043598, 1.513845569542702 ], [ 103.655614232390988, 1.513835734443018 ], [ 103.655621330656388, 1.513828938598473 ] ] ] ] } },
{ "type": "Feature", "properties": { "id": null, "FloorLevel": "2", "Zone": "Green", "ShopName": null, "LotNo": null, "Type": "Back of House", "Category": null, "layer": "Level2_TasekCentral_fixed", "path": "C:/Users/Stephanie/Documents/001 Tasek Mall/04 GIS/Floorplans/Floorplans FINAL/Level2_TasekCentral_fixed.shp" }, "geometry": { "type": "MultiPolygon", "coordinates": [ [ [ [ 103.655637938252667, 1.51381303856708 ], [ 103.655614232390988, 1.513835734443018 ], [ 103.655623655043598, 1.513845569542702 ], [ 103.655604287424339, 1.513864112006369 ], [ 103.655635557719549, 1.513896751058569 ], [ 103.655678631198427, 1.513855512721648 ], [ 103.655637938252667, 1.51381303856708 ] ] ] ] } },
{ "type": "Feature", "properties": { "id": null, "FloorLevel": "2", "Zone": "Green", "ShopName": null, "LotNo": null, "Type": "Back of House", "Category": null, "layer": "Level2_TasekCentral_fixed", "path": "C:/Users/Stephanie/Documents/001 Tasek Mall/04 GIS/Floorplans/Floorplans FINAL/Level2_TasekCentral_fixed.shp" }, "geometry": { "type": "MultiPolygon", "coordinates": [ [ [ [ 103.655582251532238, 1.513788148907739 ], [ 103.655621330656388, 1.513828938598473 ], [ 103.655637938252667, 1.51381303856708 ], [ 103.655598859130563, 1.513772248873703 ], [ 103.655582251532238, 1.513788148907739 ] ] ] ] } },
{ "type": "Feature", "properties": { "id": null, "FloorLevel": "2", "Zone": "Pink", "ShopName": "The Green Party", "LotNo": "2-86", "Type": "Shop", "Category": "Fashion, Accessories and Footwear", "layer": "Level2_TasekCentral_fixed", "path": "C:/Users/Stephanie/Documents/001 Tasek Mall/04 GIS/Floorplans/Floorplans FINAL/Level2_TasekCentral_fixed.shp" }, "geometry": { "type": "MultiPolygon", "coordinates": [ [ [ [ 103.654703551434082, 1.514244254258257 ], [ 103.654697459890656, 1.514250086267347 ], [ 103.654774720346111, 1.514330728591078 ], [ 103.654868683107338, 1.514240769177121 ], [ 103.654791422652579, 1.514160126851127 ], [ 103.654703551434082, 1.514244254258257 ] ] ] ] } },
{ "type": "Feature", "properties": { "id": null, "FloorLevel": "2", "Zone": "Yellow", "ShopName": null, "LotNo": null, "Type": "Shop", "Category": "Unoccupied", "layer": "Level2_TasekCentral_fixed", "path": "C:/Users/Stephanie/Documents/001 Tasek Mall/04 GIS/Floorplans/Floorplans FINAL/Level2_TasekCentral_fixed.shp" }, "geometry": { "type": "MultiPolygon", "coordinates": [ [ [ [ 103.654748807147143, 1.514355537738858 ], [ 103.654671546683574, 1.514274895427332 ], [ 103.654643715733684, 1.514301540623272 ], [ 103.654720976185686, 1.514382182940606 ], [ 103.654748807147143, 1.514355537738858 ] ] ] ] } },
{ "type": "Feature", "properties": { "id": null, "FloorLevel": "2", "Zone": "Yellow", "ShopName": "Xiaomi", "LotNo": "2-97", "Type": "Shop", "Category": "Digital and Gadget", "layer": "Level2_TasekCentral_fixed", "path": "C:/Users/Stephanie/Documents/001 Tasek Mall/04 GIS/Floorplans/Floorplans FINAL/Level2_TasekCentral_fixed.shp" }, "geometry": { "type": "MultiPolygon", "coordinates": [ [ [ [ 103.654697459890656, 1.514250086267347 ], [ 103.654671546683574, 1.514274895427332 ], [ 103.654748807147143, 1.514355537738858 ], [ 103.654774720346111, 1.514330728591078 ], [ 103.654697459890656, 1.514250086267347 ] ] ] ] } },
{ "type": "Feature", "properties": { "id": null, "FloorLevel": "2", "Zone": null, "ShopName": null, "LotNo": null, "Type": "Courtyard", "Category": null, "layer": "Level2_TasekCentral_fixed", "path": "C:/Users/Stephanie/Documents/001 Tasek Mall/04 GIS/Floorplans/Floorplans FINAL/Level2_TasekCentral_fixed.shp" }, "geometry": { "type": "MultiPolygon", "coordinates": [ [ [ [ 103.655239768779467, 1.513975519494547 ], [ 103.655210524790988, 1.513944995443868 ], [ 103.655210524388266, 1.513944995829437 ], [ 103.655239768779467, 1.513975519494547 ] ] ], [ [ [ 103.654920083805465, 1.514149670838393 ], [ 103.654988613457348, 1.514221200194453 ], [ 103.654945664225167, 1.514262319545404 ], [ 103.654945664269846, 1.514262319592037 ], [ 103.655041487888468, 1.514170578681216 ], [ 103.655021828516695, 1.514150058772183 ], [ 103.655127397058635, 1.514048988043905 ], [ 103.655127033200827, 1.514048860249195 ], [ 103.655126639816658, 1.514048714365779 ], [ 103.655126249025443, 1.514048561676977 ], [ 103.655125860944949, 1.514048402228814 ], [ 103.655125475692188, 1.514048236069357 ], [ 103.655125093383276, 1.514048063248692 ], [ 103.655124714133493, 1.514047883818917 ], [ 103.655124338057135, 1.51404769783412 ], [ 103.655123965267578, 1.514047505350364 ], [ 103.655123595877171, 1.514047306425674 ], [ 103.655123229997301, 1.514047101120014 ], [ 103.655122867738228, 1.514046889495274 ], [ 103.655122509209193, 1.514046671615247 ], [ 103.655122154518253, 1.514046447545611 ], [ 103.655121803772332, 1.514046217353913 ], [ 103.655121457077158, 1.514045981109541 ], [ 103.655121114537238, 1.514045738883713 ], [ 103.655120776255828, 1.514045490749444 ], [ 103.655120442334905, 1.514045236781534 ], [ 103.655120112875125, 1.514044977056542 ], [ 103.655119787975806, 1.514044711652761 ], [ 103.65511942710674, 1.5140441130229 ], [ 103.655119055904464, 1.514043520740581 ], [ 103.655118674480661, 1.514042934984027 ], [ 103.655118282950127, 1.514042355929497 ], [ 103.65511788143067, 1.514041783751234 ], [ 103.655117470043123, 1.514041218621411 ], [ 103.655117048911265, 1.514040660710081 ], [ 103.655116618161813, 1.514040110185124 ], [ 103.655116177924398, 1.514039567212198 ], [ 103.655115728331481, 1.514039031954689 ], [ 103.655115269518319, 1.51403850457366 ], [ 103.655114801623043, 1.514037985227805 ], [ 103.655114324786368, 1.5140374740734 ], [ 103.655113839151852, 1.514036971264255 ], [ 103.655113344865583, 1.514036476951671 ], [ 103.655112842076292, 1.514035991284389 ], [ 103.655112330935296, 1.514035514408553 ], [ 103.655111811596399, 1.514035046467657 ], [ 103.655111284215863, 1.514034587602511 ], [ 103.655110748952382, 1.514034137951188 ], [ 103.65511020596702, 1.514033697648996 ], [ 103.655109655423189, 1.514033266828424 ], [ 103.655109097486516, 1.514032845619109 ], [ 103.655108532324931, 1.514032434147797 ], [ 103.655107960108467, 1.514032032538305 ], [ 103.655107381009302, 1.51403164091148 ], [ 103.655106795201718, 1.514031259385165 ], [ 103.655106202861958, 1.514030888074164 ], [ 103.655105604168313, 1.51403052709021 ], [ 103.655104999300875, 1.514030176541926 ], [ 103.6551043884417, 1.514029836534793 ], [ 103.655103771774591, 1.514029507171125 ], [ 103.655103149485072, 1.514029188550028 ], [ 103.65510252176044, 1.514028880767378 ], [ 103.655101888789559, 1.514028583915793 ], [ 103.655101250762925, 1.514028298084593 ], [ 103.65510060787247, 1.514028023359791 ], [ 103.65509996031173, 1.514027759824053 ], [ 103.655099308275481, 1.514027507556679 ], [ 103.65509865195996, 1.514027266633579 ], [ 103.655097991562641, 1.514027037127249 ], [ 103.655097327282292, 1.514026819106748 ], [ 103.655096659318758, 1.514026612637682 ], [ 103.655095987873011, 1.514026417782179 ], [ 103.655095313147172, 1.514026234598872 ], [ 103.655094635344199, 1.514026063142883 ], [ 103.655093954668075, 1.514025903465804 ], [ 103.655093271323651, 1.514025755615685 ], [ 103.655092585516513, 1.514025619637013 ], [ 103.655091897453019, 1.514025495570707 ], [ 103.655091207340263, 1.5140253834541 ], [ 103.655090515385865, 1.514025283320927 ], [ 103.655089821798057, 1.51402519520132 ], [ 103.655089126785512, 1.514025119121795 ], [ 103.655088430557413, 1.514025055105245 ], [ 103.655087733323242, 1.514025003170933 ], [ 103.655087035292809, 1.514024963334486 ], [ 103.655086336676135, 1.514024935607893 ], [ 103.655085637683456, 1.514024919999494 ], [ 103.655084938525121, 1.514024916513989 ], [ 103.655084239411494, 1.514024925152424 ], [ 103.655083540552923, 1.514024945912203 ], [ 103.655082842159743, 1.514024978787076 ], [ 103.65508214444209, 1.514025023767152 ], [ 103.655081447609902, 1.514025080838896 ], [ 103.655080751872873, 1.514025149985134 ], [ 103.655080057440358, 1.514025231185061 ], [ 103.655079364521328, 1.514025324414241 ], [ 103.655078673324255, 1.514025429644623 ], [ 103.655077984057172, 1.514025546844539 ], [ 103.655077296927445, 1.514025675978725 ], [ 103.655076612141841, 1.514025817008324 ], [ 103.655075929906431, 1.514025969890896 ], [ 103.65507525042652, 1.514026134580439 ], [ 103.655074693239143, 1.514026081652577 ], [ 103.655074137054626, 1.514026019065523 ], [ 103.655073582040529, 1.514025946838131 ], [ 103.655073028364043, 1.51402586499216 ], [ 103.655072476191961, 1.514025773552266 ], [ 103.655071925690663, 1.514025672545996 ], [ 103.655071377025934, 1.514025562003778 ], [ 103.655070830363115, 1.514025441958914 ], [ 103.655070285866827, 1.514025312447567 ], [ 103.655069743701162, 1.514025173508753 ], [ 103.655069204029417, 1.514025025184328 ], [ 103.655068667014191, 1.514024867518975 ], [ 103.655068132817235, 1.514024700560192 ], [ 103.655067601599484, 1.514024524358274 ], [ 103.655067073520996, 1.514024338966304 ], [ 103.655066548740834, 1.514024144440132 ], [ 103.655066027417078, 1.514023940838358 ], [ 103.655065509706802, 1.514023728222319 ], [ 103.655064995765954, 1.514023506656067 ], [ 103.655064485749364, 1.514023276206348 ], [ 103.655063979810691, 1.514023036942585 ], [ 103.655063478102306, 1.51402278893686 ], [ 103.655062980775398, 1.514022532263883 ], [ 103.655062487979791, 1.514022267000979 ], [ 103.655061999863904, 1.514021993228057 ], [ 103.65506151657479, 1.514021711027595 ], [ 103.655061038258069, 1.514021420484606 ], [ 103.655060565057809, 1.514021121686615 ], [ 103.655060097116575, 1.514020814723638 ], [ 103.655059634575338, 1.514020499688147 ], [ 103.65505917757342, 1.514020176675049 ], [ 103.655058726248527, 1.514019845781652 ], [ 103.655058280736597, 1.514019507107639 ], [ 103.655057841171853, 1.514019160755036 ], [ 103.655057407686712, 1.514018806828183 ], [ 103.655056980411757, 1.514018445433702 ], [ 103.655056559475739, 1.514018076680463 ], [ 103.655056145005403, 1.514017700679557 ], [ 103.655055737125664, 1.514017317544252 ], [ 103.655055335959375, 1.514016927389971 ], [ 103.655054941627384, 1.514016530334249 ], [ 103.655054554248522, 1.514016126496699 ], [ 103.655054173939433, 1.51401571599898 ], [ 103.655053800814713, 1.514015298964755 ], [ 103.655053434986769, 1.514014875519656 ], [ 103.655053076565821, 1.514014445791249 ], [ 103.655052725659814, 1.51401400990899 ], [ 103.655052382374478, 1.51401356800419 ], [ 103.655052046813211, 1.514013120209974 ], [ 103.65505171907715, 1.514012666661241 ], [ 103.655051399264963, 1.514012207494626 ], [ 103.655051087473041, 1.514011742848453 ], [ 103.655050783795289, 1.514011272862698 ], [ 103.655050488323198, 1.514010797678946 ], [ 103.655050201145798, 1.514010317440348 ], [ 103.655049922349548, 1.514009832291577 ], [ 103.655049652018491, 1.514009342378786 ], [ 103.655049390234041, 1.514008847849562 ], [ 103.655049137075082, 1.514008348852884 ], [ 103.655048892617856, 1.514007845539077 ], [ 103.655048656936017, 1.514007338059765 ], [ 103.65504843010055, 1.514006826567828 ], [ 103.655048212179793, 1.514006311217355 ], [ 103.655048003239429, 1.514005792163595 ], [ 103.655047803342356, 1.514005269562919 ], [ 103.655047612548827, 1.514004743572757 ], [ 103.655047430916298, 1.514004214351569 ], [ 103.655047258499508, 1.514003682058783 ], [ 103.655047095350369, 1.514003146854753 ], [ 103.655046941518066, 1.514002608900713 ], [ 103.655046797048911, 1.514002068358723 ], [ 103.655046661986447, 1.514001525391621 ], [ 103.65504653637133, 1.51400098016298 ], [ 103.655046420241447, 1.514000432837051 ], [ 103.655046313631743, 1.513999883578717 ], [ 103.655046216574348, 1.513999332553444 ], [ 103.655046129098523, 1.513998779927232 ], [ 103.65504605123057, 1.513998225866559 ], [ 103.655045982994011, 1.513997670538338 ], [ 103.65504592440935, 1.513997114109865 ], [ 103.655045875494267, 1.513996556748765 ], [ 103.655045836263469, 1.513995998622944 ], [ 103.655045806728822, 1.51399543990054 ], [ 103.655045786899151, 1.51399488074987 ], [ 103.655045776780497, 1.513994321339379 ], [ 103.655045776375886, 1.513993761837592 ], [ 103.655045785685431, 1.513993202413062 ], [ 103.655045804706333, 1.513992643234314 ], [ 103.655045833432851, 1.513992084469806 ], [ 103.655045871856345, 1.513991526287866 ], [ 103.655045919965247, 1.513990968856647 ], [ 103.655045977745061, 1.513990412344079 ], [ 103.655046045178366, 1.513989856917812 ], [ 103.655046122244855, 1.513989302745171 ], [ 103.655046208921306, 1.513988749993101 ], [ 103.655046305181628, 1.513988198828121 ], [ 103.655046410996789, 1.513987649416271 ], [ 103.655046526334942, 1.513987101923063 ], [ 103.655046651161314, 1.513986556513432 ], [ 103.65504678543833, 1.513986013351683 ], [ 103.655046929125533, 1.513985472601446 ], [ 103.655047082179621, 1.513984934425624 ], [ 103.655047244554481, 1.513984398986344 ], [ 103.655047416201214, 1.513983866444909 ], [ 103.655047597068105, 1.513983336961748 ], [ 103.655047787100671, 1.51398281069637 ], [ 103.655047986241669, 1.513982287807314 ], [ 103.655048194431089, 1.513981768452102 ], [ 103.655048411606231, 1.513981252787193 ], [ 103.655048637701654, 1.51398074096793 ], [ 103.655048872649274, 1.513980233148502 ], [ 103.655049116378279, 1.513979729481891 ], [ 103.65504936881527, 1.513979230119827 ], [ 103.655049629884161, 1.513978735212746 ], [ 103.655049899506366, 1.51397824490974 ], [ 103.6550501776006, 1.513977759358514 ], [ 103.655050464083146, 1.513977278705342 ], [ 103.655050758867631, 1.513976803095022 ], [ 103.655051061865294, 1.513976332670834 ], [ 103.655051372984872, 1.513975867574494 ], [ 103.655051692132588, 1.513975407946114 ], [ 103.655052019212334, 1.513974953924158 ], [ 103.655052354125573, 1.513974505645402 ], [ 103.655052696771392, 1.513974063244892 ], [ 103.655053047046593, 1.513973626855903 ], [ 103.655053404845646, 1.513973196609896 ], [ 103.655053770060761, 1.513972772636487 ], [ 103.655054142581903, 1.513972355063398 ], [ 103.655054522296865, 1.513971944016424 ], [ 103.655054909091248, 1.513971539619394 ], [ 103.655055302848538, 1.513971141994135 ], [ 103.655055703450117, 1.513970751260433 ], [ 103.655056110775277, 1.513970367535995 ], [ 103.655056524701337, 1.513969990936423 ], [ 103.655056945103581, 1.513969621575167 ], [ 103.655057371855392, 1.513969259563499 ], [ 103.655057804828189, 1.513968905010475 ], [ 103.655058243891517, 1.513968558022906 ], [ 103.65505868891313, 1.513968218705322 ], [ 103.655059139758976, 1.513967887159946 ], [ 103.655059596293214, 1.513967563486655 ], [ 103.655060058378311, 1.513967247782958 ], [ 103.655060525875086, 1.51396694014396 ], [ 103.655060998642696, 1.51396664066234 ], [ 103.655061476538677, 1.513966349428316 ], [ 103.655061959419129, 1.513966066529625 ], [ 103.655062447138533, 1.513965792051491 ], [ 103.655062939549993, 1.5139655260766 ], [ 103.655063436505131, 1.513965268685078 ], [ 103.655063937854266, 1.513965019954467 ], [ 103.655064443446363, 1.513964779959696 ], [ 103.655064953129099, 1.513964548773065 ], [ 103.655065466748965, 1.513964326464219 ], [ 103.655065984151179, 1.51396411310013 ], [ 103.655066505179903, 1.513963908745074 ], [ 103.655067029678179, 1.513963713460614 ], [ 103.655067557487968, 1.51396352730558 ], [ 103.655068088450321, 1.513963350336052 ], [ 103.655068622405224, 1.513963182605343 ], [ 103.655069159191854, 1.513963024163981 ], [ 103.655069698648504, 1.513962875059699 ], [ 103.655070240612645, 1.513962735337413 ], [ 103.655070784921037, 1.513962605039216 ], [ 103.655071331409673, 1.513962484204361 ], [ 103.655071879913933, 1.513962372869249 ], [ 103.655072430268589, 1.513962271067421 ], [ 103.655072982307814, 1.513962178829544 ], [ 103.655073535865341, 1.513962096183406 ], [ 103.655074090774406, 1.513962023153904 ], [ 103.655074646867817, 1.513961959763038 ], [ 103.655075203978058, 1.513961906029906 ], [ 103.655075761937326, 1.513961861970694 ], [ 103.655076320577479, 1.513961827598675 ], [ 103.65507687973026, 1.513961802924204 ], [ 103.655077439227227, 1.513961787954714 ], [ 103.655077998899813, 1.513961782694716 ], [ 103.655078558579419, 1.513961787145793 ], [ 103.655079118097461, 1.513961801306604 ], [ 103.655079677285357, 1.513961825172884 ], [ 103.655080235974623, 1.513961858737443 ], [ 103.65508079399703, 1.513961901990168 ], [ 103.655081227424333, 1.513962022093355 ], [ 103.655081662878715, 1.513962134631 ], [ 103.655082100228029, 1.513962239568952 ], [ 103.655082539339546, 1.513962336875365 ], [ 103.655082980080053, 1.513962426520713 ], [ 103.655083422315755, 1.513962508477793 ], [ 103.655083865912502, 1.513962582721734 ], [ 103.65508431073566, 1.513962649230008 ], [ 103.655084756650254, 1.513962707982431 ], [ 103.655085203520954, 1.513962758961176 ], [ 103.65508565121219, 1.513962802150773 ], [ 103.65508609958809, 1.513962837538115 ], [ 103.655086548512614, 1.513962865112466 ], [ 103.65508699784948, 1.513962884865456 ], [ 103.655087447462378, 1.513962896791093 ], [ 103.655087897214855, 1.513962900885757 ], [ 103.655088346970487, 1.513962897148206 ], [ 103.655088796592722, 1.513962885579573 ], [ 103.655089245945149, 1.51396286618337 ], [ 103.655089694891416, 1.513962838965482 ], [ 103.655090143295283, 1.513962803934169 ], [ 103.655090591020695, 1.51396276110006 ], [ 103.655091037931783, 1.513962710476155 ], [ 103.655091483892917, 1.513962652077814 ], [ 103.655091928768798, 1.513962585922759 ], [ 103.655092372424377, 1.513962512031065 ], [ 103.65509281472508, 1.513962430425154 ], [ 103.655093255536656, 1.51396234112979 ], [ 103.655093694725366, 1.513962244172069 ], [ 103.655094132157913, 1.513962139581414 ], [ 103.655094567701568, 1.513962027389562 ], [ 103.655095001224169, 1.513961907630559 ], [ 103.655095432594166, 1.513961780340746 ], [ 103.655095861680635, 1.513961645558748 ], [ 103.655096288353405, 1.513961503325466 ], [ 103.655096712482973, 1.513961353684061 ], [ 103.655097133940643, 1.513961196679941 ], [ 103.655097552598534, 1.51396103236075 ], [ 103.655097968329599, 1.51396086077635 ], [ 103.655098148415647, 1.513960782751987 ], [ 103.655133224771674, 1.513927200821719 ], [ 103.655155049186334, 1.513949980530381 ], [ 103.655173999697666, 1.513931837404338 ], [ 103.655008170446607, 1.513758749497981 ], [ 103.654970591048141, 1.513794727831508 ], [ 103.654961590322657, 1.513785333127298 ], [ 103.654809782005159, 1.513930673667011 ], [ 103.654780676226594, 1.513900293875684 ], [ 103.654741165397311, 1.51393812134907 ], [ 103.654741095504662, 1.513938188263951 ], [ 103.654685823822149, 1.513991105099511 ], [ 103.654696783730984, 1.514002544760807 ], [ 103.654720444160247, 1.513979892382924 ], [ 103.654819287964997, 1.514083062754975 ], [ 103.654795627458824, 1.51410571520541 ], [ 103.654793550031187, 1.514107704124233 ], [ 103.654875057200954, 1.514192779055178 ], [ 103.654920083805465, 1.514149670838393 ] ] ] ] } },
{ "type": "Feature", "properties": { "id": null, "FloorLevel": "2", "Zone": "Pink", "ShopName": "Mister Coffee", "LotNo": "2-102A", "Type": "Shop", "Category": "Food and Beverage", "layer": "Level2_TasekCentral_fixed", "path": "C:/Users/Stephanie/Documents/001 Tasek Mall/04 GIS/Floorplans/Floorplans FINAL/Level2_TasekCentral_fixed.shp" }, "geometry": { "type": "MultiPolygon", "coordinates": [ [ [ [ 103.654988613457348, 1.514221200194453 ], [ 103.654954348631406, 1.514185435516718 ], [ 103.654909322026597, 1.514228543733148 ], [ 103.654943586852866, 1.5142643084098 ], [ 103.654988613457348, 1.514221200194453 ] ] ] ] } },
{ "type": "Feature", "properties": { "id": null, "FloorLevel": "2", "Zone": "Orange", "ShopName": null, "LotNo": null, "Type": "Shop", "Category": "Unoccupied", "layer": "Level2_TasekCentral_fixed", "path": "C:/Users/Stephanie/Documents/001 Tasek Mall/04 GIS/Floorplans/Floorplans FINAL/Level2_TasekCentral_fixed.shp" }, "geometry": { "type": "MultiPolygon", "coordinates": [ [ [ [ 103.654385595913169, 1.513774626348174 ], [ 103.65443815011875, 1.513829480982771 ], [ 103.654449987953001, 1.513841836988913 ], [ 103.654438150118764, 1.513829480982771 ], [ 103.65444261366352, 1.513825207609579 ], [ 103.654442613663505, 1.513825207609578 ], [ 103.65444985718365, 1.51376924643057 ], [ 103.654497087297358, 1.513724029003293 ], [ 103.654553810976751, 1.513718748912612 ], [ 103.654599801256978, 1.513766752757379 ], [ 103.654597909415827, 1.513788734656515 ], [ 103.654597909415841, 1.513788734656527 ], [ 103.654699459572129, 1.513894729851094 ], [ 103.654739435187963, 1.5138564573926 ], [ 103.654540369527624, 1.513647093837719 ], [ 103.654515269438832, 1.513671124541922 ], [ 103.654504906657181, 1.513660308161256 ], [ 103.654482458346976, 1.513681800065362 ], [ 103.654471597830792, 1.513670464163421 ], [ 103.654416339720697, 1.513723367968335 ], [ 103.654397425143927, 1.513741476692541 ], [ 103.654408330987295, 1.513752859912632 ], [ 103.654385595913169, 1.513774626348174 ] ] ] ] } },
{ "type": "Feature", "properties": { "id": null, "FloorLevel": "2", "Zone": "Yellow", "ShopName": null, "LotNo": null, "Type": "Shop", "Category": "Unoccupied", "layer": "Level2_TasekCentral_fixed", "path": "C:/Users/Stephanie/Documents/001 Tasek Mall/04 GIS/Floorplans/Floorplans FINAL/Level2_TasekCentral_fixed.shp" }, "geometry": { "type": "MultiPolygon", "coordinates": [ [ [ [ 103.654408343292985, 1.514536833937032 ], [ 103.654420550691071, 1.514525146644777 ], [ 103.654430760091003, 1.514515372224377 ], [ 103.65435932470271, 1.514440809945038 ], [ 103.654331223674518, 1.514467713707634 ], [ 103.654349513238685, 1.51448680384607 ], [ 103.654360823547805, 1.514475975421318 ], [ 103.654367404863137, 1.514469674507938 ], [ 103.654420550691071, 1.514525146644776 ], [ 103.654408343292985, 1.514536833937032 ] ] ] ] } },
{ "type": "Feature", "properties": { "id": null, "FloorLevel": "2", "Zone": "Yellow", "ShopName": null, "LotNo": null, "Type": "Lift", "Category": null, "layer": "Level2_TasekCentral_fixed", "path": "C:/Users/Stephanie/Documents/001 Tasek Mall/04 GIS/Floorplans/Floorplans FINAL/Level2_TasekCentral_fixed.shp" }, "geometry": { "type": "MultiPolygon", "coordinates": [ [ [ [ 103.654331223674518, 1.514467713707634 ], [ 103.654307477687027, 1.514490447979065 ], [ 103.654325767251336, 1.514509538117708 ], [ 103.654349513238685, 1.51448680384607 ], [ 103.654331223674518, 1.514467713707634 ] ] ] ] } },
{ "type": "Feature", "properties": { "id": null, "FloorLevel": "2", "Zone": "Yellow", "ShopName": null, "LotNo": null, "Type": "Lift", "Category": null, "layer": "Level2_TasekCentral_fixed", "path": "C:/Users/Stephanie/Documents/001 Tasek Mall/04 GIS/Floorplans/Floorplans FINAL/Level2_TasekCentral_fixed.shp" }, "geometry": { "type": "MultiPolygon", "coordinates": [ [ [ [ 103.654325767251336, 1.514509538117708 ], [ 103.654307477687027, 1.514490447979065 ], [ 103.654283731699564, 1.514513182250258 ], [ 103.654302021263959, 1.514532272388725 ], [ 103.654325767251336, 1.514509538117708 ] ] ] ] } },
{ "type": "Feature", "properties": { "id": null, "FloorLevel": "2", "Zone": "Orange", "ShopName": null, "LotNo": null, "Type": "Toilet", "Category": null, "layer": "Level2_TasekCentral_fixed", "path": "C:/Users/Stephanie/Documents/001 Tasek Mall/04 GIS/Floorplans/Floorplans FINAL/Level2_TasekCentral_fixed.shp" }, "geometry": { "type": "MultiPolygon", "coordinates": [ [ [ [ 103.654227072876196, 1.514426829450437 ], [ 103.654192622930026, 1.514459811629806 ], [ 103.654235398274082, 1.51450445935349 ], [ 103.654269848224502, 1.514471477171754 ], [ 103.654227072876196, 1.514426829450437 ] ] ] ] } },
{ "type": "Feature", "properties": { "id": null, "FloorLevel": "2", "Zone": "Orange", "ShopName": null, "LotNo": null, "Type": "Toilet", "Category": null, "layer": "Level2_TasekCentral_fixed", "path": "C:/Users/Stephanie/Documents/001 Tasek Mall/04 GIS/Floorplans/Floorplans FINAL/Level2_TasekCentral_fixed.shp" }, "geometry": { "type": "MultiPolygon", "coordinates": [ [ [ [ 103.654251694834826, 1.514403256529583 ], [ 103.654240916574608, 1.514413575573662 ], [ 103.654227072876196, 1.514426829450437 ], [ 103.654269848224502, 1.514471477171754 ], [ 103.654294470182705, 1.514447904251664 ], [ 103.654251694834826, 1.514403256529583 ] ] ] ] } },
{ "type": "Feature", "properties": { "id": null, "FloorLevel": "2", "Zone": "Orange", "ShopName": null, "LotNo": null, "Type": "Nursing Room", "Category": null, "layer": "Level2_TasekCentral_fixed", "path": "C:/Users/Stephanie/Documents/001 Tasek Mall/04 GIS/Floorplans/Floorplans FINAL/Level2_TasekCentral_fixed.shp" }, "geometry": { "type": "MultiPolygon", "coordinates": [ [ [ [ 103.654287508257113, 1.514413408487636 ], [ 103.654298523602151, 1.514402862460022 ], [ 103.654276316793514, 1.514379683608474 ], [ 103.654265301448476, 1.514390229636313 ], [ 103.654287508257113, 1.514413408487636 ] ] ] ] } },
{ "type": "Feature", "properties": { "id": null, "FloorLevel": "2", "Zone": null, "ShopName": null, "LotNo": null, "Type": "Escalator", "Category": null, "layer": "Level2_TasekCentral_fixed", "path": "C:/Users/Stephanie/Documents/001 Tasek Mall/04 GIS/Floorplans/Floorplans FINAL/Level2_TasekCentral_fixed.shp" }, "geometry": { "type": "MultiPolygon", "coordinates": [ [ [ [ 103.65445515070769, 1.514436871888527 ], [ 103.654361026208889, 1.514338627401545 ], [ 103.654358262726973, 1.514341273144771 ], [ 103.654349735235925, 1.514349437320412 ], [ 103.654346398750945, 1.514352631653798 ], [ 103.654357416623185, 1.514364131796953 ], [ 103.654357915246749, 1.514364652246106 ], [ 103.654440523249903, 1.514450876139792 ], [ 103.654440523249903, 1.514450876139792 ], [ 103.65445515070769, 1.514436871888527 ] ] ] ] } },
{ "type": "Feature", "properties": { "id": null, "FloorLevel": "2", "Zone": null, "ShopName": null, "LotNo": null, "Type": "Escalator", "Category": null, "layer": "Level2_TasekCentral_fixed", "path": "C:/Users/Stephanie/Documents/001 Tasek Mall/04 GIS/Floorplans/Floorplans FINAL/Level2_TasekCentral_fixed.shp" }, "geometry": { "type": "MultiPolygon", "coordinates": [ [ [ [ 103.654247812765959, 1.514104525265418 ], [ 103.654346686567763, 1.514011124818119 ], [ 103.654332771035001, 1.513996404105726 ], [ 103.654251595778391, 1.514075169969976 ], [ 103.654235148918843, 1.514091128664388 ], [ 103.654247812765959, 1.514104525265418 ] ] ] ] } },
{ "type": "Feature", "properties": { "id": null, "FloorLevel": "2", "Zone": null, "ShopName": null, "LotNo": null, "Type": "Escalator", "Category": null, "layer": "Level2_TasekCentral_fixed", "path": "C:/Users/Stephanie/Documents/001 Tasek Mall/04 GIS/Floorplans/Floorplans FINAL/Level2_TasekCentral_fixed.shp" }, "geometry": { "type": "MultiPolygon", "coordinates": [ [ [ [ 103.654537411911619, 1.513832999419322 ], [ 103.654631536392259, 1.513931243902007 ], [ 103.654646163846039, 1.513917239650074 ], [ 103.65456789696114, 1.513835546879329 ], [ 103.654552039365058, 1.513818995166815 ], [ 103.654537411911619, 1.513832999419322 ] ] ] ] } },
{ "type": "Feature", "properties": { "id": null, "FloorLevel": "2", "Zone": null, "ShopName": null, "LotNo": null, "Type": "Escalator", "Category": null, "layer": "Level2_TasekCentral_fixed", "path": "C:/Users/Stephanie/Documents/001 Tasek Mall/04 GIS/Floorplans/Floorplans FINAL/Level2_TasekCentral_fixed.shp" }, "geometry": { "type": "MultiPolygon", "coordinates": [ [ [ [ 103.654767818846167, 1.514397021283652 ], [ 103.654866692633618, 1.514303620810478 ], [ 103.654852777095215, 1.514288900102298 ], [ 103.654771601848097, 1.514367665984732 ], [ 103.654755154990454, 1.514383624682828 ], [ 103.654767818846167, 1.514397021283652 ] ] ] ] } },
{ "type": "Feature", "properties": { "id": null, "FloorLevel": "2", "Zone": "Pink", "ShopName": null, "LotNo": null, "Type": "Toilet", "Category": null, "layer": "Level2_TasekCentral_fixed", "path": "C:/Users/Stephanie/Documents/001 Tasek Mall/04 GIS/Floorplans/Floorplans FINAL/Level2_TasekCentral_fixed.shp" }, "geometry": { "type": "MultiPolygon", "coordinates": [ [ [ [ 103.655063807766297, 1.51433543192214 ], [ 103.655007300549769, 1.514389331846351 ], [ 103.655016105965259, 1.514398556757277 ], [ 103.655027474062379, 1.5143877131942 ], [ 103.655045132525728, 1.514406212917778 ], [ 103.655062856099846, 1.514389307125311 ], [ 103.655062856099818, 1.51438930712528 ], [ 103.655072036106745, 1.514380550692047 ], [ 103.655090271645349, 1.514363156557337 ], [ 103.655081457679742, 1.514353922688707 ], [ 103.655063807766297, 1.51433543192214 ] ] ] ] } },
{ "type": "Feature", "properties": { "id": null, "FloorLevel": "2", "Zone": "Pink", "ShopName": null, "LotNo": null, "Type": "Toilet", "Category": null, "layer": "Level2_TasekCentral_fixed", "path": "C:/Users/Stephanie/Documents/001 Tasek Mall/04 GIS/Floorplans/Floorplans FINAL/Level2_TasekCentral_fixed.shp" }, "geometry": { "type": "MultiPolygon", "coordinates": [ [ [ [ 103.654998436305931, 1.514380045304386 ], [ 103.655009655124701, 1.514369344131746 ], [ 103.654991985465486, 1.514350832678762 ], [ 103.654980766646617, 1.514361533851337 ], [ 103.654998436305931, 1.514380045304386 ] ] ] ] } },
{ "type": "Feature", "properties": { "id": null, "FloorLevel": "2", "Zone": "Green", "ShopName": null, "LotNo": null, "Type": "Toilet", "Category": null, "layer": "Level2_TasekCentral_fixed", "path": "C:/Users/Stephanie/Documents/001 Tasek Mall/04 GIS/Floorplans/Floorplans FINAL/Level2_TasekCentral_fixed.shp" }, "geometry": { "type": "MultiPolygon", "coordinates": [ [ [ [ 103.655664837185, 1.513927312139385 ], [ 103.65568026856009, 1.513912538216832 ], [ 103.655683937306861, 1.513916367551293 ], [ 103.655711579409953, 1.513889903137962 ], [ 103.655678631198427, 1.513855512721648 ], [ 103.655635557719549, 1.513896751058569 ], [ 103.655664837185, 1.513927312139385 ] ] ] ] } },
{ "type": "Feature", "properties": { "id": null, "FloorLevel": "2", "Zone": "Blue", "ShopName": null, "LotNo": null, "Type": "Toilet", "Category": null, "layer": "Level2_TasekCentral_fixed", "path": "C:/Users/Stephanie/Documents/001 Tasek Mall/04 GIS/Floorplans/Floorplans FINAL/Level2_TasekCentral_fixed.shp" }, "geometry": { "type": "MultiPolygon", "coordinates": [ [ [ [ 103.65568026856009, 1.513912538216832 ], [ 103.655683937306861, 1.513916367551294 ], [ 103.655695292437997, 1.51392821971712 ], [ 103.655706731286415, 1.513917268219906 ], [ 103.655695376155336, 1.513905416054215 ], [ 103.655683937306861, 1.513916367551293 ], [ 103.65568026856009, 1.513912538216832 ] ] ] ] } },
{ "type": "Feature", "properties": { "id": null, "FloorLevel": "2", "Zone": "Blue", "ShopName": null, "LotNo": null, "Type": "Shop", "Category": "Unoccupied", "layer": "Level2_TasekCentral_fixed", "path": "C:/Users/Stephanie/Documents/001 Tasek Mall/04 GIS/Floorplans/Floorplans FINAL/Level2_TasekCentral_fixed.shp" }, "geometry": { "type": "MultiPolygon", "coordinates": [ [ [ [ 103.655724700754106, 1.514010557974291 ], [ 103.655594896826074, 1.513873102519086 ], [ 103.655559506534203, 1.513906985010729 ], [ 103.655585074831606, 1.51393367247884 ], [ 103.655572267391818, 1.513945934258526 ], [ 103.655622185388594, 1.513998037255225 ], [ 103.655631557916408, 1.513989064043563 ], [ 103.655686859863579, 1.514046786654593 ], [ 103.655724700754106, 1.514010557974291 ] ] ] ] } },
{ "type": "Feature", "properties": { "id": null, "FloorLevel": "2", "Zone": "Green", "ShopName": null, "LotNo": null, "Type": "Shop", "Category": "Unoccupied", "layer": "Level2_TasekCentral_fixed", "path": "C:/Users/Stephanie/Documents/001 Tasek Mall/04 GIS/Floorplans/Floorplans FINAL/Level2_TasekCentral_fixed.shp" }, "geometry": { "type": "MultiPolygon", "coordinates": [ [ [ [ 103.65553836432025, 1.513830059949647 ], [ 103.655493187948323, 1.513873311427509 ], [ 103.655517619988274, 1.513898812996517 ], [ 103.655562796360385, 1.513855561518883 ], [ 103.65553836432025, 1.513830059949647 ] ] ] ] } },
{ "type": "Feature", "properties": { "id": null, "FloorLevel": "2", "Zone": "Green", "ShopName": "Kedai Emas Yi Mei", "LotNo": "2-15", "Type": "Shop", "Category": "Fashion, Accessories and Footwear", "layer": "Level2_TasekCentral_fixed", "path": "C:/Users/Stephanie/Documents/001 Tasek Mall/04 GIS/Floorplans/Floorplans FINAL/Level2_TasekCentral_fixed.shp" }, "geometry": { "type": "MultiPolygon", "coordinates": [ [ [ [ 103.655493187948323, 1.513873311427509 ], [ 103.655445379694271, 1.513919082646438 ], [ 103.655493950712511, 1.513969779889357 ], [ 103.655541758965057, 1.513924008673022 ], [ 103.655517619988274, 1.513898812996517 ], [ 103.655493187948323, 1.513873311427509 ] ] ] ] } },
{ "type": "Feature", "properties": { "id": null, "FloorLevel": "2", "Zone": "Pink", "ShopName": null, "LotNo": null, "Type": "Lift", "Category": null, "layer": "Level2_TasekCentral_fixed", "path": "C:/Users/Stephanie/Documents/001 Tasek Mall/04 GIS/Floorplans/Floorplans FINAL/Level2_TasekCentral_fixed.shp" }, "geometry": { "type": "MultiPolygon", "coordinates": [ [ [ [ 103.65521576472868, 1.514099673014216 ], [ 103.655192371071408, 1.514121987692874 ], [ 103.65521099162892, 1.514141495347881 ], [ 103.655234385682093, 1.514119180714716 ], [ 103.65521576472868, 1.514099673014216 ] ] ] ] } },
{ "type": "Feature", "properties": { "id": null, "FloorLevel": "2", "Zone": "Orange", "ShopName": null, "LotNo": null, "Type": "Lift", "Category": null, "layer": "Level2_TasekCentral_fixed", "path": "C:/Users/Stephanie/Documents/001 Tasek Mall/04 GIS/Floorplans/Floorplans FINAL/Level2_TasekCentral_fixed.shp" }, "geometry": { "type": "MultiPolygon", "coordinates": [ [ [ [ 103.654038284816565, 1.51413268422649 ], [ 103.654056362802876, 1.51411537646416 ], [ 103.654034023434903, 1.514092059248185 ], [ 103.654015945448378, 1.514109367010962 ], [ 103.654038284816565, 1.51413268422649 ] ] ] ] } },
{ "type": "Feature", "properties": { "id": null, "FloorLevel": "2", "Zone": "Orange", "ShopName": null, "LotNo": null, "Type": "Lift", "Category": null, "layer": "Level2_TasekCentral_fixed", "path": "C:/Users/Stephanie/Documents/001 Tasek Mall/04 GIS/Floorplans/Floorplans FINAL/Level2_TasekCentral_fixed.shp" }, "geometry": { "type": "MultiPolygon", "coordinates": [ [ [ [ 103.654056362802876, 1.51411537646416 ], [ 103.654038284816565, 1.51413268422649 ], [ 103.654060624184766, 1.514156001441769 ], [ 103.654073710199768, 1.514143472964841 ], [ 103.654078702171148, 1.51413869367958 ], [ 103.654056362802876, 1.51411537646416 ] ] ] ] } },
{ "type": "Feature", "properties": { "id": null, "FloorLevel": "2", "Zone": "Orange", "ShopName": null, "LotNo": null, "Type": "Lift", "Category": null, "layer": "Level2_TasekCentral_fixed", "path": "C:/Users/Stephanie/Documents/001 Tasek Mall/04 GIS/Floorplans/Floorplans FINAL/Level2_TasekCentral_fixed.shp" }, "geometry": { "type": "MultiPolygon", "coordinates": [ [ [ [ 103.65458954387887, 1.51399010480416 ], [ 103.654608840330368, 1.513971630476802 ], [ 103.654589072931614, 1.513950997823859 ], [ 103.654569776479732, 1.513969472151782 ], [ 103.65458954387887, 1.51399010480416 ] ] ] ] } },
{ "type": "Feature", "properties": { "id": null, "FloorLevel": "2", "Zone": null, "ShopName": null, "LotNo": null, "Type": "Escalator", "Category": null, "layer": "Level2_TasekCentral_fixed", "path": "C:/Users/Stephanie/Documents/001 Tasek Mall/04 GIS/Floorplans/Floorplans FINAL/Level2_TasekCentral_fixed.shp" }, "geometry": { "type": "MultiPolygon", "coordinates": [ [ [ [ 103.655278828594192, 1.513718526421514 ], [ 103.655278828594234, 1.513718526421517 ], [ 103.655289856799726, 1.513707968050174 ], [ 103.655226803654273, 1.513642155075582 ], [ 103.655215775448752, 1.513652713447264 ], [ 103.655278828594192, 1.513718526421514 ] ] ] ] } },
{ "type": "Feature", "properties": { "id": null, "FloorLevel": "2", "Zone": null, "ShopName": null, "LotNo": null, "Type": "Escalator", "Category": null, "layer": "Level2_TasekCentral_fixed", "path": "C:/Users/Stephanie/Documents/001 Tasek Mall/04 GIS/Floorplans/Floorplans FINAL/Level2_TasekCentral_fixed.shp" }, "geometry": { "type": "MultiPolygon", "coordinates": [ [ [ [ 103.655278828594234, 1.513718526421517 ], [ 103.655278828594192, 1.513718526421514 ], [ 103.655215775448752, 1.513652713447264 ], [ 103.655216650976556, 1.513651875219505 ], [ 103.655204747243189, 1.513663271818858 ], [ 103.655267800388643, 1.513729084792804 ], [ 103.655286966725342, 1.513710734998854 ], [ 103.655278828594234, 1.513718526421517 ] ] ] ] } },
{ "type": "Feature", "properties": { "id": null, "FloorLevel": "2", "Zone": "Green", "ShopName": null, "LotNo": null, "Type": "Lift", "Category": null, "layer": "Level2_TasekCentral_fixed", "path": "C:/Users/Stephanie/Documents/001 Tasek Mall/04 GIS/Floorplans/Floorplans FINAL/Level2_TasekCentral_fixed.shp" }, "geometry": { "type": "MultiPolygon", "coordinates": [ [ [ [ 103.655531833880772, 1.513737121524749 ], [ 103.655553209574606, 1.513759433355243 ], [ 103.655570615401075, 1.51374276988609 ], [ 103.655570616084958, 1.513742769576947 ], [ 103.655549239615482, 1.513720457418346 ], [ 103.655549239615439, 1.513720457418369 ], [ 103.655531833880772, 1.513737121524749 ] ] ] ] } },
{ "type": "Feature", "properties": { "id": null, "FloorLevel": "2", "Zone": "Green", "ShopName": null, "LotNo": null, "Type": "Lift", "Category": null, "layer": "Level2_TasekCentral_fixed", "path": "C:/Users/Stephanie/Documents/001 Tasek Mall/04 GIS/Floorplans/Floorplans FINAL/Level2_TasekCentral_fixed.shp" }, "geometry": { "type": "MultiPolygon", "coordinates": [ [ [ [ 103.655553209574606, 1.513759433355243 ], [ 103.655531833880772, 1.513737121524749 ], [ 103.655514428700499, 1.513753785099997 ], [ 103.655535803748194, 1.513776096824267 ], [ 103.655553209574606, 1.513759433355243 ] ] ] ] } },
{ "type": "Feature", "properties": { "id": null, "FloorLevel": "2", "Zone": "Purple", "ShopName": null, "LotNo": null, "Type": "Lift", "Category": null, "layer": "Level2_TasekCentral_fixed", "path": "C:/Users/Stephanie/Documents/001 Tasek Mall/04 GIS/Floorplans/Floorplans FINAL/Level2_TasekCentral_fixed.shp" }, "geometry": { "type": "MultiPolygon", "coordinates": [ [ [ [ 103.655587131912853, 1.514319613856232 ], [ 103.655608507968878, 1.514341926064766 ], [ 103.655625913795333, 1.514325262595614 ], [ 103.655604538017414, 1.514302950120525 ], [ 103.655587131912853, 1.514319613856232 ] ] ] ] } },
{ "type": "Feature", "properties": { "id": null, "FloorLevel": "2", "Zone": "Purple", "ShopName": null, "LotNo": null, "Type": "Lift", "Category": null, "layer": "Level2_TasekCentral_fixed", "path": "C:/Users/Stephanie/Documents/001 Tasek Mall/04 GIS/Floorplans/Floorplans FINAL/Level2_TasekCentral_fixed.shp" }, "geometry": { "type": "MultiPolygon", "coordinates": [ [ [ [ 103.655608507968878, 1.514341926064766 ], [ 103.655587131912853, 1.514319613856232 ], [ 103.655569725882046, 1.514336277521007 ], [ 103.655591102142466, 1.514358589533791 ], [ 103.655591102301301, 1.514358589381733 ], [ 103.655591102301301, 1.514358589381733 ], [ 103.655608507968878, 1.514341926064766 ] ] ] ] } },
{ "type": "Feature", "properties": { "id": null, "FloorLevel": "2", "Zone": null, "ShopName": null, "LotNo": null, "Type": "Void", "Category": null, "layer": "Level2_TasekCentral_fixed", "path": "C:/Users/Stephanie/Documents/001 Tasek Mall/04 GIS/Floorplans/Floorplans FINAL/Level2_TasekCentral_fixed.shp" }, "geometry": { "type": "MultiPolygon", "coordinates": [ [ [ [ 103.655412130718233, 1.513985950094284 ], [ 103.655430383418178, 1.513981488158555 ], [ 103.655450573343217, 1.51396215849544 ], [ 103.655403490733562, 1.513913014813946 ], [ 103.655399289958666, 1.513917036600341 ], [ 103.655412130718233, 1.513985950094284 ] ] ] ] } },
{ "type": "Feature", "properties": { "id": null, "FloorLevel": "2", "Zone": null, "ShopName": null, "LotNo": null, "Type": "Void", "Category": null, "layer": "Level2_TasekCentral_fixed", "path": "C:/Users/Stephanie/Documents/001 Tasek Mall/04 GIS/Floorplans/Floorplans FINAL/Level2_TasekCentral_fixed.shp" }, "geometry": { "type": "MultiPolygon", "coordinates": [ [ [ [ 103.655385278899075, 1.513930450670433 ], [ 103.655351878639181, 1.513962427796506 ], [ 103.655381571437843, 1.513993420416148 ], [ 103.655396339475615, 1.513989810318213 ], [ 103.655385278899075, 1.513930450670433 ] ] ] ] } },
{ "type": "Feature", "properties": { "id": null, "FloorLevel": "2", "Zone": "Orange", "ShopName": null, "LotNo": null, "Type": "Shop", "Category": "Unoccupied", "layer": "Level2_TasekCentral_fixed", "path": "C:/Users/Stephanie/Documents/001 Tasek Mall/04 GIS/Floorplans/Floorplans FINAL/Level2_TasekCentral_fixed.shp" }, "geometry": { "type": "MultiPolygon", "coordinates": [ [ [ [ 103.654319092141293, 1.514424331330532 ], [ 103.654331842215157, 1.514412124483567 ], [ 103.654331842215157, 1.514412124483566 ], [ 103.654331842215157, 1.514412124483568 ], [ 103.654331842215157, 1.514412124483564 ], [ 103.654331842215157, 1.514412124483567 ], [ 103.654331842215157, 1.514412124483567 ], [ 103.654340362121843, 1.514403967574148 ], [ 103.654297586774177, 1.514359319851529 ], [ 103.654289066870774, 1.514367476757995 ], [ 103.654283611073907, 1.514372700106478 ], [ 103.654289063716874, 1.514367479777552 ], [ 103.654276316793514, 1.514379683608474 ], [ 103.654319092141293, 1.514424331330532 ] ], [ [ 103.654289066870803, 1.514367476757995 ], [ 103.654289066870888, 1.51436747675808 ], [ 103.654289066870888, 1.51436747675808 ], [ 103.654289066870803, 1.514367476757995 ] ] ] ] } },
{ "type": "Feature", "properties": { "id": null, "FloorLevel": "2", "Zone": null, "ShopName": null, "LotNo": null, "Type": "Walkway", "Category": null, "layer": "Level2_TasekCentral_fixed", "path": "C:/Users/Stephanie/Documents/001 Tasek Mall/04 GIS/Floorplans/Floorplans FINAL/Level2_TasekCentral_fixed.shp" }, "geometry": { "type": "MultiPolygon", "coordinates": [ [ [ [ 103.655278120838446, 1.514030697572916 ], [ 103.65531117101726, 1.513999172353349 ], [ 103.655343138093301, 1.514032662366911 ], [ 103.655367853085721, 1.51400908774227 ], [ 103.655408406609126, 1.514051573270442 ], [ 103.655434396420659, 1.514078801257481 ], [ 103.65545830632324, 1.514103850246014 ], [ 103.655518902053998, 1.514167332804609 ], [ 103.655556664266868, 1.514206894037815 ], [ 103.655605310745187, 1.514257858069997 ], [ 103.655563495307689, 1.514297744108119 ], [ 103.655547545576738, 1.514312957904584 ], [ 103.655563185165988, 1.514329342460194 ], [ 103.655563131186099, 1.514329394140082 ], [ 103.655569725882046, 1.514336277521007 ], [ 103.655604538017414, 1.514302950120525 ], [ 103.655625913795333, 1.514325262595614 ], [ 103.655591102301301, 1.514358589381733 ], [ 103.655649914066132, 1.514420202542659 ], [ 103.655723097627074, 1.514350136529484 ], [ 103.655773214919819, 1.514302154185879 ], [ 103.655875273569634, 1.514204443125261 ], [ 103.655947071792497, 1.514135703429331 ], [ 103.655887194071738, 1.514073204757522 ], [ 103.655887101111887, 1.514073107728673 ], [ 103.655886049096495, 1.514074114922949 ], [ 103.655883424327598, 1.514076627863562 ], [ 103.655873820129301, 1.514085822875038 ], [ 103.655881712188844, 1.514094060383657 ], [ 103.6558519196888, 1.514122583573983 ], [ 103.655803437918735, 1.514071979675085 ], [ 103.655741259919566, 1.514007080033774 ], [ 103.655735075666257, 1.514000625084743 ], [ 103.655735075666257, 1.514000625084743 ], [ 103.655705556446563, 1.513969813756254 ], [ 103.655705469244879, 1.513969722737593 ], [ 103.655697036881023, 1.5139609212741 ], [ 103.655679861062879, 1.51394299363954 ], [ 103.655679861062879, 1.513942993639534 ], [ 103.655706731286415, 1.513917268219906 ], [ 103.655695292437997, 1.51392821971712 ], [ 103.655683937306861, 1.513916367551294 ], [ 103.65568026856009, 1.513912538216832 ], [ 103.655664837185, 1.513927312139385 ], [ 103.655635557719549, 1.513896751058569 ], [ 103.655604287424339, 1.513864112006369 ], [ 103.655597513702233, 1.513857041785918 ], [ 103.655555785647664, 1.513813487216528 ], [ 103.655582251532238, 1.513788148907739 ], [ 103.655598859130563, 1.513772248873704 ], [ 103.655570616084958, 1.513742769576947 ], [ 103.655570615401075, 1.51374276988609 ], [ 103.655535803748194, 1.513776096824267 ], [ 103.655514428700499, 1.513753785099997 ], [ 103.655260368144866, 1.513997020530508 ], [ 103.655240432229846, 1.513976211985333 ], [ 103.655242380426316, 1.513978245457828 ], [ 103.655041487888468, 1.514170578681217 ], [ 103.655021828516695, 1.514150058772183 ], [ 103.655041487888468, 1.514170578681216 ], [ 103.655039200458006, 1.514172768652413 ], [ 103.655039200458006, 1.514172768652413 ], [ 103.654945664269846, 1.514262319592037 ], [ 103.654945664225167, 1.514262319545404 ], [ 103.654943586852866, 1.5142643084098 ], [ 103.654909322026597, 1.514228543733148 ], [ 103.654893277560888, 1.514211796963006 ], [ 103.654875057200954, 1.514192779055178 ], [ 103.654793550031187, 1.514107704124233 ], [ 103.654773883271815, 1.514126532980894 ], [ 103.654675039467051, 1.514023362610927 ], [ 103.654696783730984, 1.514002544760807 ], [ 103.654685823822149, 1.513991105099511 ], [ 103.654741095504662, 1.513938188263951 ], [ 103.654699459572129, 1.513894729851094 ], [ 103.654597909415841, 1.513788734656527 ], [ 103.654599801256978, 1.513766752757379 ], [ 103.654553810976751, 1.513718748912612 ], [ 103.654497087297358, 1.513724029003293 ], [ 103.65444985718365, 1.51376924643057 ], [ 103.654442613663505, 1.513825207609578 ], [ 103.654438150118764, 1.513829480982771 ], [ 103.654449987953001, 1.513841836988913 ], [ 103.654213447773429, 1.514068299242046 ], [ 103.654203065762829, 1.51407823892075 ], [ 103.654153496205112, 1.514079554633143 ], [ 103.654147265669508, 1.514073051371943 ], [ 103.654084832630019, 1.514132824412842 ], [ 103.654078702171148, 1.51413869367958 ], [ 103.654073710199768, 1.514143472964841 ], [ 103.654060624184766, 1.514156001441769 ], [ 103.654015945448378, 1.514109367010962 ], [ 103.654012923620712, 1.514112260091759 ], [ 103.65399352188588, 1.514130835203576 ], [ 103.654056059407168, 1.514196110140287 ], [ 103.654091568984683, 1.514162113471187 ], [ 103.654276130324462, 1.514354753489715 ], [ 103.654205265792029, 1.514422598785609 ], [ 103.654217812794769, 1.514435694998786 ], [ 103.654227072876196, 1.514426829450437 ], [ 103.654240916574608, 1.514413575573662 ], [ 103.654251694834826, 1.514403256529583 ], [ 103.654281952420405, 1.514434838558552 ], [ 103.654295559034111, 1.514421811665456 ], [ 103.654265301448476, 1.514390229636313 ], [ 103.654276316793514, 1.514379683608474 ], [ 103.654283081899777, 1.514373206734743 ], [ 103.654283611073907, 1.514372700106478 ], [ 103.654289066870774, 1.514367476757995 ], [ 103.654297586774177, 1.514359319851529 ], [ 103.654340362121843, 1.514403967574148 ], [ 103.654331842215157, 1.514412124483567 ], [ 103.654331842215157, 1.514412124483569 ], [ 103.654331842215157, 1.514412124483568 ], [ 103.654331842215157, 1.51441212448357 ], [ 103.654331842215157, 1.514412124483568 ], [ 103.654319092141293, 1.514424331330532 ], [ 103.654235398274082, 1.51450445935349 ], [ 103.65428117032647, 1.514552234955199 ], [ 103.654302021263959, 1.514532272388725 ], [ 103.654283731699564, 1.514513182250258 ], [ 103.654331223674518, 1.514467713707634 ], [ 103.65435932470271, 1.514440809945038 ], [ 103.65435932470271, 1.514440809945038 ], [ 103.654430760091003, 1.514515372224377 ], [ 103.654645998566238, 1.514740032129755 ], [ 103.654683135261308, 1.514740262146721 ], [ 103.654687891482027, 1.514650776588493 ], [ 103.654693254212717, 1.514645415731546 ], [ 103.654703528298427, 1.514585573617633 ], [ 103.654723885708719, 1.514566155518058 ], [ 103.654738531849418, 1.514552185164431 ], [ 103.65477766446844, 1.514514858162365 ], [ 103.654814237665732, 1.514479972487035 ], [ 103.6548684275499, 1.514428282973777 ], [ 103.654935732233739, 1.514364083792133 ], [ 103.65493764527541, 1.514366087972286 ], [ 103.654951623794801, 1.514380732436658 ], [ 103.65500891814969, 1.514440756329734 ], [ 103.655040555905771, 1.514410578368309 ], [ 103.655045132525728, 1.514406212917778 ], [ 103.655027474062379, 1.5143877131942 ], [ 103.655016105965259, 1.514398556757277 ], [ 103.654980766646617, 1.514361533851337 ], [ 103.654973876776936, 1.514354315743867 ], [ 103.654960578513254, 1.514340383942343 ], [ 103.655017085730108, 1.51428648401681 ], [ 103.655111287098919, 1.514196629171841 ], [ 103.655157995297103, 1.514245562581964 ], [ 103.655237729675392, 1.514169507214844 ], [ 103.655237783316693, 1.514169432885107 ], [ 103.655237718071106, 1.514169495057704 ], [ 103.65521099162892, 1.514141495347881 ], [ 103.655192371071408, 1.514121987692874 ], [ 103.65521576472868, 1.514099673014216 ], [ 103.655227461557303, 1.514088515674801 ], [ 103.655239158385939, 1.514077358335328 ], [ 103.655239158385939, 1.51407735833533 ], [ 103.655239158385939, 1.514077358335328 ], [ 103.655282864918576, 1.514035667665008 ], [ 103.655278120838446, 1.514030697572916 ] ], [ [ 103.65454578829285, 1.513760300354154 ], [ 103.654546171451031, 1.513764268617569 ], [ 103.654545953987537, 1.513768521105269 ], [ 103.654545139331873, 1.51377299075299 ], [ 103.654543740331647, 1.51377760707171 ], [ 103.65454177904995, 1.513782297259345 ], [ 103.654539286417332, 1.513786987348811 ], [ 103.654536301744116, 1.513791603374621 ], [ 103.654532872100376, 1.51379607253929 ], [ 103.654529051573647, 1.51380032436141 ], [ 103.654524900415907, 1.513804291787218 ], [ 103.654520484093396, 1.513807912248037 ], [ 103.654515872254137, 1.513811128647047 ], [ 103.654511137629626, 1.513813890259703 ], [ 103.654506354887687, 1.513816153533716 ], [ 103.654501599455017, 1.513817882775927 ], [ 103.654496946327654, 1.513819050715125 ], [ 103.654492468888179, 1.513819638932226 ], [ 103.654488237748495, 1.513819638150683 ], [ 103.654484319636197, 1.513819048382823 ], [ 103.654480776342268, 1.513817878929633 ], [ 103.654477663746562, 1.513816148234086 ], [ 103.654475030936581, 1.513813883590285 ], [ 103.654472919433317, 1.513811120713014 ], [ 103.654471362536427, 1.513807903174495 ], [ 103.654470384799126, 1.513804281717234 ], [ 103.654470001640888, 1.513800313453773 ], [ 103.654470219104383, 1.513796060966001 ], [ 103.654471033760075, 1.51379159131819 ], [ 103.654472432760329, 1.513786974999363 ], [ 103.654474394042111, 1.513782284811615 ], [ 103.654476886674786, 1.513777594722037 ], [ 103.654479871348101, 1.513772978696119 ], [ 103.654483300991942, 1.513768509531357 ], [ 103.65448712151877, 1.513764257709163 ], [ 103.654491272676609, 1.513760290283303 ], [ 103.654495688999219, 1.513756669822461 ], [ 103.654500300838535, 1.513753453423456 ], [ 103.654505035463117, 1.513750691810834 ], [ 103.654509818205071, 1.51374842853688 ], [ 103.654514573637726, 1.513746699294751 ], [ 103.654519226765061, 1.513745531355652 ], [ 103.654523704204493, 1.513744943138661 ], [ 103.654527935344106, 1.513744943920318 ], [ 103.654531853456305, 1.513745533688289 ], [ 103.654535396750148, 1.513746703141581 ], [ 103.654538509345741, 1.513748433837211 ], [ 103.654541142155622, 1.513750698481076 ], [ 103.654543253658787, 1.513753461358385 ], [ 103.654544810555606, 1.513756678896912 ], [ 103.65454578829285, 1.513760300354154 ] ], [ [ 103.654606464838992, 1.513934346897364 ], [ 103.654589072931614, 1.513950997823859 ], [ 103.654608840330368, 1.513971630476802 ], [ 103.65458954387887, 1.51399010480416 ], [ 103.654598605881006, 1.51399956346556 ], [ 103.65464391172533, 1.514046852426614 ], [ 103.654650192128628, 1.51405340773416 ], [ 103.654397774938573, 1.514295070680283 ], [ 103.654272590979289, 1.5141644072107 ], [ 103.654425762646355, 1.514017761422687 ], [ 103.654397868445827, 1.513988646243535 ], [ 103.654497113968574, 1.513893629071215 ], [ 103.654533802327066, 1.513858503815565 ], [ 103.65452278445683, 1.513847003673001 ], [ 103.654526120940886, 1.513843809339484 ], [ 103.654534648429575, 1.513835645163506 ], [ 103.654552039365058, 1.513818995166815 ], [ 103.65456789696114, 1.513835546879329 ], [ 103.654646163846039, 1.513917239650074 ], [ 103.654616908938522, 1.513945248153851 ], [ 103.654606464838992, 1.513934346897364 ] ], [ [ 103.654332771035001, 1.513996404105726 ], [ 103.654360602100539, 1.514025845530411 ], [ 103.654274924430752, 1.514108980174991 ], [ 103.654274407278621, 1.514109481977375 ], [ 103.654262979988133, 1.514120570090963 ], [ 103.654259805891002, 1.514117212334796 ], [ 103.654251693435882, 1.514108630478114 ], [ 103.654235148918843, 1.514091128664388 ], [ 103.654251595778391, 1.514075169969976 ], [ 103.654332771035001, 1.513996404105726 ] ], [ [ 103.6541590241942, 1.514178859294378 ], [ 103.654158601280656, 1.514178429084126 ], [ 103.654158185942322, 1.514177991561118 ], [ 103.654157778305759, 1.514177546858623 ], [ 103.654157378495142, 1.514177095112103 ], [ 103.654156986632188, 1.514176636459166 ], [ 103.654156602836352, 1.514176171039521 ], [ 103.65415622722449, 1.514175698994938 ], [ 103.654155859911015, 1.514175220469208 ], [ 103.654155501007835, 1.514174735608096 ], [ 103.654155150624277, 1.514174244559291 ], [ 103.654154808867048, 1.514173747472376 ], [ 103.654154475840258, 1.514173244498765 ], [ 103.654154151645358, 1.514172735791671 ], [ 103.654153836381113, 1.51417222150605 ], [ 103.654153530143546, 1.514171701798559 ], [ 103.654153233025923, 1.514171176827504 ], [ 103.654152945118753, 1.514170646752798 ], [ 103.654152666509759, 1.514170111735908 ], [ 103.654152397283795, 1.514169571939803 ], [ 103.654152137522843, 1.514169027528911 ], [ 103.654151887306071, 1.514168478669066 ], [ 103.654151646709678, 1.514167925527455 ], [ 103.65415141580695, 1.514167368272569 ], [ 103.654151194668216, 1.514166807074156 ], [ 103.654150983360864, 1.51416624210316 ], [ 103.654150781949241, 1.514165673531678 ], [ 103.654150590494709, 1.514165101532902 ], [ 103.654150409055546, 1.514164526281069 ], [ 103.654150237687077, 1.514163947951406 ], [ 103.654150076441482, 1.514163366720077 ], [ 103.654149925367861, 1.514162782764132 ], [ 103.654149784512256, 1.514162196261448 ], [ 103.654149653917543, 1.51416160739068 ], [ 103.654149533623553, 1.514161016331205 ], [ 103.654149423666894, 1.514160423263064 ], [ 103.654149324081033, 1.514159828366912 ], [ 103.654149234896366, 1.514159231823961 ], [ 103.654149156140022, 1.514158633815921 ], [ 103.654149087835989, 1.514158034524954 ], [ 103.654149030005073, 1.514157434133608 ], [ 103.654148982664907, 1.514156832824769 ], [ 103.654148945829917, 1.514156230781601 ], [ 103.6541489195113, 1.514155628187492 ], [ 103.654148903717086, 1.514155025225999 ], [ 103.654148898452078, 1.514154422080789 ], [ 103.654148903717882, 1.514153818935586 ], [ 103.654148919512892, 1.514153215974114 ], [ 103.654148945832318, 1.514152613380041 ], [ 103.654148982668104, 1.514152011336923 ], [ 103.654149030009052, 1.514151410028148 ], [ 103.654149087840764, 1.51415080963688 ], [ 103.654149156145593, 1.514150210346006 ], [ 103.654149234902718, 1.514149612338073 ], [ 103.654149324088195, 1.514149015795242 ], [ 103.654149423674809, 1.514148420899225 ], [ 103.654149533632278, 1.514147827831233 ], [ 103.654149653927064, 1.51414723677192 ], [ 103.654149784522531, 1.514146647901329 ], [ 103.654149925378917, 1.514146061398836 ], [ 103.654150076453305, 1.514145477443094 ], [ 103.654150237699653, 1.514144896211983 ], [ 103.654150409068905, 1.514144317882551 ], [ 103.654150590508806, 1.514143742630963 ], [ 103.654150781964091, 1.514143170632445 ], [ 103.654150983376482, 1.514142602061235 ], [ 103.654151194684573, 1.514142037090525 ], [ 103.654151415824032, 1.514141475892409 ], [ 103.65415164672747, 1.514140918637835 ], [ 103.654151887324602, 1.514140365496547 ], [ 103.654152137542098, 1.514139816637038 ], [ 103.654152397303747, 1.514139272226496 ], [ 103.654152666530422, 1.514138732430754 ], [ 103.654152945140112, 1.514138197414237 ], [ 103.654153233047964, 1.514137667339919 ], [ 103.654153530166283, 1.514137142369262 ], [ 103.654153836404504, 1.514136622662182 ], [ 103.654154151669431, 1.514136108376983 ], [ 103.654154475864985, 1.514135599670323 ], [ 103.654154808892415, 1.514135096697158 ], [ 103.654155150650269, 1.514134599610699 ], [ 103.654155501034495, 1.514134108562364 ], [ 103.654155859938285, 1.51413362370173 ], [ 103.654156227252358, 1.514133145176491 ], [ 103.654156602864845, 1.514132673132409 ], [ 103.654156986661278, 1.514132207713275 ], [ 103.654157378524772, 1.514131749060859 ], [ 103.654157778336, 1.514131297314872 ], [ 103.654158185973117, 1.514130852612919 ], [ 103.654158601311991, 1.514130415090461 ], [ 103.65415902422609, 1.514129984880772 ], [ 103.654159454586605, 1.514129562114898 ], [ 103.654159892262413, 1.514129146921616 ], [ 103.654160337120231, 1.5141287394274 ], [ 103.654160789024516, 1.514128339756375 ], [ 103.654161247837649, 1.514127948030286 ], [ 103.654161713419839, 1.514127564368456 ], [ 103.654162185629275, 1.514127188887751 ], [ 103.654162664322129, 1.514126821702548 ], [ 103.654163149352584, 1.514126462924695 ], [ 103.654163640572904, 1.514126112663477 ], [ 103.654164137833419, 1.514125771025589 ], [ 103.654164640982685, 1.514125438115096 ], [ 103.654165149867438, 1.514125114033407 ], [ 103.65416566433268, 1.51412479887924 ], [ 103.65416618422168, 1.514124492748593 ], [ 103.654166709376085, 1.514124195734717 ], [ 103.65416723963591, 1.514123907928086 ], [ 103.654167774839664, 1.514123629416368 ], [ 103.65416831482429, 1.5141233602844 ], [ 103.654168859425297, 1.514123100614162 ], [ 103.654169408476847, 1.514122850484754 ], [ 103.654169961811633, 1.514122609972366 ], [ 103.654170519261129, 1.51412237915026 ], [ 103.654171080655544, 1.514122158088749 ], [ 103.654171645823865, 1.514121946855168 ], [ 103.654172214593913, 1.514121745513862 ], [ 103.654172786792458, 1.514121554126161 ], [ 103.654173362245203, 1.514121372750364 ], [ 103.654173940776843, 1.51412120144172 ], [ 103.654174522211164, 1.51412104025241 ], [ 103.654175106371056, 1.514120889231535 ], [ 103.654175693078571, 1.514120748425097 ], [ 103.654176282154992, 1.514120617875988 ], [ 103.654176873420909, 1.514120497623973 ], [ 103.654177466696183, 1.514120387705682 ], [ 103.65417806180011, 1.514120288154599 ], [ 103.654178658551388, 1.514120199001046 ], [ 103.654179256768288, 1.514120120272181 ], [ 103.65417985626857, 1.514120051991985 ], [ 103.654180456869582, 1.514119994181258 ], [ 103.654181058388446, 1.514119946857609 ], [ 103.654181660641882, 1.514119910035454 ], [ 103.654182263446444, 1.514119883726007 ], [ 103.654182866618527, 1.514119867937285 ], [ 103.654183469974384, 1.514119862674095 ], [ 103.654184073330256, 1.514119867938042 ], [ 103.654184676502297, 1.514119883727522 ], [ 103.65418527930683, 1.514119910037725 ], [ 103.654185881560224, 1.514119946860638 ], [ 103.654186483079016, 1.514119994185042 ], [ 103.654187083679986, 1.514120051996523 ], [ 103.654187683180169, 1.514120120277472 ], [ 103.654188281396955, 1.514120199007088 ], [ 103.654188878148162, 1.51412028816139 ], [ 103.654189473251932, 1.514120387713221 ], [ 103.654190066527079, 1.514120497632256 ], [ 103.65419065779281, 1.514120617885013 ], [ 103.65419124686909, 1.514120748434863 ], [ 103.654191833576419, 1.514120889242037 ], [ 103.654192417736141, 1.514121040263644 ], [ 103.654192999170249, 1.514121201453684 ], [ 103.654193577701676, 1.514121372763054 ], [ 103.654194153154194, 1.514121554139573 ], [ 103.654194725352497, 1.514121745527991 ], [ 103.654195294122303, 1.514121946870011 ], [ 103.654195859290326, 1.5141221581043 ], [ 103.654196420684485, 1.514122379166516 ], [ 103.654196978133697, 1.51412260998932 ], [ 103.654197531468185, 1.514122850502402 ], [ 103.654198080519393, 1.514123100632498 ], [ 103.654198625120102, 1.514123360303418 ], [ 103.654199165104387, 1.514123629436062 ], [ 103.654199700307785, 1.514123907948451 ], [ 103.654200230567255, 1.514124195755747 ], [ 103.654200755721277, 1.51412449277028 ], [ 103.654201275609893, 1.514124798901577 ], [ 103.654201790074737, 1.514125114056388 ], [ 103.654202298959092, 1.514125438138714 ], [ 103.654202802107946, 1.514125771049836 ], [ 103.654203299368035, 1.514126112688346 ], [ 103.6542037905879, 1.514126462950178 ], [ 103.6542042756179, 1.514126821728638 ], [ 103.654204754310314, 1.514127188914439 ], [ 103.654205226519267, 1.514127564395733 ], [ 103.654205692101002, 1.514127948058145 ], [ 103.654206150913609, 1.514128339784806 ], [ 103.65420660281741, 1.514128739456396 ], [ 103.654207047674703, 1.514129146951167 ], [ 103.654207485350014, 1.514129562144994 ], [ 103.654207915709989, 1.514129984911402 ], [ 103.65421668436251, 1.514137949935136 ], [ 103.654217107276068, 1.514138380145375 ], [ 103.654217522614388, 1.514138817668372 ], [ 103.654217930250965, 1.514139262370855 ], [ 103.654218330061582, 1.514139714117362 ], [ 103.654218721924536, 1.514140172770287 ], [ 103.654219105720387, 1.514140638189921 ], [ 103.654219481332248, 1.514141110234491 ], [ 103.654219848645738, 1.514141588760209 ], [ 103.654220207548917, 1.51414207362131 ], [ 103.65422055793249, 1.514142564670102 ], [ 103.654220899689719, 1.514143061757006 ], [ 103.654221232716537, 1.514143564730605 ], [ 103.654221556911438, 1.514144073437688 ], [ 103.654221872175683, 1.514144587723297 ], [ 103.654222178413278, 1.514145107430777 ], [ 103.654222475530901, 1.51414563240182 ], [ 103.654222763438085, 1.514146162476514 ], [ 103.654223042047093, 1.514146697493394 ], [ 103.654223311273086, 1.514147237289488 ], [ 103.654223571034052, 1.514147781700369 ], [ 103.654223821250824, 1.514148330560204 ], [ 103.654224061847231, 1.514148883701805 ], [ 103.654224292749987, 1.51414944095668 ], [ 103.654224513888721, 1.514150002155083 ], [ 103.654224725196087, 1.51415056712607 ], [ 103.654224926607739, 1.514151135697541 ], [ 103.6542251180623, 1.514151707696308 ], [ 103.654225299501462, 1.514152282948132 ], [ 103.65422547086996, 1.514152861277787 ], [ 103.654225632115583, 1.514153442509108 ], [ 103.654225783189204, 1.514154026465045 ], [ 103.654225924044823, 1.514154612967721 ], [ 103.654226054639565, 1.514155201838481 ], [ 103.654226174933584, 1.514155792897948 ], [ 103.654226284890271, 1.514156385966082 ], [ 103.654226384476132, 1.514156980862227 ], [ 103.654226473660827, 1.514157577405173 ], [ 103.6542265524172, 1.514158175413206 ], [ 103.654226620721246, 1.514158774704167 ], [ 103.654226678552178, 1.514159375095508 ], [ 103.654226725892386, 1.514159976404342 ], [ 103.65422676272739, 1.514160578447505 ], [ 103.654226789046021, 1.51416118104161 ], [ 103.654226804840263, 1.5141617840031 ], [ 103.654226810105285, 1.514162387148306 ], [ 103.65422680483951, 1.514162990293506 ], [ 103.654226789044515, 1.514163593254975 ], [ 103.654226762725116, 1.514164195849046 ], [ 103.654226725889359, 1.514164797892162 ], [ 103.654226678548426, 1.514165399200935 ], [ 103.654226620716742, 1.514165999592202 ], [ 103.654226552411941, 1.514166598883075 ], [ 103.654226473654816, 1.514167196891008 ], [ 103.654226384469382, 1.514167793433839 ], [ 103.654226284882768, 1.514168388329857 ], [ 103.654226174925327, 1.514168981397849 ], [ 103.654226054630556, 1.514169572457163 ], [ 103.654225924035103, 1.514170161327755 ], [ 103.654225783178731, 1.514170747830251 ], [ 103.654225632104371, 1.514171331785995 ], [ 103.654225470858051, 1.514171913017109 ], [ 103.654225299488814, 1.514172491346544 ], [ 103.654225118048942, 1.514173066598136 ], [ 103.65422492659367, 1.514173638596657 ], [ 103.654224725181308, 1.514174207167871 ], [ 103.654224513873231, 1.514174772138587 ], [ 103.654224292733772, 1.514175333336707 ], [ 103.654224061830348, 1.514175890591287 ], [ 103.654223821233231, 1.514176443732581 ], [ 103.654223571015748, 1.514176992592095 ], [ 103.654223311254128, 1.514177537002644 ], [ 103.654223042027468, 1.514178076798393 ], [ 103.654222763417778, 1.514178611814917 ], [ 103.65422247550994, 1.514179141889243 ], [ 103.654222178391649, 1.514179666859906 ], [ 103.654221872153428, 1.514180186566995 ], [ 103.654221556888515, 1.514180700852202 ], [ 103.654221232692976, 1.51418120955887 ], [ 103.65422089966556, 1.514181712532044 ], [ 103.654220557907692, 1.514182209618512 ], [ 103.654220207523494, 1.514182700666856 ], [ 103.654219848619718, 1.5141831855275 ], [ 103.654219481305631, 1.514183664052749 ], [ 103.654219105693173, 1.514184136096841 ], [ 103.654218721896726, 1.514184601515985 ], [ 103.654218330033231, 1.514185060168411 ], [ 103.654217930222018, 1.514185511914409 ], [ 103.654217522584901, 1.514185956616373 ], [ 103.654217107246026, 1.514186394138842 ], [ 103.654216684331928, 1.514186824348542 ], [ 103.654216253971427, 1.514187247114427 ], [ 103.654215816295618, 1.514187662307721 ], [ 103.6542153714378, 1.514188069801948 ], [ 103.654214919533516, 1.514188469472985 ], [ 103.654214460720382, 1.514188861199085 ], [ 103.654213995138178, 1.514189244860927 ], [ 103.654213522928742, 1.514189620341644 ], [ 103.654213044235888, 1.514189987526859 ], [ 103.654212559205419, 1.514190346304724 ], [ 103.654212067985114, 1.514190696565954 ], [ 103.654211570724598, 1.514191038203854 ], [ 103.654211067575318, 1.514191371114358 ], [ 103.654210558690551, 1.51419169519606 ], [ 103.654210044225309, 1.514192010350239 ], [ 103.654209524336281, 1.514192316480897 ], [ 103.65420899918189, 1.514192613494785 ], [ 103.65420846892205, 1.514192901301428 ], [ 103.654207933718283, 1.514193179813158 ], [ 103.654207393733643, 1.514193448945138 ], [ 103.654206849132621, 1.514193708615386 ], [ 103.654206300081071, 1.514193958744806 ], [ 103.654205746746271, 1.514194199257206 ], [ 103.654205189296761, 1.514194430079322 ], [ 103.654204627902331, 1.514194651140845 ], [ 103.654204062733996, 1.514194862374437 ], [ 103.654203493963919, 1.514195063715754 ], [ 103.654202921765375, 1.514195255103465 ], [ 103.654202346312601, 1.514195436479272 ], [ 103.654201767780933, 1.514195607787926 ], [ 103.654201186346597, 1.514195768977246 ], [ 103.654200602186705, 1.514195919998131 ], [ 103.654200015479162, 1.514196060804579 ], [ 103.654199426402727, 1.514196191353697 ], [ 103.654198835136796, 1.514196311605721 ], [ 103.654198241861508, 1.514196421524021 ], [ 103.654197646757552, 1.514196521075113 ], [ 103.65419705000626, 1.514196610228674 ], [ 103.654196451789332, 1.514196688957547 ], [ 103.654195852289035, 1.51419675723775 ], [ 103.654195251688009, 1.514196815048484 ], [ 103.654194650169117, 1.514196862372141 ], [ 103.654194047915666, 1.514196899194303 ], [ 103.654193445111062, 1.514196925503756 ], [ 103.654192841938965, 1.514196941292484 ], [ 103.654192238583093, 1.514196946555679 ], [ 103.654191635227193, 1.514196941291738 ], [ 103.654191032055138, 1.514196925502263 ], [ 103.654190429250576, 1.514196899192065 ], [ 103.654189826997168, 1.514196862369157 ], [ 103.654189225478348, 1.514196815044757 ], [ 103.654188624877364, 1.51419675723328 ], [ 103.654188025377167, 1.514196688952335 ], [ 103.654187427160352, 1.514196610222722 ], [ 103.654186830409131, 1.514196521068422 ], [ 103.654186235305332, 1.514196421516594 ], [ 103.654185642030157, 1.514196311597561 ], [ 103.654185050764411, 1.514196191344805 ], [ 103.654184461688118, 1.514196060794958 ], [ 103.65418387498076, 1.514195919987785 ], [ 103.654183290821024, 1.514195768966177 ], [ 103.654182709386902, 1.514195607776139 ], [ 103.654182130855432, 1.514195436466769 ], [ 103.6541815554029, 1.51419525509025 ], [ 103.654180983204583, 1.51419506370183 ], [ 103.654180414434762, 1.51419486235981 ], [ 103.654179849266711, 1.514194651125519 ], [ 103.654179287872552, 1.514194430063302 ], [ 103.654178730423325, 1.514194199240496 ], [ 103.654178177088809, 1.514193958727412 ], [ 103.654177628037573, 1.514193708597313 ], [ 103.654177083436863, 1.51419344892639 ], [ 103.65417654345255, 1.514193179793742 ], [ 103.654176008249138, 1.51419290128135 ], [ 103.654175477989654, 1.514192613474051 ], [ 103.654174952835632, 1.514192316459514 ], [ 103.654174432946988, 1.514192010328212 ], [ 103.65417391848213, 1.514191695173397 ], [ 103.65417340959776, 1.514191371091066 ], [ 103.654172906448892, 1.514191038179939 ], [ 103.654172409188803, 1.514190696541423 ], [ 103.654171917968924, 1.514190346279587 ], [ 103.654171432938924, 1.514189987501121 ], [ 103.65417095424651, 1.514189620315314 ], [ 103.654170482037514, 1.514189244834013 ], [ 103.65417001645578, 1.514188861171595 ], [ 103.654169557643172, 1.514188469444927 ], [ 103.654169105739356, 1.514188069773331 ], [ 103.654168660882064, 1.514187662278554 ], [ 103.654168223206753, 1.514187247084719 ], [ 103.654167792846778, 1.514186824318304 ], [ 103.6541590241942, 1.514178859294378 ] ], [ [ 103.654219923210661, 1.514226614922016 ], [ 103.654220944390815, 1.514226200729096 ], [ 103.654221958310885, 1.514225769080515 ], [ 103.654222964672286, 1.514225320103377 ], [ 103.65422396317868, 1.51422485392989 ], [ 103.654224953536044, 1.514224370697327 ], [ 103.654225935452743, 1.51422387054798 ], [ 103.654226908639671, 1.514223353629127 ], [ 103.654227872810225, 1.514222820092981 ], [ 103.654228827680512, 1.514222270096651 ], [ 103.65422977296933, 1.514221703802089 ], [ 103.654230708398359, 1.514221121376049 ], [ 103.654231633692135, 1.514220522990035 ], [ 103.654232548578193, 1.51421990882025 ], [ 103.654233452787125, 1.514219279047545 ], [ 103.654234346052675, 1.514218633857366 ], [ 103.654235228111816, 1.514217973439696 ], [ 103.654236098704814, 1.514217297989008 ], [ 103.654236957575293, 1.514216607704195 ], [ 103.65423780447037, 1.514215902788522 ], [ 103.654238639140644, 1.514215183449562 ], [ 103.654239461340367, 1.514214449899134 ], [ 103.654240270827401, 1.514213702353242 ], [ 103.654241067363358, 1.514212941032013 ], [ 103.65424185071376, 1.514212166159626 ], [ 103.65424262064785, 1.514211377964255 ], [ 103.654243376938979, 1.514210576677995 ], [ 103.654244119364449, 1.514209762536796 ], [ 103.654244847705584, 1.514208935780393 ], [ 103.65424556174797, 1.514208096652236 ], [ 103.654246261281287, 1.514207245399419 ], [ 103.654246946099619, 1.514206382272605 ], [ 103.654247616001271, 1.514205507525952 ], [ 103.654248270788969, 1.514204621417045 ], [ 103.654248910269928, 1.514203724206809 ], [ 103.65424953425584, 1.51420281615944 ], [ 103.654250142562944, 1.514201897542327 ], [ 103.654250735012141, 1.514200968625968 ], [ 103.654251311428965, 1.514200029683897 ], [ 103.65425187164368, 1.514199080992598 ], [ 103.654252415491328, 1.514198122831426 ], [ 103.654252942811738, 1.514197155482526 ], [ 103.65425345344967, 1.514196179230748 ], [ 103.654253947254759, 1.514195194363561 ], [ 103.654254424081572, 1.514194201170975 ], [ 103.654254883789733, 1.514193199945449 ], [ 103.654255326243828, 1.514192190981808 ], [ 103.654255751313613, 1.514191174577156 ], [ 103.654256158873892, 1.514190151030786 ], [ 103.654321940967193, 1.514260079872047 ], [ 103.654283989572534, 1.514296414344347 ], [ 103.654217860274855, 1.514227390458186 ], [ 103.654218895071082, 1.51422701153731 ], [ 103.654219923210661, 1.514226614922016 ] ], [ [ 103.654486604663276, 1.514256902399354 ], [ 103.654536547563168, 1.514209661063662 ], [ 103.654590136238269, 1.514161834469304 ], [ 103.654654588894331, 1.514212689385104 ], [ 103.654662763219548, 1.514229761922201 ], [ 103.654551782820803, 1.514336013921774 ], [ 103.654535502949585, 1.51432546824956 ], [ 103.654486604663276, 1.514256902399354 ] ], [ [ 103.654357915246749, 1.514364652246106 ], [ 103.654357416623185, 1.514364131796953 ], [ 103.654346398750945, 1.514352631653798 ], [ 103.654349735235925, 1.514349437320412 ], [ 103.654358262726973, 1.514341273144771 ], [ 103.654375653667259, 1.514324623148767 ], [ 103.65439151126624, 1.514341174862148 ], [ 103.654399965277335, 1.51434999892024 ], [ 103.654471677061622, 1.514272942538435 ], [ 103.654529764982755, 1.51435709367247 ], [ 103.654465609130725, 1.514418516116884 ], [ 103.654469778165506, 1.51442286763717 ], [ 103.654440523249903, 1.514450876139792 ], [ 103.654357915246749, 1.514364652246106 ] ], [ [ 103.654456809306197, 1.514480483757267 ], [ 103.65449605740875, 1.514442907850978 ], [ 103.654502443009093, 1.514449572963226 ], [ 103.654513228016015, 1.514460830053874 ], [ 103.654587074555579, 1.51453790901895 ], [ 103.654547826453197, 1.514575484923839 ], [ 103.654456809306197, 1.514480483757267 ] ], [ [ 103.654668682477975, 1.51458712483227 ], [ 103.654669121253519, 1.514591669102142 ], [ 103.654668872224931, 1.51459653885247 ], [ 103.654667939319523, 1.51460165728439 ], [ 103.654666337249779, 1.514606943677165 ], [ 103.654664091281276, 1.514612314661244 ], [ 103.654661236834315, 1.514617685532973 ], [ 103.654657818925187, 1.514622971590528 ], [ 103.654653891456377, 1.514628089469621 ], [ 103.654649516366419, 1.514632958458228 ], [ 103.654644762653078, 1.514637501769504 ], [ 103.654639705285248, 1.514641647752713 ], [ 103.654634424020642, 1.514645331023234 ], [ 103.654629002147956, 1.514648493493677 ], [ 103.654623525173378, 1.514651085289986 ], [ 103.654618079472044, 1.514653065538013 ], [ 103.654612750925935, 1.51465440300803 ], [ 103.654607623569404, 1.514655076607354 ], [ 103.654602778263907, 1.514655075712908 ], [ 103.654598291422843, 1.514654400338798 ], [ 103.65459423380635, 1.514653061136073 ], [ 103.654590669405493, 1.514651079224759 ], [ 103.654587654432987, 1.514648485860779 ], [ 103.654585236436745, 1.514645321943034 ], [ 103.654583453550046, 1.514641637368393 ], [ 103.654582333890048, 1.514637490244799 ], [ 103.654581895114489, 1.514632945974869 ], [ 103.654582144143092, 1.514628076224457 ], [ 103.654583077048542, 1.514622957792433 ], [ 103.654584679118358, 1.514617671399541 ], [ 103.65458692508696, 1.514612300415339 ], [ 103.654589779534035, 1.514606929543489 ], [ 103.65459319744329, 1.514601643485823 ], [ 103.654597124912243, 1.514596525606635 ], [ 103.654601500002315, 1.514591656617956 ], [ 103.654606253715784, 1.514587113306634 ], [ 103.654611311083698, 1.514582967323409 ], [ 103.654616592348376, 1.514579284052903 ], [ 103.65462201422109, 1.514576121582505 ], [ 103.654627491195669, 1.514573529786268 ], [ 103.654632936896988, 1.514571549538335 ], [ 103.65463826544304, 1.514570212068429 ], [ 103.654643392799485, 1.514569538469226 ], [ 103.654648238104855, 1.514569539363795 ], [ 103.654652724945819, 1.514570214738022 ], [ 103.654656782562157, 1.514571553940852 ], [ 103.654660346962899, 1.51457353585225 ], [ 103.654663361935278, 1.514576129216289 ], [ 103.654665779931406, 1.514579293134065 ], [ 103.654667562818034, 1.514582977708707 ], [ 103.654668682477975, 1.51458712483227 ] ], [ [ 103.655562796360385, 1.513855561518883 ], [ 103.655517619988274, 1.513898812996517 ], [ 103.655541758965057, 1.513924008673022 ], [ 103.655493950712511, 1.513969779889357 ], [ 103.655445379694271, 1.513919082646438 ], [ 103.655413772595239, 1.51388609192604 ], [ 103.655506757853288, 1.513797069886673 ], [ 103.65553836432025, 1.513830059949647 ], [ 103.655562796360385, 1.513855561518883 ] ], [ [ 103.655385278899075, 1.513930450670433 ], [ 103.655381900698345, 1.513912320619457 ], [ 103.655389648158945, 1.513910878030659 ], [ 103.655397857594622, 1.51390934942141 ], [ 103.655399289958666, 1.513917036600341 ], [ 103.655403490733562, 1.513913014813946 ], [ 103.655450573343217, 1.51396215849544 ], [ 103.655430383418178, 1.513981488158555 ], [ 103.655412130718233, 1.513985950094284 ], [ 103.655415464224347, 1.514003840277376 ], [ 103.655399505688834, 1.514006802677605 ], [ 103.655396339475615, 1.513989810318213 ], [ 103.655381571437843, 1.513993420416148 ], [ 103.655351878639181, 1.513962427796506 ], [ 103.655385278899075, 1.513930450670433 ] ], [ [ 103.655559506534203, 1.513906985010729 ], [ 103.655594896826074, 1.513873102519086 ], [ 103.655724700754106, 1.514010557974291 ], [ 103.655686859863579, 1.514046786654593 ], [ 103.655631557916408, 1.513989064043563 ], [ 103.655622185388594, 1.513998037255225 ], [ 103.655572267391818, 1.513945934258526 ], [ 103.655585074831606, 1.51393367247884 ], [ 103.655559506534203, 1.513906985010729 ] ], [ [ 103.655591614961651, 1.514071596535263 ], [ 103.655633169032328, 1.514032486352027 ], [ 103.655683811835956, 1.514086256120136 ], [ 103.655734050262524, 1.51403817259978 ], [ 103.65583261304549, 1.514142823320682 ], [ 103.655740421451853, 1.514229591147759 ], [ 103.655591614961651, 1.514071596535263 ] ], [ [ 103.654744262174447, 1.514151735280058 ], [ 103.654739426213965, 1.514156365201365 ], [ 103.654685040355687, 1.514208433917706 ], [ 103.65460956605034, 1.51414690171146 ], [ 103.654685512983349, 1.514088532789706 ], [ 103.654745408153886, 1.514150638125807 ], [ 103.654744262174447, 1.514151735280058 ] ], [ [ 103.655650197011838, 1.514264053371005 ], [ 103.655623225687933, 1.514138680509525 ], [ 103.655637798046968, 1.514135547763113 ], [ 103.655664769370901, 1.514260920624758 ], [ 103.655650197011838, 1.514264053371005 ] ], [ [ 103.654771601848097, 1.514367665984732 ], [ 103.654852777095215, 1.514288900102298 ], [ 103.654880608172107, 1.514318341518558 ], [ 103.65479493051231, 1.514401476182329 ], [ 103.654794413360236, 1.514401977984829 ], [ 103.654782986071083, 1.514413066100977 ], [ 103.654779811972659, 1.514409708345772 ], [ 103.654771699514242, 1.514401126491546 ], [ 103.654755154990454, 1.514383624682828 ], [ 103.654771601848097, 1.514367665984732 ] ], [ [ 103.654697459890656, 1.514250086267347 ], [ 103.654703551434082, 1.514244254258257 ], [ 103.654791422652579, 1.514160126851127 ], [ 103.654868683107338, 1.514240769177121 ], [ 103.654774720346111, 1.514330728591078 ], [ 103.654748807147143, 1.514355537738858 ], [ 103.654720976185686, 1.514382182940606 ], [ 103.654711639938881, 1.514391121409685 ], [ 103.65476047954111, 1.514442098830746 ], [ 103.654652487945114, 1.514545104199087 ], [ 103.654600708528633, 1.514491058284053 ], [ 103.654526580356091, 1.514413685356608 ], [ 103.654537583429345, 1.514403151077558 ], [ 103.65453758342899, 1.514403151078869 ], [ 103.654643715733684, 1.514301540623272 ], [ 103.654643715890188, 1.514301540473432 ], [ 103.654671546683574, 1.514274895427332 ], [ 103.654697459890656, 1.514250086267347 ] ] ] ] } },
{ "type": "Feature", "properties": { "id": null, "FloorLevel": "2", "Zone": "Pink", "ShopName": null, "LotNo": null, "Type": "Back of House", "Category": null, "layer": "Level2_TasekCentral_fixed", "path": "C:/Users/Stephanie/Documents/001 Tasek Mall/04 GIS/Floorplans/Floorplans FINAL/Level2_TasekCentral_fixed.shp" }, "geometry": { "type": "MultiPolygon", "coordinates": [ [ [ [ 103.655282864918576, 1.514035667665008 ], [ 103.655239158385939, 1.514077358335328 ], [ 103.655239158385939, 1.51407735833533 ], [ 103.655257779365925, 1.514096866433245 ], [ 103.65523393862388, 1.514119607145308 ], [ 103.655244439227388, 1.514130608005484 ], [ 103.655267457237983, 1.514108652063702 ], [ 103.655302235629932, 1.514145087324706 ], [ 103.655332101591753, 1.514176376123185 ], [ 103.655347291560119, 1.514161887032022 ], [ 103.655350071809053, 1.514159235065989 ], [ 103.65533018726066, 1.514138402818024 ], [ 103.655338747867219, 1.514130237355368 ], [ 103.65533874807997, 1.514130237395139 ], [ 103.65535674654339, 1.514113069069217 ], [ 103.655320234571406, 1.514074817639036 ], [ 103.655320234571931, 1.514074817638699 ], [ 103.655282864918576, 1.514035667665008 ] ] ] ] } },
{ "type": "Feature", "properties": { "id": null, "FloorLevel": "2", "Zone": "Pink", "ShopName": "OPPO", "LotNo": "2-85", "Type": "Shop", "Category": "Digital and Gadget", "layer": "Level2_TasekCentral_fixed", "path": "C:/Users/Stephanie/Documents/001 Tasek Mall/04 GIS/Floorplans/Floorplans FINAL/Level2_TasekCentral_fixed.shp" }, "geometry": { "type": "MultiPolygon", "coordinates": [ [ [ [ 103.654769866062622, 1.514031477569564 ], [ 103.654724461369142, 1.514074947796936 ], [ 103.654773883271815, 1.514126532980894 ], [ 103.654819287964997, 1.514083062754975 ], [ 103.654769866062622, 1.514031477569564 ] ] ] ] } },
{ "type": "Feature", "properties": { "id": null, "FloorLevel": "2", "Zone": "Blue", "ShopName": null, "LotNo": null, "Type": "Shop", "Category": "Unoccupied", "layer": "Level2_TasekCentral_fixed", "path": "C:/Users/Stephanie/Documents/001 Tasek Mall/04 GIS/Floorplans/Floorplans FINAL/Level2_TasekCentral_fixed.shp" }, "geometry": { "type": "MultiPolygon", "coordinates": [ [ [ [ 103.655642585417638, 1.514125714188847 ], [ 103.655683811835956, 1.514086256120136 ], [ 103.655633169032328, 1.514032486352027 ], [ 103.655591614961651, 1.514071596535263 ], [ 103.655642585417638, 1.514125714188847 ] ] ] ] } },
{ "type": "Feature", "properties": { "id": null, "FloorLevel": "2", "Zone": "Blue", "ShopName": "Amson Shoes", "LotNo": "2-11", "Type": "Shop", "Category": "Fashion, Accessories and Footwear", "layer": "Level2_TasekCentral_fixed", "path": "C:/Users/Stephanie/Documents/001 Tasek Mall/04 GIS/Floorplans/Floorplans FINAL/Level2_TasekCentral_fixed.shp" }, "geometry": { "type": "MultiPolygon", "coordinates": [ [ [ [ 103.655783331654007, 1.514090497960862 ], [ 103.65577907237062, 1.514085975593851 ], [ 103.655734050262524, 1.51403817259978 ], [ 103.655700151763313, 1.51407061707094 ], [ 103.655683811835956, 1.514086256120136 ], [ 103.655642585417638, 1.514125714188847 ], [ 103.655691139526454, 1.51417726629243 ], [ 103.655783331654007, 1.514090497960862 ] ] ] ] } },
{ "type": "Feature", "properties": { "id": null, "FloorLevel": "2", "Zone": "Blue", "ShopName": null, "LotNo": null, "Type": "Shop", "Category": "Unoccupied", "layer": "Level2_TasekCentral_fixed", "path": "C:/Users/Stephanie/Documents/001 Tasek Mall/04 GIS/Floorplans/Floorplans FINAL/Level2_TasekCentral_fixed.shp" }, "geometry": { "type": "MultiPolygon", "coordinates": [ [ [ [ 103.655786517248657, 1.514186207234655 ], [ 103.655737235590209, 1.514133882127081 ], [ 103.655691139526454, 1.51417726629243 ], [ 103.655740421451853, 1.514229591147759 ], [ 103.655786517248657, 1.514186207234655 ] ] ] ] } },
{ "type": "Feature", "properties": { "id": null, "FloorLevel": "2", "Zone": null, "ShopName": null, "LotNo": null, "Type": "Escalator", "Category": null, "layer": "Level2_TasekCentral_fixed", "path": "C:/Users/Stephanie/Documents/001 Tasek Mall/04 GIS/Floorplans/Floorplans FINAL/Level2_TasekCentral_fixed.shp" }, "geometry": { "type": "MultiPolygon", "coordinates": [ [ [ [ 103.655263907198375, 1.513815814406325 ], [ 103.655200854050094, 1.513750001431394 ], [ 103.655195339947014, 1.513755280617221 ], [ 103.655189825843991, 1.513760559803035 ], [ 103.655252878992243, 1.513826372777624 ], [ 103.655252878992286, 1.513826372777626 ], [ 103.655258393095295, 1.513821093591982 ], [ 103.655263907198375, 1.513815814406325 ] ] ] ] } },
{ "type": "Feature", "properties": { "id": null, "FloorLevel": "2", "Zone": null, "ShopName": null, "LotNo": null, "Type": "Escalator", "Category": null, "layer": "Level2_TasekCentral_fixed", "path": "C:/Users/Stephanie/Documents/001 Tasek Mall/04 GIS/Floorplans/Floorplans FINAL/Level2_TasekCentral_fixed.shp" }, "geometry": { "type": "MultiPolygon", "coordinates": [ [ [ [ 103.655252878992243, 1.513826372777624 ], [ 103.655189825843991, 1.513760559803035 ], [ 103.655184311740896, 1.513765838988818 ], [ 103.655178797637831, 1.513771118174588 ], [ 103.655241850786112, 1.513836931148872 ], [ 103.655247364889178, 1.513831651963256 ], [ 103.655252878992286, 1.513826372777626 ], [ 103.655252878992243, 1.513826372777624 ] ] ] ] } },
{ "type": "Feature", "properties": { "id": null, "FloorLevel": "2", "Zone": "Green", "ShopName": "The Store", "LotNo": null, "Type": "Shop", "Category": "Department Store", "layer": "Level2_TasekCentral_fixed", "path": "C:/Users/Stephanie/Documents/001 Tasek Mall/04 GIS/Floorplans/Floorplans FINAL/Level2_TasekCentral_fixed.shp" }, "geometry": { "type": "MultiPolygon", "coordinates": [ [ [ [ 103.655549239623141, 1.513720457411001 ], [ 103.655249608515376, 1.513407709702764 ], [ 103.654950259798483, 1.513698303990454 ], [ 103.654950259798483, 1.513698303990457 ], [ 103.654950259798483, 1.513698303990457 ], [ 103.655008170446607, 1.513758749497981 ], [ 103.655198049159395, 1.513956939551949 ], [ 103.655210524790988, 1.513944995443868 ], [ 103.655260368144866, 1.513997020530508 ], [ 103.655549239623141, 1.513720457411001 ] ], [ [ 103.655289856799726, 1.513707968050174 ], [ 103.655267800388643, 1.513729084792804 ], [ 103.655204747243189, 1.513663271818858 ], [ 103.655226803654273, 1.513642155075582 ], [ 103.655289856799726, 1.513707968050174 ] ], [ [ 103.655178797637831, 1.513771118174588 ], [ 103.655184311740896, 1.513765838988818 ], [ 103.655189825843991, 1.513760559803035 ], [ 103.655195339947014, 1.513755280617221 ], [ 103.655200854050094, 1.513750001431394 ], [ 103.655263907198375, 1.513815814406325 ], [ 103.655258393095295, 1.513821093591982 ], [ 103.655252878992286, 1.513826372777626 ], [ 103.655247364889178, 1.513831651963256 ], [ 103.655241850786112, 1.513836931148872 ], [ 103.655178797637831, 1.513771118174588 ] ] ] ] } },
{ "type": "Feature", "properties": { "id": null, "FloorLevel": "3", "Zone": "Pink", "ShopName": null, "LotNo": null, "Type": "Shop", "Category": "Unoccupied", "layer": "Level3_TasekCentral_fixed", "path": "C:/Users/Stephanie/Documents/001 Tasek Mall/04 GIS/Floorplans/Floorplans FINAL/Level3_TasekCentral_fixed.shp" }, "geometry": { "type": "MultiPolygon", "coordinates": [ [ [ [ 103.654928428010138, 1.513675516582586 ], [ 103.654915582627723, 1.513687814689809 ], [ 103.654739435187963, 1.5138564573926 ], [ 103.654699459572129, 1.513894729851094 ], [ 103.654741095504662, 1.51393818826395 ], [ 103.654780676226594, 1.513900293875684 ], [ 103.654809782005159, 1.513930673667011 ], [ 103.654961590322657, 1.513785333127298 ], [ 103.654929345296097, 1.513751676675127 ], [ 103.654923538350857, 1.513757236216349 ], [ 103.654906873454607, 1.513739841866018 ], [ 103.654950259798483, 1.513698303990457 ], [ 103.654928428010138, 1.513675516582586 ] ] ] ] } },
{ "type": "Feature", "properties": { "id": null, "FloorLevel": "3", "Zone": "Pink", "ShopName": null, "LotNo": null, "Type": "Back of House", "Category": null, "layer": "Level3_TasekCentral_fixed", "path": "C:/Users/Stephanie/Documents/001 Tasek Mall/04 GIS/Floorplans/Floorplans FINAL/Level3_TasekCentral_fixed.shp" }, "geometry": { "type": "MultiPolygon", "coordinates": [ [ [ [ 103.654951066732366, 1.51377434889966 ], [ 103.654961590322657, 1.513785333127298 ], [ 103.654970591048141, 1.513794727831508 ], [ 103.655008170446607, 1.513758749497981 ], [ 103.654950259798369, 1.513698303990333 ], [ 103.654906873454607, 1.513739841866018 ], [ 103.654923538350857, 1.513757236216349 ], [ 103.654929345296097, 1.513751676675127 ], [ 103.654951066732366, 1.51377434889966 ] ] ] ] } },
{ "type": "Feature", "properties": { "id": null, "FloorLevel": "3", "Zone": "Pink", "ShopName": null, "LotNo": null, "Type": "Shop", "Category": "Unoccupied", "layer": "Level3_TasekCentral_fixed", "path": "C:/Users/Stephanie/Documents/001 Tasek Mall/04 GIS/Floorplans/Floorplans FINAL/Level3_TasekCentral_fixed.shp" }, "geometry": { "type": "MultiPolygon", "coordinates": [ [ [ [ 103.65509695350022, 1.514078134535503 ], [ 103.655116612894133, 1.514098654486047 ], [ 103.655242380426316, 1.513978245457828 ], [ 103.655239768779083, 1.513975519494139 ], [ 103.655210524388266, 1.513944995829437 ], [ 103.655210524790988, 1.513944995443868 ], [ 103.655198049159395, 1.513956939551949 ], [ 103.655173999697666, 1.513931837404338 ], [ 103.655155049186334, 1.513949980530381 ], [ 103.655133224771674, 1.513927200821719 ], [ 103.655098148415647, 1.513960782751987 ], [ 103.655097968329599, 1.51396086077635 ], [ 103.655097552598534, 1.51396103236075 ], [ 103.655097133940643, 1.513961196679941 ], [ 103.655096712482973, 1.513961353684061 ], [ 103.655096288353405, 1.513961503325466 ], [ 103.655095861680635, 1.513961645558748 ], [ 103.655095432594166, 1.513961780340746 ], [ 103.655095001224169, 1.513961907630559 ], [ 103.655094567701568, 1.513962027389562 ], [ 103.655094132157913, 1.513962139581414 ], [ 103.655093694725366, 1.513962244172069 ], [ 103.655093255536656, 1.51396234112979 ], [ 103.65509281472508, 1.513962430425154 ], [ 103.655092372424377, 1.513962512031065 ], [ 103.655091928768798, 1.513962585922759 ], [ 103.655091483892917, 1.513962652077814 ], [ 103.655091037931783, 1.513962710476155 ], [ 103.655090591020695, 1.51396276110006 ], [ 103.655090143295283, 1.513962803934169 ], [ 103.655089694891416, 1.513962838965482 ], [ 103.655089245945149, 1.51396286618337 ], [ 103.655088796592722, 1.513962885579573 ], [ 103.655088346970487, 1.513962897148206 ], [ 103.655087897214855, 1.513962900885757 ], [ 103.655087447462378, 1.513962896791093 ], [ 103.65508699784948, 1.513962884865456 ], [ 103.655086548512614, 1.513962865112466 ], [ 103.65508609958809, 1.513962837538115 ], [ 103.65508565121219, 1.513962802150773 ], [ 103.655085203520954, 1.513962758961176 ], [ 103.655084756650254, 1.513962707982431 ], [ 103.65508431073566, 1.513962649230008 ], [ 103.655083865912502, 1.513962582721734 ], [ 103.655083422315755, 1.513962508477793 ], [ 103.655082980080053, 1.513962426520713 ], [ 103.655082539339546, 1.513962336875365 ], [ 103.655082100228029, 1.513962239568952 ], [ 103.655081662878715, 1.513962134631 ], [ 103.655081227424333, 1.513962022093355 ], [ 103.65508079399703, 1.513961901990168 ], [ 103.655080235974623, 1.513961858737443 ], [ 103.655079677285357, 1.513961825172884 ], [ 103.655079118097461, 1.513961801306604 ], [ 103.655078558579419, 1.513961787145793 ], [ 103.655077998899813, 1.513961782694716 ], [ 103.655077439227227, 1.513961787954714 ], [ 103.65507687973026, 1.513961802924204 ], [ 103.655076320577479, 1.513961827598675 ], [ 103.655075761937326, 1.513961861970694 ], [ 103.655075203978058, 1.513961906029906 ], [ 103.655074646867817, 1.513961959763038 ], [ 103.655074090774406, 1.513962023153904 ], [ 103.655073535865341, 1.513962096183406 ], [ 103.655072982307814, 1.513962178829544 ], [ 103.655072430268589, 1.513962271067421 ], [ 103.655071879913933, 1.513962372869249 ], [ 103.655071331409673, 1.513962484204361 ], [ 103.655070784921037, 1.513962605039216 ], [ 103.655070240612645, 1.513962735337413 ], [ 103.655069698648504, 1.513962875059699 ], [ 103.655069159191854, 1.513963024163981 ], [ 103.655068622405224, 1.513963182605343 ], [ 103.655068088450321, 1.513963350336052 ], [ 103.655067557487968, 1.51396352730558 ], [ 103.655067029678179, 1.513963713460614 ], [ 103.655066505179903, 1.513963908745074 ], [ 103.655065984151179, 1.51396411310013 ], [ 103.655065466748965, 1.513964326464219 ], [ 103.655064953129099, 1.513964548773065 ], [ 103.655064443446363, 1.513964779959696 ], [ 103.655063937854266, 1.513965019954467 ], [ 103.655063436505131, 1.513965268685078 ], [ 103.655062939549993, 1.5139655260766 ], [ 103.655062447138533, 1.513965792051491 ], [ 103.655061959419129, 1.513966066529625 ], [ 103.655061476538677, 1.513966349428316 ], [ 103.655060998642696, 1.51396664066234 ], [ 103.655060525875086, 1.51396694014396 ], [ 103.655060058378311, 1.513967247782958 ], [ 103.655059596293214, 1.513967563486655 ], [ 103.655059139758976, 1.513967887159946 ], [ 103.65505868891313, 1.513968218705322 ], [ 103.655058243891517, 1.513968558022906 ], [ 103.655057804828189, 1.513968905010475 ], [ 103.655057371855392, 1.513969259563499 ], [ 103.655056945103581, 1.513969621575167 ], [ 103.655056524701337, 1.513969990936423 ], [ 103.655056110775277, 1.513970367535995 ], [ 103.655055703450117, 1.513970751260433 ], [ 103.655055302848538, 1.513971141994135 ], [ 103.655054909091248, 1.513971539619394 ], [ 103.655054522296865, 1.513971944016424 ], [ 103.655054142581903, 1.513972355063398 ], [ 103.655053770060761, 1.513972772636487 ], [ 103.655053404845646, 1.513973196609896 ], [ 103.655053047046593, 1.513973626855903 ], [ 103.655052696771392, 1.513974063244892 ], [ 103.655052354125573, 1.513974505645402 ], [ 103.655052019212334, 1.513974953924158 ], [ 103.655051692132588, 1.513975407946114 ], [ 103.655051372984872, 1.513975867574494 ], [ 103.655051061865294, 1.513976332670834 ], [ 103.655050758867631, 1.513976803095022 ], [ 103.655050464083146, 1.513977278705342 ], [ 103.6550501776006, 1.513977759358514 ], [ 103.655049899506366, 1.51397824490974 ], [ 103.655049629884161, 1.513978735212746 ], [ 103.65504936881527, 1.513979230119827 ], [ 103.655049116378279, 1.513979729481891 ], [ 103.655048872649274, 1.513980233148502 ], [ 103.655048637701654, 1.51398074096793 ], [ 103.655048411606231, 1.513981252787193 ], [ 103.655048194431089, 1.513981768452102 ], [ 103.655047986241669, 1.513982287807314 ], [ 103.655047787100671, 1.51398281069637 ], [ 103.655047597068105, 1.513983336961748 ], [ 103.655047416201214, 1.513983866444909 ], [ 103.655047244554481, 1.513984398986344 ], [ 103.655047082179621, 1.513984934425624 ], [ 103.655046929125533, 1.513985472601446 ], [ 103.65504678543833, 1.513986013351683 ], [ 103.655046651161314, 1.513986556513432 ], [ 103.655046526334942, 1.513987101923063 ], [ 103.655046410996789, 1.513987649416271 ], [ 103.655046305181628, 1.513988198828121 ], [ 103.655046208921306, 1.513988749993101 ], [ 103.655046122244855, 1.513989302745171 ], [ 103.655046045178366, 1.513989856917812 ], [ 103.655045977745061, 1.513990412344079 ], [ 103.655045919965247, 1.513990968856647 ], [ 103.655045871856345, 1.513991526287866 ], [ 103.655045833432851, 1.513992084469806 ], [ 103.655045804706333, 1.513992643234314 ], [ 103.655045785685431, 1.513993202413062 ], [ 103.655045776375886, 1.513993761837592 ], [ 103.655045776780497, 1.513994321339379 ], [ 103.655045786899151, 1.51399488074987 ], [ 103.655045806728822, 1.51399543990054 ], [ 103.655045836263469, 1.513995998622944 ], [ 103.655045875494267, 1.513996556748765 ], [ 103.65504592440935, 1.513997114109865 ], [ 103.655045982994011, 1.513997670538338 ], [ 103.65504605123057, 1.513998225866559 ], [ 103.655046129098523, 1.513998779927232 ], [ 103.655046216574348, 1.513999332553444 ], [ 103.655046313631743, 1.513999883578717 ], [ 103.655046420241447, 1.514000432837051 ], [ 103.65504653637133, 1.51400098016298 ], [ 103.655046661986447, 1.514001525391621 ], [ 103.655046797048911, 1.514002068358723 ], [ 103.655046941518066, 1.514002608900713 ], [ 103.655047095350369, 1.514003146854753 ], [ 103.655047258499508, 1.514003682058783 ], [ 103.655047430916298, 1.514004214351569 ], [ 103.655047612548827, 1.514004743572757 ], [ 103.655047803342356, 1.514005269562919 ], [ 103.655048003239429, 1.514005792163595 ], [ 103.655048212179793, 1.514006311217355 ], [ 103.65504843010055, 1.514006826567828 ], [ 103.655048656936017, 1.514007338059765 ], [ 103.655048892617856, 1.514007845539077 ], [ 103.655049137075082, 1.514008348852884 ], [ 103.655049390234041, 1.514008847849562 ], [ 103.655049652018491, 1.514009342378786 ], [ 103.655049922349548, 1.514009832291577 ], [ 103.655050201145798, 1.514010317440348 ], [ 103.655050488323198, 1.514010797678946 ], [ 103.655050783795289, 1.514011272862698 ], [ 103.655051087473041, 1.514011742848453 ], [ 103.655051399264963, 1.514012207494626 ], [ 103.65505171907715, 1.514012666661241 ], [ 103.655052046813211, 1.514013120209974 ], [ 103.655052382374478, 1.51401356800419 ], [ 103.655052725659814, 1.51401400990899 ], [ 103.655053076565821, 1.514014445791249 ], [ 103.655053434986769, 1.514014875519656 ], [ 103.655053800814713, 1.514015298964755 ], [ 103.655054173939433, 1.51401571599898 ], [ 103.655054554248522, 1.514016126496699 ], [ 103.655054941627384, 1.514016530334249 ], [ 103.655055335959375, 1.514016927389971 ], [ 103.655055737125664, 1.514017317544252 ], [ 103.655056145005403, 1.514017700679557 ], [ 103.655056559475739, 1.514018076680463 ], [ 103.655056980411757, 1.514018445433702 ], [ 103.655057407686712, 1.514018806828183 ], [ 103.655057841171853, 1.514019160755036 ], [ 103.655058280736597, 1.514019507107639 ], [ 103.655058726248527, 1.514019845781652 ], [ 103.65505917757342, 1.514020176675049 ], [ 103.655059634575338, 1.514020499688147 ], [ 103.655060097116575, 1.514020814723638 ], [ 103.655060565057809, 1.514021121686615 ], [ 103.655061038258069, 1.514021420484606 ], [ 103.65506151657479, 1.514021711027595 ], [ 103.655061999863904, 1.514021993228057 ], [ 103.655062487979791, 1.514022267000979 ], [ 103.655062980775398, 1.514022532263883 ], [ 103.655063478102306, 1.51402278893686 ], [ 103.655063979810691, 1.514023036942585 ], [ 103.655064485749364, 1.514023276206348 ], [ 103.655064995765954, 1.514023506656067 ], [ 103.655065509706802, 1.514023728222319 ], [ 103.655066027417078, 1.514023940838358 ], [ 103.655066548740834, 1.514024144440132 ], [ 103.655067073520996, 1.514024338966304 ], [ 103.655067601599484, 1.514024524358274 ], [ 103.655068132817235, 1.514024700560192 ], [ 103.655068667014191, 1.514024867518975 ], [ 103.655069204029417, 1.514025025184328 ], [ 103.655069743701162, 1.514025173508753 ], [ 103.655070285866827, 1.514025312447567 ], [ 103.655070830363115, 1.514025441958914 ], [ 103.655071377025934, 1.514025562003778 ], [ 103.655071925690663, 1.514025672545996 ], [ 103.655072476191961, 1.514025773552266 ], [ 103.655073028364043, 1.51402586499216 ], [ 103.655073582040529, 1.514025946838131 ], [ 103.655074137054626, 1.514026019065523 ], [ 103.655074693239143, 1.514026081652577 ], [ 103.65507525042652, 1.514026134580439 ], [ 103.655075929906431, 1.514025969890896 ], [ 103.655076612141841, 1.514025817008324 ], [ 103.655077296927445, 1.514025675978725 ], [ 103.655077984057172, 1.514025546844539 ], [ 103.655078673324255, 1.514025429644623 ], [ 103.655079364521328, 1.514025324414241 ], [ 103.655080057440358, 1.514025231185061 ], [ 103.655080751872873, 1.514025149985134 ], [ 103.655081447609902, 1.514025080838896 ], [ 103.65508214444209, 1.514025023767152 ], [ 103.655082842159743, 1.514024978787076 ], [ 103.655083540552923, 1.514024945912203 ], [ 103.655084239411494, 1.514024925152424 ], [ 103.655084938525121, 1.514024916513989 ], [ 103.655085637683456, 1.514024919999494 ], [ 103.655086336676135, 1.514024935607893 ], [ 103.655087035292809, 1.514024963334486 ], [ 103.655087733323242, 1.514025003170933 ], [ 103.655088430557413, 1.514025055105245 ], [ 103.655089126785512, 1.514025119121795 ], [ 103.655089821798057, 1.51402519520132 ], [ 103.655090515385865, 1.514025283320927 ], [ 103.655091207340263, 1.5140253834541 ], [ 103.655091897453019, 1.514025495570707 ], [ 103.655092585516513, 1.514025619637013 ], [ 103.655093271323651, 1.514025755615685 ], [ 103.655093954668075, 1.514025903465804 ], [ 103.655094635344199, 1.514026063142883 ], [ 103.655095313147172, 1.514026234598872 ], [ 103.655095987873011, 1.514026417782179 ], [ 103.655096659318758, 1.514026612637682 ], [ 103.655097327282292, 1.514026819106748 ], [ 103.655097991562641, 1.514027037127249 ], [ 103.65509865195996, 1.514027266633579 ], [ 103.655099308275481, 1.514027507556679 ], [ 103.65509996031173, 1.514027759824053 ], [ 103.65510060787247, 1.514028023359791 ], [ 103.655101250762925, 1.514028298084593 ], [ 103.655101888789559, 1.514028583915793 ], [ 103.65510252176044, 1.514028880767378 ], [ 103.655103149485072, 1.514029188550028 ], [ 103.655103771774591, 1.514029507171125 ], [ 103.6551043884417, 1.514029836534793 ], [ 103.655104999300875, 1.514030176541926 ], [ 103.655105604168313, 1.51403052709021 ], [ 103.655106202861958, 1.514030888074164 ], [ 103.655106795201718, 1.514031259385165 ], [ 103.655107381009302, 1.51403164091148 ], [ 103.655107960108467, 1.514032032538305 ], [ 103.655108532324931, 1.514032434147797 ], [ 103.655109097486516, 1.514032845619109 ], [ 103.655109655423189, 1.514033266828424 ], [ 103.65511020596702, 1.514033697648996 ], [ 103.655110748952382, 1.514034137951188 ], [ 103.655111284215863, 1.514034587602511 ], [ 103.655111811596399, 1.514035046467657 ], [ 103.655112330935296, 1.514035514408553 ], [ 103.655112842076292, 1.514035991284389 ], [ 103.655113344865583, 1.514036476951671 ], [ 103.655113839151852, 1.514036971264255 ], [ 103.655114324786368, 1.5140374740734 ], [ 103.655114801623043, 1.514037985227805 ], [ 103.655115269518319, 1.51403850457366 ], [ 103.655115728331481, 1.514039031954689 ], [ 103.655116177924398, 1.514039567212198 ], [ 103.655116618161813, 1.514040110185124 ], [ 103.655117048911265, 1.514040660710081 ], [ 103.655117470043123, 1.514041218621411 ], [ 103.65511788143067, 1.514041783751234 ], [ 103.655118282950127, 1.514042355929497 ], [ 103.655118674480661, 1.514042934984027 ], [ 103.655119055904464, 1.514043520740581 ], [ 103.65511942710674, 1.5140441130229 ], [ 103.655119787975806, 1.514044711652761 ], [ 103.655120112875125, 1.514044977056542 ], [ 103.655120442334905, 1.514045236781534 ], [ 103.655120776255828, 1.514045490749444 ], [ 103.655121114537238, 1.514045738883713 ], [ 103.655121457077158, 1.514045981109541 ], [ 103.655121803772332, 1.514046217353913 ], [ 103.655122154518253, 1.514046447545611 ], [ 103.655122509209193, 1.514046671615247 ], [ 103.655122867738228, 1.514046889495274 ], [ 103.655123229997301, 1.514047101120014 ], [ 103.655123595877171, 1.514047306425674 ], [ 103.655123965267578, 1.514047505350364 ], [ 103.655124338057135, 1.51404769783412 ], [ 103.655124714133493, 1.514047883818917 ], [ 103.655125093383276, 1.514048063248692 ], [ 103.655125475692188, 1.514048236069357 ], [ 103.655125860944949, 1.514048402228814 ], [ 103.655126249025443, 1.514048561676977 ], [ 103.655126639816658, 1.514048714365779 ], [ 103.655127033200827, 1.514048860249195 ], [ 103.655127397058635, 1.514048988043905 ], [ 103.65509695350022, 1.514078134535503 ] ] ] ] } },
{ "type": "Feature", "properties": { "id": null, "FloorLevel": "3", "Zone": "Orange", "ShopName": null, "LotNo": null, "Type": "Shop", "Category": "Unoccupied", "layer": "Level3_TasekCentral_fixed", "path": "C:/Users/Stephanie/Documents/001 Tasek Mall/04 GIS/Floorplans/Floorplans FINAL/Level3_TasekCentral_fixed.shp" }, "geometry": { "type": "MultiPolygon", "coordinates": [ [ [ [ 103.65443815011875, 1.513829480982771 ], [ 103.654438150118764, 1.513829480982771 ], [ 103.654442674755501, 1.513824353321411 ], [ 103.654442613663534, 1.513825207609327 ], [ 103.654449797145475, 1.513769271463353 ], [ 103.65444985718365, 1.51376924643057 ], [ 103.654451964502698, 1.513767195924484 ], [ 103.654490436621998, 1.513730353645536 ], [ 103.654495815469417, 1.513725238482961 ], [ 103.654497087297358, 1.513724029003293 ], [ 103.654553810976751, 1.513718748912612 ], [ 103.654599801256978, 1.513766752757379 ], [ 103.654597909415827, 1.513788734656515 ], [ 103.654597909415841, 1.513788734656527 ], [ 103.654675678100489, 1.513869907420925 ], [ 103.654699459572129, 1.513894729851094 ], [ 103.654739435187963, 1.5138564573926 ], [ 103.654540369527624, 1.513647093837719 ], [ 103.654515269438832, 1.513671124541922 ], [ 103.654504906657181, 1.513660308161256 ], [ 103.654482458346976, 1.513681800065362 ], [ 103.654471597830792, 1.513670464163421 ], [ 103.654416339720697, 1.513723367968335 ], [ 103.654397425143927, 1.513741476692541 ], [ 103.654408330987295, 1.513752859912632 ], [ 103.654385595913169, 1.513774626348174 ], [ 103.65443815011875, 1.513829480982771 ] ] ], [ [ [ 103.654442613663505, 1.513825207609578 ], [ 103.65444261366352, 1.513825207609579 ], [ 103.654442613663534, 1.513825207609327 ], [ 103.654442613663505, 1.513825207609578 ] ] ] ] } },
{ "type": "Feature", "properties": { "id": null, "FloorLevel": "3", "Zone": null, "ShopName": null, "LotNo": null, "Type": "Escalator", "Category": null, "layer": "Level3_TasekCentral_fixed", "path": "C:/Users/Stephanie/Documents/001 Tasek Mall/04 GIS/Floorplans/Floorplans FINAL/Level3_TasekCentral_fixed.shp" }, "geometry": { "type": "MultiPolygon", "coordinates": [ [ [ [ 103.654631536392259, 1.513931243902007 ], [ 103.654537411911619, 1.513832999419322 ], [ 103.65453009818421, 1.513840001546174 ], [ 103.65452278445683, 1.513847003673001 ], [ 103.654533802327052, 1.513858503815555 ], [ 103.654534300950516, 1.51385902426468 ], [ 103.654616908938522, 1.513945248153851 ], [ 103.654616908938522, 1.513945248153851 ], [ 103.654624195159627, 1.513938238268123 ], [ 103.654631536392259, 1.513931243902007 ] ] ] ] } },
{ "type": "Feature", "properties": { "id": null, "FloorLevel": "3", "Zone": "Pink", "ShopName": null, "LotNo": null, "Type": "Shop", "Category": "Unoccupied", "layer": "Level3_TasekCentral_fixed", "path": "C:/Users/Stephanie/Documents/001 Tasek Mall/04 GIS/Floorplans/Floorplans FINAL/Level3_TasekCentral_fixed.shp" }, "geometry": { "type": "MultiPolygon", "coordinates": [ [ [ [ 103.654700188997296, 1.514049612980312 ], [ 103.654773883271815, 1.514126532980894 ], [ 103.654793551683909, 1.514107702541635 ], [ 103.654819287964997, 1.514083062754975 ], [ 103.654720444160247, 1.513979892382924 ], [ 103.654675039467051, 1.514023362610927 ], [ 103.654700188997296, 1.514049612980312 ] ] ] ] } },
{ "type": "Feature", "properties": { "id": null, "FloorLevel": "3", "Zone": null, "ShopName": null, "LotNo": null, "Type": "Void", "Category": null, "layer": "Level3_TasekCentral_fixed", "path": "C:/Users/Stephanie/Documents/001 Tasek Mall/04 GIS/Floorplans/Floorplans FINAL/Level3_TasekCentral_fixed.shp" }, "geometry": { "type": "MultiPolygon", "coordinates": [ [ [ [ 103.654513228016015, 1.514460830053874 ], [ 103.654502443009093, 1.514449572963226 ], [ 103.65449605740875, 1.514442907850978 ], [ 103.654456809306197, 1.514480483757267 ], [ 103.654547826453197, 1.514575484923839 ], [ 103.654587074555579, 1.51453790901895 ], [ 103.654513228016015, 1.514460830053874 ] ] ] ] } },
{ "type": "Feature", "properties": { "id": null, "FloorLevel": "3", "Zone": null, "ShopName": null, "LotNo": null, "Type": "Void", "Category": null, "layer": "Level3_TasekCentral_fixed", "path": "C:/Users/Stephanie/Documents/001 Tasek Mall/04 GIS/Floorplans/Floorplans FINAL/Level3_TasekCentral_fixed.shp" }, "geometry": { "type": "MultiPolygon", "coordinates": [ [ [ [ 103.654663361935278, 1.514576129216289 ], [ 103.654660346962899, 1.51457353585225 ], [ 103.654656782562157, 1.514571553940852 ], [ 103.654652724945819, 1.514570214738022 ], [ 103.654648238104855, 1.514569539363795 ], [ 103.654643392799485, 1.514569538469226 ], [ 103.65463826544304, 1.514570212068429 ], [ 103.654632936896988, 1.514571549538335 ], [ 103.654627491195669, 1.514573529786268 ], [ 103.65462201422109, 1.514576121582505 ], [ 103.654616592348376, 1.514579284052903 ], [ 103.654611311083698, 1.514582967323409 ], [ 103.654606253715784, 1.514587113306634 ], [ 103.654601500002315, 1.514591656617956 ], [ 103.654597124912243, 1.514596525606635 ], [ 103.65459319744329, 1.514601643485823 ], [ 103.654589779534035, 1.514606929543489 ], [ 103.65458692508696, 1.514612300415339 ], [ 103.654584679118358, 1.514617671399541 ], [ 103.654583077048542, 1.514622957792433 ], [ 103.654582144143092, 1.514628076224457 ], [ 103.654581895114489, 1.514632945974869 ], [ 103.654582333890048, 1.514637490244799 ], [ 103.654583453550046, 1.514641637368393 ], [ 103.654585236436745, 1.514645321943034 ], [ 103.654587654432987, 1.514648485860779 ], [ 103.654590669405493, 1.514651079224759 ], [ 103.65459423380635, 1.514653061136073 ], [ 103.654598291422843, 1.514654400338798 ], [ 103.654602778263907, 1.514655075712908 ], [ 103.654607623569404, 1.514655076607354 ], [ 103.654612750925935, 1.51465440300803 ], [ 103.654618079472044, 1.514653065538013 ], [ 103.654623525173378, 1.514651085289986 ], [ 103.654629002147956, 1.514648493493677 ], [ 103.654634424020642, 1.514645331023234 ], [ 103.654639705285248, 1.514641647752713 ], [ 103.654644762653078, 1.514637501769504 ], [ 103.654649516366419, 1.514632958458228 ], [ 103.654653891456377, 1.514628089469621 ], [ 103.654657818925187, 1.514622971590528 ], [ 103.654661236834315, 1.514617685532973 ], [ 103.654664091281276, 1.514612314661244 ], [ 103.654666337249779, 1.514606943677165 ], [ 103.654667939319523, 1.51460165728439 ], [ 103.654668872224931, 1.51459653885247 ], [ 103.654669121253519, 1.514591669102142 ], [ 103.654668682477975, 1.51458712483227 ], [ 103.654667562818034, 1.514582977708707 ], [ 103.654665779931406, 1.514579293134065 ], [ 103.654663361935278, 1.514576129216289 ] ] ] ] } },
{ "type": "Feature", "properties": { "id": null, "FloorLevel": "3", "Zone": null, "ShopName": null, "LotNo": null, "Type": "Void", "Category": null, "layer": "Level3_TasekCentral_fixed", "path": "C:/Users/Stephanie/Documents/001 Tasek Mall/04 GIS/Floorplans/Floorplans FINAL/Level3_TasekCentral_fixed.shp" }, "geometry": { "type": "MultiPolygon", "coordinates": [ [ [ [ 103.654541142155622, 1.513750698481076 ], [ 103.654538509345741, 1.513748433837211 ], [ 103.654535396750148, 1.513746703141581 ], [ 103.654531853456305, 1.513745533688289 ], [ 103.654527935344106, 1.513744943920318 ], [ 103.654523704204493, 1.513744943138661 ], [ 103.654519226765061, 1.513745531355652 ], [ 103.654514573637726, 1.513746699294751 ], [ 103.654509818205071, 1.51374842853688 ], [ 103.654505035463117, 1.513750691810834 ], [ 103.654500300838535, 1.513753453423456 ], [ 103.654495688999219, 1.513756669822461 ], [ 103.654491272676609, 1.513760290283303 ], [ 103.65448712151877, 1.513764257709163 ], [ 103.654483300991942, 1.513768509531357 ], [ 103.654479871348101, 1.513772978696119 ], [ 103.654476886674786, 1.513777594722037 ], [ 103.654474394042111, 1.513782284811615 ], [ 103.654472432760329, 1.513786974999363 ], [ 103.654471033760075, 1.51379159131819 ], [ 103.654470219104383, 1.513796060966001 ], [ 103.654470001640888, 1.513800313453773 ], [ 103.654470384799126, 1.513804281717234 ], [ 103.654471362536427, 1.513807903174495 ], [ 103.654472919433317, 1.513811120713014 ], [ 103.654475030936581, 1.513813883590285 ], [ 103.654477663746562, 1.513816148234086 ], [ 103.654480776342268, 1.513817878929633 ], [ 103.654484319636197, 1.513819048382823 ], [ 103.654488237748495, 1.513819638150683 ], [ 103.654492468888179, 1.513819638932226 ], [ 103.654496946327654, 1.513819050715125 ], [ 103.654501599455017, 1.513817882775927 ], [ 103.654506354887687, 1.513816153533716 ], [ 103.654511137629626, 1.513813890259703 ], [ 103.654515872254137, 1.513811128647047 ], [ 103.654520484093396, 1.513807912248037 ], [ 103.654524900415907, 1.513804291787218 ], [ 103.654529051573647, 1.51380032436141 ], [ 103.654532872100376, 1.51379607253929 ], [ 103.654536301744116, 1.513791603374621 ], [ 103.654539286417332, 1.513786987348811 ], [ 103.65454177904995, 1.513782297259345 ], [ 103.654543740331647, 1.51377760707171 ], [ 103.654545139331873, 1.51377299075299 ], [ 103.654545953987537, 1.513768521105269 ], [ 103.654546171451031, 1.513764268617569 ], [ 103.65454578829285, 1.513760300354154 ], [ 103.654544810555606, 1.513756678896912 ], [ 103.654543253658787, 1.513753461358385 ], [ 103.654541142155622, 1.513750698481076 ] ] ] ] } },
{ "type": "Feature", "properties": { "id": null, "FloorLevel": "3", "Zone": null, "ShopName": null, "LotNo": null, "Type": "Escalator", "Category": null, "layer": "Level3_TasekCentral_fixed", "path": "C:/Users/Stephanie/Documents/001 Tasek Mall/04 GIS/Floorplans/Floorplans FINAL/Level3_TasekCentral_fixed.shp" }, "geometry": { "type": "MultiPolygon", "coordinates": [ [ [ [ 103.654537411911619, 1.513832999419322 ], [ 103.654631536392259, 1.513931243902007 ], [ 103.654638850119142, 1.513924241776052 ], [ 103.654646163846039, 1.513917239650074 ], [ 103.654636693697469, 1.51390739944675 ], [ 103.65456789696114, 1.513835546879329 ], [ 103.654552039365058, 1.513818995166815 ], [ 103.654544725638345, 1.51382599729308 ], [ 103.654537411911619, 1.513832999419322 ] ] ] ] } },
{ "type": "Feature", "properties": { "id": null, "FloorLevel": "3", "Zone": "Pink", "ShopName": null, "LotNo": null, "Type": "Back of House", "Category": null, "layer": "Level3_TasekCentral_fixed", "path": "C:/Users/Stephanie/Documents/001 Tasek Mall/04 GIS/Floorplans/Floorplans FINAL/Level3_TasekCentral_fixed.shp" }, "geometry": { "type": "MultiPolygon", "coordinates": [ [ [ [ 103.65523393862388, 1.514119607145308 ], [ 103.655244439227388, 1.514130608005484 ], [ 103.655267457237983, 1.514108652063702 ], [ 103.655302235629932, 1.514145087324706 ], [ 103.655332101591753, 1.514176376123185 ], [ 103.655347291560119, 1.514161887032022 ], [ 103.655350071809053, 1.514159235065989 ], [ 103.65533018726066, 1.514138402818024 ], [ 103.655337179072532, 1.514131733737001 ], [ 103.655338747867219, 1.514130237355368 ], [ 103.65533874807997, 1.514130237395139 ], [ 103.65535674654339, 1.514113069069217 ], [ 103.655340913386766, 1.514096481607865 ], [ 103.655329366555179, 1.514084384676093 ], [ 103.655283240542332, 1.51403606118391 ], [ 103.655282864914042, 1.514035667667833 ], [ 103.655239158385939, 1.514077358335328 ], [ 103.655257779365925, 1.514096866433245 ], [ 103.65523393862388, 1.514119607145308 ] ] ] ] } },
{ "type": "Feature", "properties": { "id": null, "FloorLevel": "3", "Zone": "Pink", "ShopName": null, "LotNo": null, "Type": "Lift", "Category": null, "layer": "Level3_TasekCentral_fixed", "path": "C:/Users/Stephanie/Documents/001 Tasek Mall/04 GIS/Floorplans/Floorplans FINAL/Level3_TasekCentral_fixed.shp" }, "geometry": { "type": "MultiPolygon", "coordinates": [ [ [ [ 103.65521576472868, 1.514099673014216 ], [ 103.655234385682093, 1.514119180714716 ], [ 103.655257779365925, 1.514096866433245 ], [ 103.655239158385939, 1.514077358335328 ], [ 103.65521576472868, 1.514099673014216 ] ] ] ] } },
{ "type": "Feature", "properties": { "id": null, "FloorLevel": "3", "Zone": "Pink", "ShopName": null, "LotNo": null, "Type": "Lift", "Category": null, "layer": "Level3_TasekCentral_fixed", "path": "C:/Users/Stephanie/Documents/001 Tasek Mall/04 GIS/Floorplans/Floorplans FINAL/Level3_TasekCentral_fixed.shp" }, "geometry": { "type": "MultiPolygon", "coordinates": [ [ [ [ 103.65521576472868, 1.514099673014216 ], [ 103.655192371071408, 1.514121987692874 ], [ 103.65521099162892, 1.514141495347881 ], [ 103.655234385682093, 1.514119180714716 ], [ 103.65521576472868, 1.514099673014216 ] ] ] ] } },
{ "type": "Feature", "properties": { "id": null, "FloorLevel": "3", "Zone": "Orange", "ShopName": null, "LotNo": null, "Type": "Back of House", "Category": null, "layer": "Level3_TasekCentral_fixed", "path": "C:/Users/Stephanie/Documents/001 Tasek Mall/04 GIS/Floorplans/Floorplans FINAL/Level3_TasekCentral_fixed.shp" }, "geometry": { "type": "MultiPolygon", "coordinates": [ [ [ [ 103.654435138669044, 1.513856053611538 ], [ 103.654449832509385, 1.513841985807423 ], [ 103.654351360077939, 1.513739201357776 ], [ 103.654030502693217, 1.514046383575176 ], [ 103.654128977558457, 1.514149170550616 ], [ 103.654239614435227, 1.514043247426666 ], [ 103.654359969429393, 1.513928019352167 ], [ 103.654388535142147, 1.513900663547633 ], [ 103.654435138669044, 1.513856053611538 ] ] ] ] } },
{ "type": "Feature", "properties": { "id": null, "FloorLevel": "3", "Zone": "Orange", "ShopName": null, "LotNo": null, "Type": "Back of House", "Category": null, "layer": "Level3_TasekCentral_fixed", "path": "C:/Users/Stephanie/Documents/001 Tasek Mall/04 GIS/Floorplans/Floorplans FINAL/Level3_TasekCentral_fixed.shp" }, "geometry": { "type": "MultiPolygon", "coordinates": [ [ [ [ 103.654527033723312, 1.51392485846806 ], [ 103.654438327775395, 1.514009785103427 ], [ 103.654269246935257, 1.514171697709265 ], [ 103.654268763312643, 1.514172166977323 ], [ 103.6542340922352, 1.514205319185812 ], [ 103.654305664396887, 1.51428002417804 ], [ 103.654598605881006, 1.51399956346556 ], [ 103.654569776479732, 1.513969472151782 ], [ 103.654550509698751, 1.513949362029276 ], [ 103.654527033723326, 1.513924858468051 ], [ 103.654527033723312, 1.51392485846806 ] ] ] ] } },
{ "type": "Feature", "properties": { "id": null, "FloorLevel": "3", "Zone": "Orange", "ShopName": null, "LotNo": null, "Type": "Lift", "Category": null, "layer": "Level3_TasekCentral_fixed", "path": "C:/Users/Stephanie/Documents/001 Tasek Mall/04 GIS/Floorplans/Floorplans FINAL/Level3_TasekCentral_fixed.shp" }, "geometry": { "type": "MultiPolygon", "coordinates": [ [ [ [ 103.654056362802876, 1.51411537646416 ], [ 103.654038284816565, 1.51413268422649 ], [ 103.654060624184766, 1.514156001441769 ], [ 103.654073710199768, 1.514143472964841 ], [ 103.654078702171148, 1.51413869367958 ], [ 103.654056362802876, 1.51411537646416 ] ] ] ] } },
{ "type": "Feature", "properties": { "id": null, "FloorLevel": "3", "Zone": "Orange", "ShopName": null, "LotNo": null, "Type": "Shop", "Category": "Unoccupied", "layer": "Level3_TasekCentral_fixed", "path": "C:/Users/Stephanie/Documents/001 Tasek Mall/04 GIS/Floorplans/Floorplans FINAL/Level3_TasekCentral_fixed.shp" }, "geometry": { "type": "MultiPolygon", "coordinates": [ [ [ [ 103.65443139086365, 1.514223931123749 ], [ 103.654475979414315, 1.514270471389296 ], [ 103.65467531411376, 1.514079629352382 ], [ 103.654650192128628, 1.51405340773416 ], [ 103.65464391172533, 1.514046852426613 ], [ 103.654630725564942, 1.514033089084824 ], [ 103.65443139086365, 1.514223931123749 ] ] ] ] } },
{ "type": "Feature", "properties": { "id": null, "FloorLevel": "3", "Zone": "Orange", "ShopName": null, "LotNo": null, "Type": "Shop", "Category": "Unoccupied", "layer": "Level3_TasekCentral_fixed", "path": "C:/Users/Stephanie/Documents/001 Tasek Mall/04 GIS/Floorplans/Floorplans FINAL/Level3_TasekCentral_fixed.shp" }, "geometry": { "type": "MultiPolygon", "coordinates": [ [ [ [ 103.654276316793514, 1.514379683608474 ], [ 103.654288928128054, 1.514392846969921 ], [ 103.654294788108629, 1.514398963455421 ], [ 103.654319092141293, 1.514424331330532 ], [ 103.654331842215157, 1.514412124483567 ], [ 103.654289066870803, 1.514367476757995 ], [ 103.654276316793514, 1.514379683608474 ] ] ] ] } },
{ "type": "Feature", "properties": { "id": null, "FloorLevel": "3", "Zone": "Orange", "ShopName": null, "LotNo": null, "Type": "Toilet", "Category": null, "layer": "Level3_TasekCentral_fixed", "path": "C:/Users/Stephanie/Documents/001 Tasek Mall/04 GIS/Floorplans/Floorplans FINAL/Level3_TasekCentral_fixed.shp" }, "geometry": { "type": "MultiPolygon", "coordinates": [ [ [ [ 103.654227072876196, 1.514426829450437 ], [ 103.654192622930026, 1.514459811629806 ], [ 103.654235398274082, 1.51450445935349 ], [ 103.654269848224502, 1.514471477171754 ], [ 103.654227072876196, 1.514426829450437 ] ] ] ] } },
{ "type": "Feature", "properties": { "id": null, "FloorLevel": "3", "Zone": "Orange", "ShopName": null, "LotNo": null, "Type": "Toilet", "Category": null, "layer": "Level3_TasekCentral_fixed", "path": "C:/Users/Stephanie/Documents/001 Tasek Mall/04 GIS/Floorplans/Floorplans FINAL/Level3_TasekCentral_fixed.shp" }, "geometry": { "type": "MultiPolygon", "coordinates": [ [ [ [ 103.654251694834826, 1.514403256529583 ], [ 103.654240916574608, 1.514413575573662 ], [ 103.654227072876196, 1.514426829450437 ], [ 103.654269848224502, 1.514471477171754 ], [ 103.654294470182705, 1.514447904251664 ], [ 103.654251694834826, 1.514403256529583 ] ] ] ] } },
{ "type": "Feature", "properties": { "id": null, "FloorLevel": "3", "Zone": "Orange", "ShopName": null, "LotNo": null, "Type": "Nursing Room", "Category": null, "layer": "Level3_TasekCentral_fixed", "path": "C:/Users/Stephanie/Documents/001 Tasek Mall/04 GIS/Floorplans/Floorplans FINAL/Level3_TasekCentral_fixed.shp" }, "geometry": { "type": "MultiPolygon", "coordinates": [ [ [ [ 103.654277912782788, 1.514403392997513 ], [ 103.654288928128054, 1.514392846969921 ], [ 103.654276316793514, 1.514379683608474 ], [ 103.654265301448476, 1.514390229636313 ], [ 103.654277912782788, 1.514403392997513 ] ] ] ] } },
{ "type": "Feature", "properties": { "id": null, "FloorLevel": "3", "Zone": "Yellow", "ShopName": null, "LotNo": null, "Type": "Lift", "Category": null, "layer": "Level3_TasekCentral_fixed", "path": "C:/Users/Stephanie/Documents/001 Tasek Mall/04 GIS/Floorplans/Floorplans FINAL/Level3_TasekCentral_fixed.shp" }, "geometry": { "type": "MultiPolygon", "coordinates": [ [ [ [ 103.654331223674518, 1.514467713707634 ], [ 103.654307477687027, 1.514490447979065 ], [ 103.654325767251336, 1.514509538117708 ], [ 103.654349513238685, 1.51448680384607 ], [ 103.654331223674518, 1.514467713707634 ] ] ] ] } },
{ "type": "Feature", "properties": { "id": null, "FloorLevel": "3", "Zone": "Yellow", "ShopName": null, "LotNo": null, "Type": "Lift", "Category": null, "layer": "Level3_TasekCentral_fixed", "path": "C:/Users/Stephanie/Documents/001 Tasek Mall/04 GIS/Floorplans/Floorplans FINAL/Level3_TasekCentral_fixed.shp" }, "geometry": { "type": "MultiPolygon", "coordinates": [ [ [ [ 103.654325767251336, 1.514509538117708 ], [ 103.654307477687027, 1.514490447979065 ], [ 103.654283731699564, 1.514513182250258 ], [ 103.654302021263959, 1.514532272388725 ], [ 103.654325767251336, 1.514509538117708 ] ] ] ] } },
{ "type": "Feature", "properties": { "id": null, "FloorLevel": "3", "Zone": "Yellow", "ShopName": null, "LotNo": null, "Type": "Shop", "Category": "Unoccupied", "layer": "Level3_TasekCentral_fixed", "path": "C:/Users/Stephanie/Documents/001 Tasek Mall/04 GIS/Floorplans/Floorplans FINAL/Level3_TasekCentral_fixed.shp" }, "geometry": { "type": "MultiPolygon", "coordinates": [ [ [ [ 103.654430760091003, 1.514515372224377 ], [ 103.654420550691071, 1.514525146644777 ], [ 103.654408343292985, 1.514536833937032 ], [ 103.654359754065212, 1.51458335298178 ], [ 103.654394020468146, 1.51461911929829 ], [ 103.654368582560821, 1.514643473402368 ], [ 103.654390999340734, 1.51466687141195 ], [ 103.654390999333827, 1.51466687141944 ], [ 103.654549554624865, 1.514832366987757 ], [ 103.654616758082227, 1.514768026796272 ], [ 103.654645998566238, 1.514740032129755 ], [ 103.654430760091003, 1.514515372224377 ] ] ] ] } },
{ "type": "Feature", "properties": { "id": null, "FloorLevel": "3", "Zone": "Yellow", "ShopName": null, "LotNo": null, "Type": "Back of House", "Category": null, "layer": "Level3_TasekCentral_fixed", "path": "C:/Users/Stephanie/Documents/001 Tasek Mall/04 GIS/Floorplans/Floorplans FINAL/Level3_TasekCentral_fixed.shp" }, "geometry": { "type": "MultiPolygon", "coordinates": [ [ [ [ 103.654738531849418, 1.514552185164431 ], [ 103.654723885708719, 1.514566155518058 ], [ 103.654741002893203, 1.514584088174523 ], [ 103.654720694370468, 1.514603495943474 ], [ 103.654751070541423, 1.51463538079821 ], [ 103.654798643408725, 1.514685220060647 ], [ 103.654833646960768, 1.514651831610869 ], [ 103.654738531849418, 1.514552185164431 ] ] ] ] } },
{ "type": "Feature", "properties": { "id": null, "FloorLevel": "3", "Zone": "Yellow", "ShopName": null, "LotNo": null, "Type": "Shop", "Category": "Unoccupied", "layer": "Level3_TasekCentral_fixed", "path": "C:/Users/Stephanie/Documents/001 Tasek Mall/04 GIS/Floorplans/Floorplans FINAL/Level3_TasekCentral_fixed.shp" }, "geometry": { "type": "MultiPolygon", "coordinates": [ [ [ [ 103.65477766446844, 1.514514858162365 ], [ 103.654747089971465, 1.514544021922717 ], [ 103.654738531849418, 1.514552185164431 ], [ 103.654833646960768, 1.514651831610869 ], [ 103.654872779580245, 1.514614504611749 ], [ 103.65477766446844, 1.514514858162365 ] ] ] ] } },
{ "type": "Feature", "properties": { "id": null, "FloorLevel": "3", "Zone": "Pink", "ShopName": null, "LotNo": null, "Type": "Shop", "Category": "Unoccupied", "layer": "Level3_TasekCentral_fixed", "path": "C:/Users/Stephanie/Documents/001 Tasek Mall/04 GIS/Floorplans/Floorplans FINAL/Level3_TasekCentral_fixed.shp" }, "geometry": { "type": "MultiPolygon", "coordinates": [ [ [ [ 103.654903886942108, 1.514465431671696 ], [ 103.654939100408598, 1.514431842985699 ], [ 103.654919532580408, 1.514411342934781 ], [ 103.654951623794801, 1.514380732436658 ], [ 103.654935732233739, 1.514364083792133 ], [ 103.6548684275499, 1.514428282973777 ], [ 103.654903886942108, 1.514465431671696 ] ] ] ] } },
{ "type": "Feature", "properties": { "id": null, "FloorLevel": "3", "Zone": null, "ShopName": null, "LotNo": null, "Type": "Escalator", "Category": null, "layer": "Level3_TasekCentral_fixed", "path": "C:/Users/Stephanie/Documents/001 Tasek Mall/04 GIS/Floorplans/Floorplans FINAL/Level3_TasekCentral_fixed.shp" }, "geometry": { "type": "MultiPolygon", "coordinates": [ [ [ [ 103.654866692633618, 1.514303620810478 ], [ 103.654767818846167, 1.514397021283652 ], [ 103.654775402458625, 1.51440504369233 ], [ 103.654782986071083, 1.514413066100977 ], [ 103.654794413360236, 1.514401977984829 ], [ 103.65479493051231, 1.514401476182329 ], [ 103.654880608172107, 1.514318341518558 ], [ 103.654873650402862, 1.51431098116453 ], [ 103.654866692633618, 1.514303620810478 ] ] ] ] } },
{ "type": "Feature", "properties": { "id": null, "FloorLevel": "3", "Zone": null, "ShopName": null, "LotNo": null, "Type": "Escalator", "Category": null, "layer": "Level3_TasekCentral_fixed", "path": "C:/Users/Stephanie/Documents/001 Tasek Mall/04 GIS/Floorplans/Floorplans FINAL/Level3_TasekCentral_fixed.shp" }, "geometry": { "type": "MultiPolygon", "coordinates": [ [ [ [ 103.654767818846167, 1.514397021283652 ], [ 103.654866692633618, 1.514303620810478 ], [ 103.654859734864402, 1.514296260456401 ], [ 103.654852777095215, 1.514288900102298 ], [ 103.654771601848097, 1.514367665984732 ], [ 103.654755154990454, 1.514383624682828 ], [ 103.654761214775419, 1.514390035093873 ], [ 103.654767818846167, 1.514397021283652 ] ] ] ] } },
{ "type": "Feature", "properties": { "id": null, "FloorLevel": "3", "Zone": "Yellow", "ShopName": "Snap A Memory", "LotNo": "3-51", "Type": "Shop", "Category": "Entertainment and Leisure", "layer": "Level3_TasekCentral_fixed", "path": "C:/Users/Stephanie/Documents/001 Tasek Mall/04 GIS/Floorplans/Floorplans FINAL/Level3_TasekCentral_fixed.shp" }, "geometry": { "type": "MultiPolygon", "coordinates": [ [ [ [ 103.65472069437044, 1.514603495943474 ], [ 103.654715498608084, 1.514670810323941 ], [ 103.654680748587168, 1.514705421227124 ], [ 103.654645998566238, 1.514740032129755 ], [ 103.654616758082227, 1.514768026796272 ], [ 103.654604953792926, 1.514779328152523 ], [ 103.654650241747831, 1.514826774312758 ], [ 103.654762322578222, 1.514719865010665 ], [ 103.654781023604215, 1.514702026869292 ], [ 103.654798643408725, 1.514685220060647 ], [ 103.654751070541423, 1.51463538079821 ], [ 103.654750960485458, 1.51463526549913 ], [ 103.654720694370468, 1.514603495943474 ], [ 103.65472069437044, 1.514603495943474 ] ] ] ] } },
{ "type": "Feature", "properties": { "id": null, "FloorLevel": "3", "Zone": "Yellow", "ShopName": null, "LotNo": null, "Type": "Shop", "Category": "Unoccupied", "layer": "Level3_TasekCentral_fixed", "path": "C:/Users/Stephanie/Documents/001 Tasek Mall/04 GIS/Floorplans/Floorplans FINAL/Level3_TasekCentral_fixed.shp" }, "geometry": { "type": "MultiPolygon", "coordinates": [ [ [ [ 103.654910010532305, 1.514547410315841 ], [ 103.654896400733548, 1.514533152138937 ], [ 103.654895615801621, 1.514532329812436 ], [ 103.654895615801635, 1.514532329812425 ], [ 103.65483067419666, 1.51446429435294 ], [ 103.654814237665732, 1.514479972487035 ], [ 103.654804501674974, 1.514489259250012 ], [ 103.65477766446844, 1.514514858162365 ], [ 103.654872779580245, 1.514614504611749 ], [ 103.654909352777693, 1.514579618938667 ], [ 103.654925789310653, 1.514563940803514 ], [ 103.654910010532305, 1.514547410315841 ] ] ] ] } },
{ "type": "Feature", "properties": { "id": null, "FloorLevel": "3", "Zone": "Yellow", "ShopName": null, "LotNo": null, "Type": "Shop", "Category": "Unoccupied", "layer": "Level3_TasekCentral_fixed", "path": "C:/Users/Stephanie/Documents/001 Tasek Mall/04 GIS/Floorplans/Floorplans FINAL/Level3_TasekCentral_fixed.shp" }, "geometry": { "type": "MultiPolygon", "coordinates": [ [ [ [ 103.65483067419666, 1.51446429435294 ], [ 103.654895615801635, 1.514532329812425 ], [ 103.654933369154918, 1.514496318433384 ], [ 103.6548684275499, 1.514428282973777 ], [ 103.65485346336024, 1.514442556702563 ], [ 103.65483067419666, 1.51446429435294 ] ] ] ] } },
{ "type": "Feature", "properties": { "id": null, "FloorLevel": "3", "Zone": "Pink", "ShopName": null, "LotNo": null, "Type": "Shop", "Category": "Unoccupied", "layer": "Level3_TasekCentral_fixed", "path": "C:/Users/Stephanie/Documents/001 Tasek Mall/04 GIS/Floorplans/Floorplans FINAL/Level3_TasekCentral_fixed.shp" }, "geometry": { "type": "MultiPolygon", "coordinates": [ [ [ [ 103.655152382428867, 1.514286270468551 ], [ 103.655160114947861, 1.514294369075605 ], [ 103.655287052433167, 1.514173254286935 ], [ 103.655280215395692, 1.514166091527981 ], [ 103.655290170032586, 1.514156596205889 ], [ 103.655295194925472, 1.514151803165511 ], [ 103.655302235629932, 1.514145087324706 ], [ 103.655267457237983, 1.514108652063702 ], [ 103.655244439227388, 1.514130608005484 ], [ 103.65523393862388, 1.514119607145308 ], [ 103.65521099162892, 1.514141495347881 ], [ 103.655192371071408, 1.514121987692874 ], [ 103.655111287098919, 1.514196629171841 ], [ 103.655111287098919, 1.514196629171841 ], [ 103.655088000932992, 1.514218840896111 ], [ 103.655152382428867, 1.514286270468551 ] ] ] ] } },
{ "type": "Feature", "properties": { "id": null, "FloorLevel": "3", "Zone": "Pink", "ShopName": "Playland", "LotNo": "3-45", "Type": "Shop", "Category": "Entertainment and Leisure", "layer": "Level3_TasekCentral_fixed", "path": "C:/Users/Stephanie/Documents/001 Tasek Mall/04 GIS/Floorplans/Floorplans FINAL/Level3_TasekCentral_fixed.shp" }, "geometry": { "type": "MultiPolygon", "coordinates": [ [ [ [ 103.655088000932992, 1.514218840896111 ], [ 103.655024289163237, 1.514279612954167 ], [ 103.65496057739351, 1.51434038501052 ], [ 103.655003540200724, 1.514385392351847 ], [ 103.655050024036896, 1.514341053340001 ], [ 103.655071434291074, 1.514363483589423 ], [ 103.655094964956362, 1.514341038649461 ], [ 103.655152382428867, 1.514286270468551 ], [ 103.655088000932992, 1.514218840896111 ] ] ] ] } },
{ "type": "Feature", "properties": { "id": null, "FloorLevel": "3", "Zone": "Pink", "ShopName": null, "LotNo": null, "Type": "Shop", "Category": "Unoccupied", "layer": "Level3_TasekCentral_fixed", "path": "C:/Users/Stephanie/Documents/001 Tasek Mall/04 GIS/Floorplans/Floorplans FINAL/Level3_TasekCentral_fixed.shp" }, "geometry": { "type": "MultiPolygon", "coordinates": [ [ [ [ 103.655103783298586, 1.514110937458149 ], [ 103.655116612894133, 1.514098654486047 ], [ 103.65509695350022, 1.514078134535503 ], [ 103.655021828516695, 1.514150058772183 ], [ 103.655041458140914, 1.514170547631534 ], [ 103.655041487888468, 1.514170578681216 ], [ 103.655041347513531, 1.514170713075274 ], [ 103.655041487888468, 1.514170578681217 ], [ 103.655103783298586, 1.514110937458149 ] ] ] ] } },
{ "type": "Feature", "properties": { "id": null, "FloorLevel": "3", "Zone": "Pink", "ShopName": null, "LotNo": null, "Type": "Shop", "Category": "Unoccupied", "layer": "Level3_TasekCentral_fixed", "path": "C:/Users/Stephanie/Documents/001 Tasek Mall/04 GIS/Floorplans/Floorplans FINAL/Level3_TasekCentral_fixed.shp" }, "geometry": { "type": "MultiPolygon", "coordinates": [ [ [ [ 103.654875069965684, 1.514192766834299 ], [ 103.654875057200954, 1.514192779055178 ], [ 103.654909322026597, 1.514228543733148 ], [ 103.654943586852866, 1.5142643084098 ], [ 103.654988590321821, 1.514221176046225 ], [ 103.654954348631406, 1.514185435516718 ], [ 103.654920083805465, 1.514149670838393 ], [ 103.654875069965684, 1.514192766834299 ] ] ], [ [ [ 103.654988613457348, 1.514221200194453 ], [ 103.654988590321821, 1.514221176046225 ], [ 103.654988590321821, 1.514221176046222 ], [ 103.654988613457348, 1.514221200194453 ] ] ] ] } },
{ "type": "Feature", "properties": { "id": null, "FloorLevel": "3", "Zone": null, "ShopName": null, "LotNo": null, "Type": "Escalator", "Category": null, "layer": "Level3_TasekCentral_fixed", "path": "C:/Users/Stephanie/Documents/001 Tasek Mall/04 GIS/Floorplans/Floorplans FINAL/Level3_TasekCentral_fixed.shp" }, "geometry": { "type": "MultiPolygon", "coordinates": [ [ [ [ 103.654361026208889, 1.514338627401545 ], [ 103.65445515070769, 1.514436871888527 ], [ 103.654469778165506, 1.51442286763717 ], [ 103.65439151126624, 1.514341174862148 ], [ 103.654375653667259, 1.514324623148767 ], [ 103.654368926934211, 1.514331111637309 ], [ 103.654361026208889, 1.514338627401545 ] ] ] ] } },
{ "type": "Feature", "properties": { "id": null, "FloorLevel": "3", "Zone": null, "ShopName": null, "LotNo": null, "Type": "Escalator", "Category": null, "layer": "Level3_TasekCentral_fixed", "path": "C:/Users/Stephanie/Documents/001 Tasek Mall/04 GIS/Floorplans/Floorplans FINAL/Level3_TasekCentral_fixed.shp" }, "geometry": { "type": "MultiPolygon", "coordinates": [ [ [ [ 103.65445515070769, 1.514436871888527 ], [ 103.654361026208889, 1.514338627401545 ], [ 103.654353727700268, 1.514345667109062 ], [ 103.654346398750945, 1.514352631653798 ], [ 103.654357416623185, 1.514364131796953 ], [ 103.654357915246749, 1.514364652246106 ], [ 103.654440508943722, 1.514450839514286 ], [ 103.654440523249903, 1.514450876139792 ], [ 103.654440523249903, 1.514450876139792 ], [ 103.654447836978804, 1.514443874014171 ], [ 103.65445515070769, 1.514436871888527 ] ] ] ] } },
{ "type": "Feature", "properties": { "id": null, "FloorLevel": "3", "Zone": null, "ShopName": null, "LotNo": null, "Type": "Void", "Category": null, "layer": "Level3_TasekCentral_fixed", "path": "C:/Users/Stephanie/Documents/001 Tasek Mall/04 GIS/Floorplans/Floorplans FINAL/Level3_TasekCentral_fixed.shp" }, "geometry": { "type": "MultiPolygon", "coordinates": [ [ [ [ 103.654529764982755, 1.51435709367247 ], [ 103.654535278538631, 1.514351815025646 ], [ 103.654526866684648, 1.514332158868347 ], [ 103.654482554995781, 1.514304820941437 ], [ 103.654421477321236, 1.514372452582509 ], [ 103.654465609130838, 1.514418516116744 ], [ 103.654529764982755, 1.51435709367247 ] ] ] ] } },
{ "type": "Feature", "properties": { "id": null, "FloorLevel": "3", "Zone": null, "ShopName": null, "LotNo": null, "Type": "Void", "Category": null, "layer": "Level3_TasekCentral_fixed", "path": "C:/Users/Stephanie/Documents/001 Tasek Mall/04 GIS/Floorplans/Floorplans FINAL/Level3_TasekCentral_fixed.shp" }, "geometry": { "type": "MultiPolygon", "coordinates": [ [ [ [ 103.654655236680355, 1.514236967787969 ], [ 103.6546198773584, 1.514177633790314 ], [ 103.654553482946653, 1.514235818258075 ], [ 103.654498641747523, 1.51428844742355 ], [ 103.654559841918967, 1.514328298187415 ], [ 103.654655236680355, 1.514236967787969 ] ] ] ] } },
{ "type": "Feature", "properties": { "id": null, "FloorLevel": "3", "Zone": null, "ShopName": null, "LotNo": null, "Type": "Void", "Category": null, "layer": "Level3_TasekCentral_fixed", "path": "C:/Users/Stephanie/Documents/001 Tasek Mall/04 GIS/Floorplans/Floorplans FINAL/Level3_TasekCentral_fixed.shp" }, "geometry": { "type": "MultiPolygon", "coordinates": [ [ [ [ 103.654706810129667, 1.514110615812943 ], [ 103.654637280298886, 1.514161845039999 ], [ 103.654661556669708, 1.514204240758178 ], [ 103.654679504954061, 1.514214151626749 ], [ 103.654745408153886, 1.514150638125807 ], [ 103.654706810129667, 1.514110615812943 ] ] ] ] } },
{ "type": "Feature", "properties": { "id": null, "FloorLevel": "3", "Zone": "Yellow/Pink", "ShopName": null, "LotNo": null, "Type": "Shop", "Category": "Unoccupied", "layer": "Level3_TasekCentral_fixed", "path": "C:/Users/Stephanie/Documents/001 Tasek Mall/04 GIS/Floorplans/Floorplans FINAL/Level3_TasekCentral_fixed.shp" }, "geometry": { "type": "MultiPolygon", "coordinates": [ [ [ [ 103.654570640802078, 1.514371502140344 ], [ 103.654696381385662, 1.514503237423201 ], [ 103.65476047954111, 1.514442098830746 ], [ 103.654711639938881, 1.514391121409685 ], [ 103.654720976185686, 1.514382182940606 ], [ 103.654748807147143, 1.514355537738858 ], [ 103.654774720346111, 1.514330728591078 ], [ 103.654868683107338, 1.514240769177121 ], [ 103.654791422652579, 1.514160126851127 ], [ 103.654703551434082, 1.514244254258257 ], [ 103.654697459890656, 1.514250086267347 ], [ 103.654683811101478, 1.514263153540512 ], [ 103.654671546683574, 1.514274895427332 ], [ 103.654643715733684, 1.514301540623272 ], [ 103.654570640802078, 1.514371502140344 ] ] ] ] } },
{ "type": "Feature", "properties": { "id": null, "FloorLevel": "3", "Zone": "Yellow", "ShopName": "ODD Dance", "LotNo": "3-80", "Type": "Shop", "Category": "Entertainment and Leisure", "layer": "Level3_TasekCentral_fixed", "path": "C:/Users/Stephanie/Documents/001 Tasek Mall/04 GIS/Floorplans/Floorplans FINAL/Level3_TasekCentral_fixed.shp" }, "geometry": { "type": "MultiPolygon", "coordinates": [ [ [ [ 103.654652487945114, 1.514545104199087 ], [ 103.654696381385662, 1.514503237423201 ], [ 103.654570640802078, 1.514371502140344 ], [ 103.654548631929856, 1.514392605881924 ], [ 103.654526580356091, 1.514413685356608 ], [ 103.654600708528633, 1.514491058284053 ], [ 103.654652487945114, 1.514545104199087 ] ] ] ] } },
{ "type": "Feature", "properties": { "id": null, "FloorLevel": "3", "Zone": null, "ShopName": null, "LotNo": null, "Type": "Escalator", "Category": null, "layer": "Level3_TasekCentral_fixed", "path": "C:/Users/Stephanie/Documents/001 Tasek Mall/04 GIS/Floorplans/Floorplans FINAL/Level3_TasekCentral_fixed.shp" }, "geometry": { "type": "MultiPolygon", "coordinates": [ [ [ [ 103.654324420188232, 1.514032866828595 ], [ 103.654324394571759, 1.514032908237303 ], [ 103.654225546386428, 1.514126267275894 ], [ 103.654233129997493, 1.514134289688681 ], [ 103.654240713608601, 1.514142312101439 ], [ 103.654252140899089, 1.51413122398785 ], [ 103.65425265805122, 1.514130722185466 ], [ 103.65426856350156, 1.514115288829902 ], [ 103.654338335721008, 1.514047587540887 ], [ 103.65433137795462, 1.514040227184754 ], [ 103.654324420188232, 1.514032866828595 ] ] ] ] } },
{ "type": "Feature", "properties": { "id": null, "FloorLevel": "3", "Zone": null, "ShopName": null, "LotNo": null, "Type": "Escalator", "Category": null, "layer": "Level3_TasekCentral_fixed", "path": "C:/Users/Stephanie/Documents/001 Tasek Mall/04 GIS/Floorplans/Floorplans FINAL/Level3_TasekCentral_fixed.shp" }, "geometry": { "type": "MultiPolygon", "coordinates": [ [ [ [ 103.654225546386428, 1.514126267275894 ], [ 103.654324394571759, 1.514032908237303 ], [ 103.654324420188232, 1.514032866828595 ], [ 103.65431746242183, 1.514025506472411 ], [ 103.65431050465547, 1.514018146116202 ], [ 103.654229329398859, 1.514096911980452 ], [ 103.654212882539312, 1.514112870674864 ], [ 103.654219214462856, 1.514119568975389 ], [ 103.654225546386428, 1.514126267275894 ] ] ] ] } },
{ "type": "Feature", "properties": { "id": null, "FloorLevel": "3", "Zone": "Yellow", "ShopName": null, "LotNo": null, "Type": "Back of House", "Category": null, "layer": "Level3_TasekCentral_fixed", "path": "C:/Users/Stephanie/Documents/001 Tasek Mall/04 GIS/Floorplans/Floorplans FINAL/Level3_TasekCentral_fixed.shp" }, "geometry": { "type": "MultiPolygon", "coordinates": [ [ [ [ 103.654387466542488, 1.514556821216938 ], [ 103.654334320714497, 1.514501349080726 ], [ 103.65428117032647, 1.514552234955199 ], [ 103.654390999333827, 1.51466687141944 ], [ 103.654390999340734, 1.51466687141195 ], [ 103.654368582560821, 1.514643473402368 ], [ 103.654394020468146, 1.51461911929829 ], [ 103.654359754065212, 1.51458335298178 ], [ 103.654387466542488, 1.514556821216938 ] ] ] ] } },
{ "type": "Feature", "properties": { "id": null, "FloorLevel": "3", "Zone": "Yellow", "ShopName": null, "LotNo": null, "Type": "Shop", "Category": "Unoccupied", "layer": "Level3_TasekCentral_fixed", "path": "C:/Users/Stephanie/Documents/001 Tasek Mall/04 GIS/Floorplans/Floorplans FINAL/Level3_TasekCentral_fixed.shp" }, "geometry": { "type": "MultiPolygon", "coordinates": [ [ [ [ 103.65439910148298, 1.514545681992362 ], [ 103.654420550691071, 1.514525146644776 ], [ 103.654420550634356, 1.514525146699091 ], [ 103.654420550691071, 1.514525146644777 ], [ 103.6544307600889, 1.514515372226393 ], [ 103.65435932470271, 1.514440809945038 ], [ 103.65434425573433, 1.514455236888648 ], [ 103.654331223674518, 1.514467713707634 ], [ 103.654349513238571, 1.514486803845946 ], [ 103.654334320714497, 1.514501349080726 ], [ 103.654387466542488, 1.514556821216938 ], [ 103.65439910148298, 1.514545681992362 ] ] ] ] } },
{ "type": "Feature", "properties": { "id": null, "FloorLevel": "3", "Zone": "Pink", "ShopName": null, "LotNo": null, "Type": "Back of House", "Category": null, "layer": "Level3_TasekCentral_fixed", "path": "C:/Users/Stephanie/Documents/001 Tasek Mall/04 GIS/Floorplans/Floorplans FINAL/Level3_TasekCentral_fixed.shp" }, "geometry": { "type": "MultiPolygon", "coordinates": [ [ [ [ 103.655030847344591, 1.51446373024344 ], [ 103.654951623794375, 1.514380732437059 ], [ 103.654919532580408, 1.514411342934781 ], [ 103.654939100408598, 1.514431842985699 ], [ 103.654903886942265, 1.514465431671542 ], [ 103.654933369154918, 1.514496318433384 ], [ 103.654895615801635, 1.514532329812425 ], [ 103.654895615801621, 1.514532329812436 ], [ 103.654896400733548, 1.514533152138937 ], [ 103.654910010532305, 1.514547410315841 ], [ 103.654925789310653, 1.514563940803507 ], [ 103.655030847344591, 1.51446373024344 ] ] ] ] } },
{ "type": "Feature", "properties": { "id": null, "FloorLevel": "3", "Zone": "Pink", "ShopName": null, "LotNo": null, "Type": "Toilet", "Category": null, "layer": "Level3_TasekCentral_fixed", "path": "C:/Users/Stephanie/Documents/001 Tasek Mall/04 GIS/Floorplans/Floorplans FINAL/Level3_TasekCentral_fixed.shp" }, "geometry": { "type": "MultiPolygon", "coordinates": [ [ [ [ 103.655041310805444, 1.514402209128388 ], [ 103.655076426535629, 1.514368713669088 ], [ 103.655050024036896, 1.514341053340001 ], [ 103.655003540200724, 1.514385392351847 ], [ 103.655016105965259, 1.514398556757277 ], [ 103.655030196479302, 1.514412810629544 ], [ 103.655041310805444, 1.514402209128388 ] ] ] ] } },
{ "type": "Feature", "properties": { "id": null, "FloorLevel": "3", "Zone": "Pink", "ShopName": null, "LotNo": null, "Type": "Toilet", "Category": null, "layer": "Level3_TasekCentral_fixed", "path": "C:/Users/Stephanie/Documents/001 Tasek Mall/04 GIS/Floorplans/Floorplans FINAL/Level3_TasekCentral_fixed.shp" }, "geometry": { "type": "MultiPolygon", "coordinates": [ [ [ [ 103.655056230864488, 1.514439517940657 ], [ 103.655045204272895, 1.514427965316121 ], [ 103.655019819639236, 1.514452177171772 ], [ 103.655030847344591, 1.51446373024344 ], [ 103.655056230864488, 1.514439517940657 ] ] ] ] } },
{ "type": "Feature", "properties": { "id": null, "FloorLevel": "3", "Zone": "Pink", "ShopName": null, "LotNo": null, "Type": "Toilet", "Category": null, "layer": "Level3_TasekCentral_fixed", "path": "C:/Users/Stephanie/Documents/001 Tasek Mall/04 GIS/Floorplans/Floorplans FINAL/Level3_TasekCentral_fixed.shp" }, "geometry": { "type": "MultiPolygon", "coordinates": [ [ [ [ 103.655030196479302, 1.514412810629544 ], [ 103.655045204272895, 1.514427965316121 ], [ 103.655056230864488, 1.514439517940657 ], [ 103.655102177448796, 1.514395691370696 ], [ 103.655076426535629, 1.514368713669088 ], [ 103.655041310805444, 1.514402209128388 ], [ 103.655030196479302, 1.514412810629544 ] ] ] ] } },
{ "type": "Feature", "properties": { "id": null, "FloorLevel": "3", "Zone": "Orange", "ShopName": null, "LotNo": null, "Type": "Shop", "Category": "Unoccupied", "layer": "Level3_TasekCentral_fixed", "path": "C:/Users/Stephanie/Documents/001 Tasek Mall/04 GIS/Floorplans/Floorplans FINAL/Level3_TasekCentral_fixed.shp" }, "geometry": { "type": "MultiPolygon", "coordinates": [ [ [ [ 103.654458644096465, 1.514287068134457 ], [ 103.654475979414315, 1.514270471389296 ], [ 103.65443139086365, 1.514223931123749 ], [ 103.654381576019404, 1.51427162360471 ], [ 103.65442616456923, 1.514318163868349 ], [ 103.654458644096465, 1.514287068134457 ] ] ] ] } },
{ "type": "Feature", "properties": { "id": null, "FloorLevel": "3", "Zone": null, "ShopName": null, "LotNo": null, "Type": "Escalator", "Category": null, "layer": "Level3_TasekCentral_fixed", "path": "C:/Users/Stephanie/Documents/001 Tasek Mall/04 GIS/Floorplans/Floorplans FINAL/Level3_TasekCentral_fixed.shp" }, "geometry": { "type": "MultiPolygon", "coordinates": [ [ [ [ 103.65521662231572, 1.513657489471876 ], [ 103.655296898753747, 1.513741279688823 ], [ 103.655303385333966, 1.513735069456205 ], [ 103.655309871914199, 1.513728859223569 ], [ 103.655278541816159, 1.513696157811186 ], [ 103.655234718225444, 1.513650416066752 ], [ 103.65522959547765, 1.513645068918509 ], [ 103.655223108896678, 1.513651279195196 ], [ 103.65521662231572, 1.513657489471865 ], [ 103.65521662231572, 1.513657489471876 ] ] ] ] } },
{ "type": "Feature", "properties": { "id": null, "FloorLevel": "3", "Zone": null, "ShopName": null, "LotNo": null, "Type": "Escalator", "Category": null, "layer": "Level3_TasekCentral_fixed", "path": "C:/Users/Stephanie/Documents/001 Tasek Mall/04 GIS/Floorplans/Floorplans FINAL/Level3_TasekCentral_fixed.shp" }, "geometry": { "type": "MultiPolygon", "coordinates": [ [ [ [ 103.65521662231572, 1.513657489471868 ], [ 103.655210135734777, 1.513663699748528 ], [ 103.655203649153847, 1.513669910025172 ], [ 103.655283925593338, 1.513753700154036 ], [ 103.655290412173528, 1.513747489921438 ], [ 103.655296898753747, 1.513741279688823 ], [ 103.65521662231572, 1.513657489471868 ] ] ] ] } },
{ "type": "Feature", "properties": { "id": null, "FloorLevel": "3", "Zone": "Blue", "ShopName": null, "LotNo": null, "Type": "Lift", "Category": null, "layer": "Level3_TasekCentral_fixed", "path": "C:/Users/Stephanie/Documents/001 Tasek Mall/04 GIS/Floorplans/Floorplans FINAL/Level3_TasekCentral_fixed.shp" }, "geometry": { "type": "MultiPolygon", "coordinates": [ [ [ [ 103.655731136292516, 1.513945147797599 ], [ 103.655741824483655, 1.513956304072166 ], [ 103.655752512674795, 1.513967460346675 ], [ 103.655769918290645, 1.513950796657678 ], [ 103.65574854272333, 1.513928484402435 ], [ 103.655731136292516, 1.513945147797599 ] ] ] ] } },
{ "type": "Feature", "properties": { "id": null, "FloorLevel": "3", "Zone": null, "ShopName": null, "LotNo": null, "Type": "Void", "Category": null, "layer": "Level3_TasekCentral_fixed", "path": "C:/Users/Stephanie/Documents/001 Tasek Mall/04 GIS/Floorplans/Floorplans FINAL/Level3_TasekCentral_fixed.shp" }, "geometry": { "type": "MultiPolygon", "coordinates": [ [ [ [ 103.654178481597526, 1.514212539855074 ], [ 103.654177444851854, 1.514214066224033 ], [ 103.654176965841984, 1.514216138780829 ], [ 103.654177052122193, 1.514218724839972 ], [ 103.654177702331793, 1.514221783617818 ], [ 103.654178906216586, 1.514225266875561 ], [ 103.654180644790571, 1.51422911968017 ], [ 103.654182890635425, 1.514233281270595 ], [ 103.65418560833281, 1.51423768601609 ], [ 103.654188755023043, 1.514242264451182 ], [ 103.654192281080938, 1.514246944371224 ], [ 103.654196130898427, 1.51425165197108 ], [ 103.654200243761593, 1.51425631300903 ], [ 103.654204554808132, 1.514260853977795 ], [ 103.654208996050301, 1.514265203263568 ], [ 103.654213497447017, 1.514269292275507 ], [ 103.654217988008554, 1.514273056527423 ], [ 103.654222396916097, 1.514276436654865 ], [ 103.654226654638563, 1.514279379351157 ], [ 103.654230694029096, 1.514281838208272 ], [ 103.654234451384085, 1.514283774448534 ], [ 103.65423786744779, 1.514285157536245 ], [ 103.654240888346919, 1.514285965659349 ], [ 103.654243466439993, 1.514286186073227 ], [ 103.65424556106899, 1.514285815301833 ], [ 103.654247139200365, 1.514284859192438 ], [ 103.654248175946051, 1.514283332823479 ], [ 103.654248654955921, 1.5142812602667 ], [ 103.654248568675712, 1.51427867420754 ], [ 103.654247918466098, 1.514275615429711 ], [ 103.654246714581305, 1.514272132171985 ], [ 103.65424497600732, 1.514268279367376 ], [ 103.654242730162451, 1.514264117776934 ], [ 103.654240012465038, 1.514259713031473 ], [ 103.65423686577482, 1.514255134596365 ], [ 103.654233339716939, 1.514250454676356 ], [ 103.65422948989945, 1.514245747076501 ], [ 103.654225377036255, 1.514241086038534 ], [ 103.654221065989717, 1.514236545069768 ], [ 103.654216624747576, 1.514232195784013 ], [ 103.65421212335086, 1.514228106772074 ], [ 103.654207632789308, 1.514224342520123 ], [ 103.654203223881751, 1.514220962392699 ], [ 103.654198966159313, 1.514218019696373 ], [ 103.654194926768795, 1.514215560839275 ], [ 103.654191169413807, 1.514213624599013 ], [ 103.654187753350101, 1.514212241511284 ], [ 103.654184732450986, 1.514211433388163 ], [ 103.654182154357912, 1.514211212974302 ], [ 103.654180059728915, 1.514211583745679 ], [ 103.654178481597526, 1.514212539855074 ] ] ] ] } },
{ "type": "Feature", "properties": { "id": null, "FloorLevel": "3", "Zone": "Orange", "ShopName": null, "LotNo": null, "Type": "Lift", "Category": null, "layer": "Level3_TasekCentral_fixed", "path": "C:/Users/Stephanie/Documents/001 Tasek Mall/04 GIS/Floorplans/Floorplans FINAL/Level3_TasekCentral_fixed.shp" }, "geometry": { "type": "MultiPolygon", "coordinates": [ [ [ [ 103.654056316876137, 1.514115420434162 ], [ 103.654046967297063, 1.514105664151898 ], [ 103.654034005549605, 1.514092138573178 ], [ 103.654033974462649, 1.514092106133949 ], [ 103.654015945448378, 1.514109367010962 ], [ 103.654024063502192, 1.514117840411362 ], [ 103.654038284816565, 1.51413268422649 ], [ 103.654056316876137, 1.514115420434162 ] ] ] ] } },
{ "type": "Feature", "properties": { "id": null, "FloorLevel": "3", "Zone": "Orange", "ShopName": null, "LotNo": null, "Type": "Back of House", "Category": null, "layer": "Level3_TasekCentral_fixed", "path": "C:/Users/Stephanie/Documents/001 Tasek Mall/04 GIS/Floorplans/Floorplans FINAL/Level3_TasekCentral_fixed.shp" }, "geometry": { "type": "MultiPolygon", "coordinates": [ [ [ [ 103.653929009732863, 1.51414355239114 ], [ 103.653928146818799, 1.514159055092263 ], [ 103.653990869740525, 1.514225546153724 ], [ 103.653991112577231, 1.514225803579072 ], [ 103.65399086320744, 1.514225552641462 ], [ 103.653981217894966, 1.514235130998425 ], [ 103.653997392588451, 1.514252277418739 ], [ 103.654017849793391, 1.514232691807285 ], [ 103.654017849793391, 1.514232691807285 ], [ 103.654029224921572, 1.514221801324279 ], [ 103.654056059407168, 1.514196110140287 ], [ 103.654015860059815, 1.514154151172498 ], [ 103.65399352188588, 1.514130835203576 ], [ 103.654012923620712, 1.514112260091759 ], [ 103.654015945448378, 1.514109367010962 ], [ 103.654033974462649, 1.514092106133949 ], [ 103.654009493305239, 1.5140665600549 ], [ 103.654009545608005, 1.514066509967418 ], [ 103.654009514530514, 1.514066477529587 ], [ 103.653929009732863, 1.51414355239114 ] ] ] ] } },
{ "type": "Feature", "properties": { "id": null, "FloorLevel": "3", "Zone": "Orange", "ShopName": null, "LotNo": null, "Type": "Back of House", "Category": null, "layer": "Level3_TasekCentral_fixed", "path": "C:/Users/Stephanie/Documents/001 Tasek Mall/04 GIS/Floorplans/Floorplans FINAL/Level3_TasekCentral_fixed.shp" }, "geometry": { "type": "MultiPolygon", "coordinates": [ [ [ [ 103.654589072931614, 1.513950997823859 ], [ 103.654600386568973, 1.51394016620317 ], [ 103.654606464838992, 1.513934346897364 ], [ 103.65453380232708, 1.513858503815554 ], [ 103.654497113968574, 1.513893629071215 ], [ 103.654569776479661, 1.513969472151711 ], [ 103.654589072931614, 1.513950997823859 ] ] ] ] } },
{ "type": "Feature", "properties": { "id": null, "FloorLevel": "3", "Zone": "Green", "ShopName": "The Store", "LotNo": null, "Type": "Shop", "Category": "Department Store", "layer": "Level3_TasekCentral_fixed", "path": "C:/Users/Stephanie/Documents/001 Tasek Mall/04 GIS/Floorplans/Floorplans FINAL/Level3_TasekCentral_fixed.shp" }, "geometry": { "type": "MultiPolygon", "coordinates": [ [ [ [ 103.655260368144866, 1.513997020530508 ], [ 103.65551442869814, 1.513753785097304 ], [ 103.65551442869814, 1.513753785097306 ], [ 103.655549239623141, 1.513720457411001 ], [ 103.655249608515376, 1.513407709702764 ], [ 103.654950259798483, 1.513698303990454 ], [ 103.654950259798483, 1.513698303990457 ], [ 103.654950259798483, 1.513698303990457 ], [ 103.655008170446607, 1.513758749497981 ], [ 103.655173999697666, 1.513931837404338 ], [ 103.655198049159395, 1.513956939551949 ], [ 103.655210524790988, 1.513944995443868 ], [ 103.655260368144866, 1.513997020530508 ] ], [ [ 103.655309871914199, 1.513728859223569 ], [ 103.655303385333966, 1.513735069456205 ], [ 103.655290412173528, 1.513747489921438 ], [ 103.655283925593338, 1.513753700154036 ], [ 103.655203649153847, 1.513669910025172 ], [ 103.655210135734777, 1.513663699748528 ], [ 103.655223108896678, 1.513651279195196 ], [ 103.65522959547765, 1.513645068918509 ], [ 103.655234718225444, 1.513650416066752 ], [ 103.655278541816159, 1.513696157811186 ], [ 103.655309871914199, 1.513728859223569 ] ] ] ] } },
{ "type": "Feature", "properties": { "id": null, "FloorLevel": "3", "Zone": "Blue", "ShopName": null, "LotNo": null, "Type": "Shop", "Category": "Unoccupied", "layer": "Level3_TasekCentral_fixed", "path": "C:/Users/Stephanie/Documents/001 Tasek Mall/04 GIS/Floorplans/Floorplans FINAL/Level3_TasekCentral_fixed.shp" }, "geometry": { "type": "MultiPolygon", "coordinates": [ [ [ [ 103.655642585419244, 1.514125714187224 ], [ 103.655663983456677, 1.514148433456337 ], [ 103.65569118312213, 1.51417731257698 ], [ 103.655783374365129, 1.514090543309498 ], [ 103.655734050262524, 1.51403817259978 ], [ 103.655683811835956, 1.514086256120136 ], [ 103.655683811835956, 1.514086256120136 ], [ 103.655642585419244, 1.514125714187224 ] ] ] ] } },
{ "type": "Feature", "properties": { "id": null, "FloorLevel": "3", "Zone": "Blue", "ShopName": null, "LotNo": null, "Type": "Back of House", "Category": null, "layer": "Level3_TasekCentral_fixed", "path": "C:/Users/Stephanie/Documents/001 Tasek Mall/04 GIS/Floorplans/Floorplans FINAL/Level3_TasekCentral_fixed.shp" }, "geometry": { "type": "MultiPolygon", "coordinates": [ [ [ [ 103.655752512674795, 1.513967460346675 ], [ 103.655741824483655, 1.513956304072166 ], [ 103.655731136292516, 1.513945147797599 ], [ 103.655705469244879, 1.513969722737593 ], [ 103.655735075666257, 1.514000625084743 ], [ 103.655735075666257, 1.514000625084743 ], [ 103.655741259919566, 1.514007080033774 ], [ 103.655803437918735, 1.514071979675085 ], [ 103.655846511402274, 1.514030741336478 ], [ 103.655769918290645, 1.513950796657678 ], [ 103.655752512674795, 1.513967460346675 ] ] ] ] } },
{ "type": "Feature", "properties": { "id": null, "FloorLevel": "3", "Zone": "Blue", "ShopName": null, "LotNo": null, "Type": "Toilet", "Category": null, "layer": "Level3_TasekCentral_fixed", "path": "C:/Users/Stephanie/Documents/001 Tasek Mall/04 GIS/Floorplans/Floorplans FINAL/Level3_TasekCentral_fixed.shp" }, "geometry": { "type": "MultiPolygon", "coordinates": [ [ [ [ 103.655706731286415, 1.513917268219906 ], [ 103.655695292437954, 1.513928219717067 ], [ 103.655695292437954, 1.51392821971707 ], [ 103.655679861062879, 1.513942993639534 ], [ 103.655697036881023, 1.5139609212741 ], [ 103.655705469244879, 1.513969722737593 ], [ 103.655720272455554, 1.513985173911223 ], [ 103.655705469244879, 1.513969722737593 ], [ 103.65574854272333, 1.513928484402435 ], [ 103.655711579409953, 1.513889903137962 ], [ 103.655706136779969, 1.513895113885142 ], [ 103.655695376155336, 1.513905416054215 ], [ 103.655706731286415, 1.513917268219906 ] ] ] ] } },
{ "type": "Feature", "properties": { "id": null, "FloorLevel": "3", "Zone": "Green", "ShopName": null, "LotNo": null, "Type": "Shop", "Category": "Unoccupied", "layer": "Level3_TasekCentral_fixed", "path": "C:/Users/Stephanie/Documents/001 Tasek Mall/04 GIS/Floorplans/Floorplans FINAL/Level3_TasekCentral_fixed.shp" }, "geometry": { "type": "MultiPolygon", "coordinates": [ [ [ [ 103.655582251532238, 1.513788148907739 ], [ 103.655555785647664, 1.513813487216528 ], [ 103.655597513702233, 1.513857041785918 ], [ 103.655604287424339, 1.513864112006369 ], [ 103.655623655043598, 1.513845569542702 ], [ 103.655614232390988, 1.513835734443018 ], [ 103.655621330656388, 1.513828938598473 ], [ 103.655582251532238, 1.513788148907739 ] ] ] ] } },
{ "type": "Feature", "properties": { "id": null, "FloorLevel": "3", "Zone": "Green", "ShopName": null, "LotNo": null, "Type": "Back of House", "Category": null, "layer": "Level3_TasekCentral_fixed", "path": "C:/Users/Stephanie/Documents/001 Tasek Mall/04 GIS/Floorplans/Floorplans FINAL/Level3_TasekCentral_fixed.shp" }, "geometry": { "type": "MultiPolygon", "coordinates": [ [ [ [ 103.655614232390988, 1.513835734443018 ], [ 103.655623655043598, 1.513845569542702 ], [ 103.655604287424339, 1.513864112006369 ], [ 103.655635557719549, 1.513896751058569 ], [ 103.655678631198427, 1.513855512721648 ], [ 103.655637938252667, 1.51381303856708 ], [ 103.655614232390988, 1.513835734443018 ] ] ] ] } },
{ "type": "Feature", "properties": { "id": null, "FloorLevel": "3", "Zone": "Green", "ShopName": null, "LotNo": null, "Type": "Back of House", "Category": null, "layer": "Level3_TasekCentral_fixed", "path": "C:/Users/Stephanie/Documents/001 Tasek Mall/04 GIS/Floorplans/Floorplans FINAL/Level3_TasekCentral_fixed.shp" }, "geometry": { "type": "MultiPolygon", "coordinates": [ [ [ [ 103.655621330656388, 1.513828938598473 ], [ 103.655637938252667, 1.51381303856708 ], [ 103.655598859130563, 1.513772248873703 ], [ 103.655582251532238, 1.513788148907739 ], [ 103.655621330656388, 1.513828938598473 ] ] ] ] } },
{ "type": "Feature", "properties": { "id": null, "FloorLevel": "3", "Zone": "Green", "ShopName": "CS Fashion Bag Shop", "LotNo": "3-02", "Type": "Shop", "Category": "Fashion, Accessories and Footwear", "layer": "Level3_TasekCentral_fixed", "path": "C:/Users/Stephanie/Documents/001 Tasek Mall/04 GIS/Floorplans/Floorplans FINAL/Level3_TasekCentral_fixed.shp" }, "geometry": { "type": "MultiPolygon", "coordinates": [ [ [ [ 103.655327398638491, 1.514047675591637 ], [ 103.655358224110799, 1.514079969613802 ], [ 103.655367952162848, 1.514090161117849 ], [ 103.655408406609126, 1.514051573270442 ], [ 103.65538812984741, 1.51403033050646 ], [ 103.655367853085721, 1.51400908774227 ], [ 103.655359987795137, 1.514016590122658 ], [ 103.65535212250451, 1.51402409250302 ], [ 103.655343138093301, 1.514032662366911 ], [ 103.655343138093286, 1.514032662366894 ], [ 103.655327398638491, 1.514047675591637 ] ] ] ] } },
{ "type": "Feature", "properties": { "id": null, "FloorLevel": "3", "Zone": "Purple", "ShopName": null, "LotNo": null, "Type": "Shop", "Category": "Unoccupied", "layer": "Level3_TasekCentral_fixed", "path": "C:/Users/Stephanie/Documents/001 Tasek Mall/04 GIS/Floorplans/Floorplans FINAL/Level3_TasekCentral_fixed.shp" }, "geometry": { "type": "MultiPolygon", "coordinates": [ [ [ [ 103.655556664266868, 1.514206894037815 ], [ 103.655514848828943, 1.514246780076264 ], [ 103.655563495307689, 1.514297744108119 ], [ 103.655605310745187, 1.514257858069997 ], [ 103.655580009958101, 1.514231351935018 ], [ 103.655556664266868, 1.514206894037815 ] ] ] ] } },
{ "type": "Feature", "properties": { "id": null, "FloorLevel": "3", "Zone": "Purple", "ShopName": null, "LotNo": null, "Type": "Back of House", "Category": null, "layer": "Level3_TasekCentral_fixed", "path": "C:/Users/Stephanie/Documents/001 Tasek Mall/04 GIS/Floorplans/Floorplans FINAL/Level3_TasekCentral_fixed.shp" }, "geometry": { "type": "MultiPolygon", "coordinates": [ [ [ [ 103.655525767879283, 1.514258219318093 ], [ 103.655509818147564, 1.514273433115511 ], [ 103.655515709679761, 1.514279605323886 ], [ 103.655547545576738, 1.514312957904584 ], [ 103.655547545576738, 1.514312957904584 ], [ 103.655563495307689, 1.514297744108119 ], [ 103.655543204862511, 1.51427648701177 ], [ 103.655525767879283, 1.514258219318093 ] ] ] ] } },
{ "type": "Feature", "properties": { "id": null, "FloorLevel": "3", "Zone": "Purple", "ShopName": "Anneomi Fashion", "LotNo": "3-05", "Type": "Shop", "Category": "Fashion, Accessories and Footwear", "layer": "Level3_TasekCentral_fixed", "path": "C:/Users/Stephanie/Documents/001 Tasek Mall/04 GIS/Floorplans/Floorplans FINAL/Level3_TasekCentral_fixed.shp" }, "geometry": { "type": "MultiPolygon", "coordinates": [ [ [ [ 103.655506979479995, 1.514154842230044 ], [ 103.655482642901617, 1.514129346238179 ], [ 103.65545830632324, 1.514103850246014 ], [ 103.655400541151778, 1.514158950086539 ], [ 103.655449214308504, 1.514209942068819 ], [ 103.655506979479995, 1.514154842230044 ] ] ] ] } },
{ "type": "Feature", "properties": { "id": null, "FloorLevel": "3", "Zone": "Purple", "ShopName": "Classic Perfect", "LotNo": "3-04", "Type": "Shop", "Category": "Fashion, Accessories and Footwear", "layer": "Level3_TasekCentral_fixed", "path": "C:/Users/Stephanie/Documents/001 Tasek Mall/04 GIS/Floorplans/Floorplans FINAL/Level3_TasekCentral_fixed.shp" }, "geometry": { "type": "MultiPolygon", "coordinates": [ [ [ [ 103.655376631250519, 1.514133901097985 ], [ 103.655400541151778, 1.514158950086539 ], [ 103.65545830632324, 1.514103850246014 ], [ 103.65544635137195, 1.514091325751784 ], [ 103.655434396420659, 1.514078801257481 ], [ 103.655376631250519, 1.514133901097985 ] ] ] ] } },
{ "type": "Feature", "properties": { "id": null, "FloorLevel": "3", "Zone": "Purple", "ShopName": "Caryn Trading", "LotNo": "3-03", "Type": "Shop", "Category": "Fashion, Accessories and Footwear", "layer": "Level3_TasekCentral_fixed", "path": "C:/Users/Stephanie/Documents/001 Tasek Mall/04 GIS/Floorplans/Floorplans FINAL/Level3_TasekCentral_fixed.shp" }, "geometry": { "type": "MultiPolygon", "coordinates": [ [ [ [ 103.65535674654339, 1.514113069069217 ], [ 103.655370208239759, 1.514127172090095 ], [ 103.655375830372591, 1.514133062065637 ], [ 103.655376631250519, 1.514133901097985 ], [ 103.655434396420659, 1.514078801257481 ], [ 103.655421401514872, 1.514065187264004 ], [ 103.655408406609126, 1.514051573270442 ], [ 103.655367952162848, 1.514090161117849 ], [ 103.655358224110799, 1.514079969613802 ], [ 103.655340913386766, 1.514096481607865 ], [ 103.65535674654339, 1.514113069069217 ] ] ] ] } },
{ "type": "Feature", "properties": { "id": null, "FloorLevel": "3", "Zone": "Purple", "ShopName": null, "LotNo": null, "Type": "Shop", "Category": "Unoccupied", "layer": "Level3_TasekCentral_fixed", "path": "C:/Users/Stephanie/Documents/001 Tasek Mall/04 GIS/Floorplans/Floorplans FINAL/Level3_TasekCentral_fixed.shp" }, "geometry": { "type": "MultiPolygon", "coordinates": [ [ [ [ 103.655461136882693, 1.514222432643352 ], [ 103.655509818147564, 1.514273433115511 ], [ 103.655525767879283, 1.514258219318093 ], [ 103.655514848828943, 1.514246780076264 ], [ 103.655556664266868, 1.514206894037815 ], [ 103.655534921203397, 1.514184115118488 ], [ 103.655518902053998, 1.514167332804609 ], [ 103.655506979479995, 1.514154842230044 ], [ 103.655449214308504, 1.514209942068819 ], [ 103.655461136882693, 1.514222432643352 ] ] ] ] } },
{ "type": "Feature", "properties": { "id": null, "FloorLevel": "3", "Zone": "Purple", "ShopName": "Moote", "LotNo": "3-09", "Type": "Shop", "Category": "Optical and Jewellery", "layer": "Level3_TasekCentral_fixed", "path": "C:/Users/Stephanie/Documents/001 Tasek Mall/04 GIS/Floorplans/Floorplans FINAL/Level3_TasekCentral_fixed.shp" }, "geometry": { "type": "MultiPolygon", "coordinates": [ [ [ [ 103.655611255304166, 1.514339295903192 ], [ 103.655591102142466, 1.514358589533791 ], [ 103.655591105090366, 1.514358592610737 ], [ 103.655591105089854, 1.5143585926102 ], [ 103.655643113440092, 1.514412877641175 ], [ 103.655689237677052, 1.514368718690147 ], [ 103.655663232440304, 1.514341575066156 ], [ 103.65563722720357, 1.514314431441826 ], [ 103.655631408465851, 1.514320002272422 ], [ 103.655625913358648, 1.514325263013696 ], [ 103.655625913358648, 1.514325263013695 ], [ 103.655611255304166, 1.514339295903192 ] ] ] ] } },
{ "type": "Feature", "properties": { "id": null, "FloorLevel": "3", "Zone": "Blue", "ShopName": null, "LotNo": null, "Type": "Shop", "Category": "Unoccupied", "layer": "Level3_TasekCentral_fixed", "path": "C:/Users/Stephanie/Documents/001 Tasek Mall/04 GIS/Floorplans/Floorplans FINAL/Level3_TasekCentral_fixed.shp" }, "geometry": { "type": "MultiPolygon", "coordinates": [ [ [ [ 103.655903998440465, 1.514176941902974 ], [ 103.655946775727358, 1.514135986882417 ], [ 103.655846511402274, 1.514030741336478 ], [ 103.655803437918721, 1.514071979675085 ], [ 103.655903998440465, 1.514176941902974 ] ] ] ] } },
{ "type": "Feature", "properties": { "id": null, "FloorLevel": "3", "Zone": "Blue", "ShopName": null, "LotNo": null, "Type": "Shop", "Category": "Unoccupied", "layer": "Level3_TasekCentral_fixed", "path": "C:/Users/Stephanie/Documents/001 Tasek Mall/04 GIS/Floorplans/Floorplans FINAL/Level3_TasekCentral_fixed.shp" }, "geometry": { "type": "MultiPolygon", "coordinates": [ [ [ [ 103.65569118312213, 1.51417731257698 ], [ 103.655740421451853, 1.514229591147759 ], [ 103.65583261304549, 1.514142823320682 ], [ 103.655783374365129, 1.514090543309498 ], [ 103.65569118312213, 1.51417731257698 ] ] ] ] } },
{ "type": "Feature", "properties": { "id": null, "FloorLevel": "3", "Zone": "Blue", "ShopName": "Perniagaan Kito", "LotNo": "3-21", "Type": "Shop", "Category": "Fashion, Accessories and Footwear", "layer": "Level3_TasekCentral_fixed", "path": "C:/Users/Stephanie/Documents/001 Tasek Mall/04 GIS/Floorplans/Floorplans FINAL/Level3_TasekCentral_fixed.shp" }, "geometry": { "type": "MultiPolygon", "coordinates": [ [ [ [ 103.655704681906485, 1.514066281241751 ], [ 103.655704681906485, 1.514066281241752 ], [ 103.655734050262524, 1.51403817259978 ], [ 103.655715940870806, 1.514018944642974 ], [ 103.655724700754106, 1.514010557974291 ], [ 103.655692592834015, 1.513976557394805 ], [ 103.655654197506664, 1.514012694608675 ], [ 103.655654197506678, 1.514012694608689 ], [ 103.655633169032328, 1.514032486352027 ], [ 103.655604650162431, 1.514059327963672 ], [ 103.655604650162431, 1.514059327963673 ], [ 103.655591614961651, 1.514071596535263 ], [ 103.655617100190454, 1.514098655361413 ], [ 103.655642585419244, 1.514125714187224 ], [ 103.655683811835956, 1.514086256120136 ], [ 103.655683850806952, 1.514086218820745 ], [ 103.655704681906485, 1.514066281241751 ] ] ] ] } },
{ "type": "Feature", "properties": { "id": null, "FloorLevel": "3", "Zone": "Green/Blue", "ShopName": null, "LotNo": null, "Type": "Shop", "Category": "Unoccupied", "layer": "Level3_TasekCentral_fixed", "path": "C:/Users/Stephanie/Documents/001 Tasek Mall/04 GIS/Floorplans/Floorplans FINAL/Level3_TasekCentral_fixed.shp" }, "geometry": { "type": "MultiPolygon", "coordinates": [ [ [ [ 103.655630321469332, 1.513910615332545 ], [ 103.655594896826074, 1.513873102519086 ], [ 103.655586919153492, 1.513880740303641 ], [ 103.655562796360385, 1.513855561518882 ], [ 103.655538443299648, 1.513830142385763 ], [ 103.655458450289089, 1.513906725932655 ], [ 103.655555539714896, 1.514008066947728 ], [ 103.655643744830044, 1.513924829957562 ], [ 103.655630321469332, 1.513910615332545 ] ] ] ] } },
{ "type": "Feature", "properties": { "id": null, "FloorLevel": "3", "Zone": "Green", "ShopName": "Srikandi Massage", "LotNo": "3-25", "Type": "Shop", "Category": "Entertainment and Leisure", "layer": "Level3_TasekCentral_fixed", "path": "C:/Users/Stephanie/Documents/001 Tasek Mall/04 GIS/Floorplans/Floorplans FINAL/Level3_TasekCentral_fixed.shp" }, "geometry": { "type": "MultiPolygon", "coordinates": [ [ [ [ 103.655458450289089, 1.513906725932655 ], [ 103.655538443299648, 1.513830142385763 ], [ 103.655506757853288, 1.513797069886673 ], [ 103.655426765077308, 1.513873653209899 ], [ 103.655442607683213, 1.51389018957134 ], [ 103.655458450289089, 1.513906725932655 ] ] ] ] } },
{ "type": "Feature", "properties": { "id": null, "FloorLevel": "3", "Zone": "Blue", "ShopName": null, "LotNo": null, "Type": "Shop", "Category": "Unoccupied", "layer": "Level3_TasekCentral_fixed", "path": "C:/Users/Stephanie/Documents/001 Tasek Mall/04 GIS/Floorplans/Floorplans FINAL/Level3_TasekCentral_fixed.shp" }, "geometry": { "type": "MultiPolygon", "coordinates": [ [ [ [ 103.655555539714896, 1.514008066947728 ], [ 103.655604650162431, 1.514059327963673 ], [ 103.655604650162431, 1.514059327963674 ], [ 103.655604650162431, 1.514059327963674 ], [ 103.655633169032328, 1.514032486352027 ], [ 103.655654197506678, 1.514012694608689 ], [ 103.655654197506664, 1.514012694608675 ], [ 103.655692592834015, 1.513976557394805 ], [ 103.655643744830044, 1.513924829957562 ], [ 103.655555539714896, 1.514008066947728 ] ] ] ] } },
{ "type": "Feature", "properties": { "id": null, "FloorLevel": "3", "Zone": "Purple/Blue", "ShopName": "eco-shop", "LotNo": "3-11", "Type": "Shop", "Category": "Home and Living", "layer": "Level3_TasekCentral_fixed", "path": "C:/Users/Stephanie/Documents/001 Tasek Mall/04 GIS/Floorplans/Floorplans FINAL/Level3_TasekCentral_fixed.shp" }, "geometry": { "type": "MultiPolygon", "coordinates": [ [ [ [ 103.655879188330374, 1.514513058531722 ], [ 103.655919698932621, 1.514474417270878 ], [ 103.655929091842964, 1.514465457791586 ], [ 103.656031634370692, 1.514367647036454 ], [ 103.65610355949174, 1.514299040856415 ], [ 103.655947071792497, 1.514135703429331 ], [ 103.655875273569634, 1.514204443125261 ], [ 103.655862056098059, 1.514217097548057 ], [ 103.655773214919819, 1.514302154185879 ], [ 103.655748156273447, 1.514326145357814 ], [ 103.655723097627074, 1.514350136529484 ], [ 103.655707406093327, 1.514365159619486 ], [ 103.655649913703655, 1.514420202889701 ], [ 103.655805874516574, 1.514582989307031 ], [ 103.655879188330374, 1.514513058531722 ] ] ] ] } },
{ "type": "Feature", "properties": { "id": null, "FloorLevel": "3", "Zone": "Green", "ShopName": null, "LotNo": null, "Type": "Lift", "Category": null, "layer": "Level3_TasekCentral_fixed", "path": "C:/Users/Stephanie/Documents/001 Tasek Mall/04 GIS/Floorplans/Floorplans FINAL/Level3_TasekCentral_fixed.shp" }, "geometry": { "type": "MultiPolygon", "coordinates": [ [ [ [ 103.655553209574592, 1.513759433355223 ], [ 103.655570615401075, 1.51374276988609 ], [ 103.655549239623141, 1.513720457411001 ], [ 103.655531833192327, 1.513737120806166 ], [ 103.655553209574592, 1.513759433355223 ] ] ] ] } },
{ "type": "Feature", "properties": { "id": null, "FloorLevel": "3", "Zone": "Green", "ShopName": null, "LotNo": null, "Type": "Lift", "Category": null, "layer": "Level3_TasekCentral_fixed", "path": "C:/Users/Stephanie/Documents/001 Tasek Mall/04 GIS/Floorplans/Floorplans FINAL/Level3_TasekCentral_fixed.shp" }, "geometry": { "type": "MultiPolygon", "coordinates": [ [ [ [ 103.655531833192327, 1.513737120806166 ], [ 103.655530103958213, 1.513738777738265 ], [ 103.655530103955783, 1.513738777737706 ], [ 103.65551442869814, 1.513753785097304 ], [ 103.655535803748194, 1.513776096824267 ], [ 103.655553209574592, 1.513759433355223 ], [ 103.655531833192327, 1.513737120806166 ] ] ] ] } },
{ "type": "Feature", "properties": { "id": null, "FloorLevel": "3", "Zone": "Purple", "ShopName": null, "LotNo": null, "Type": "Lift", "Category": null, "layer": "Level3_TasekCentral_fixed", "path": "C:/Users/Stephanie/Documents/001 Tasek Mall/04 GIS/Floorplans/Floorplans FINAL/Level3_TasekCentral_fixed.shp" }, "geometry": { "type": "MultiPolygon", "coordinates": [ [ [ [ 103.6555871315866, 1.514319613515689 ], [ 103.655569725155829, 1.514336276910726 ], [ 103.655591102142466, 1.514358589533791 ], [ 103.655608507968878, 1.514341926064766 ], [ 103.6555871315866, 1.514319613515689 ] ] ] ] } },
{ "type": "Feature", "properties": { "id": null, "FloorLevel": "3", "Zone": "Purple", "ShopName": null, "LotNo": null, "Type": "Lift", "Category": null, "layer": "Level3_TasekCentral_fixed", "path": "C:/Users/Stephanie/Documents/001 Tasek Mall/04 GIS/Floorplans/Floorplans FINAL/Level3_TasekCentral_fixed.shp" }, "geometry": { "type": "MultiPolygon", "coordinates": [ [ [ [ 103.655608507968878, 1.514341926064766 ], [ 103.655611255304166, 1.514339295903192 ], [ 103.655625913358648, 1.514325263013696 ], [ 103.655604538017414, 1.514302950120524 ], [ 103.6555871315866, 1.514319613515689 ], [ 103.655608507968878, 1.514341926064766 ] ] ] ] } },
{ "type": "Feature", "properties": { "id": null, "FloorLevel": "3", "Zone": "Green", "ShopName": null, "LotNo": null, "Type": "Back of House", "Category": null, "layer": "Level3_TasekCentral_fixed", "path": "C:/Users/Stephanie/Documents/001 Tasek Mall/04 GIS/Floorplans/Floorplans FINAL/Level3_TasekCentral_fixed.shp" }, "geometry": { "type": "MultiPolygon", "coordinates": [ [ [ [ 103.655327398638491, 1.514047675591637 ], [ 103.655343138093286, 1.514032662366895 ], [ 103.65531117101726, 1.513999172353349 ], [ 103.655278148811206, 1.51403067089084 ], [ 103.655282839655115, 1.514035583933426 ], [ 103.655282811048238, 1.514035611228011 ], [ 103.655329366555179, 1.514084384676093 ], [ 103.655340913386766, 1.514096481607865 ], [ 103.655358224110799, 1.514079969613802 ], [ 103.655327398638491, 1.514047675591637 ] ] ] ] } },
{ "type": "Feature", "properties": { "id": null, "FloorLevel": "3", "Zone": null, "ShopName": null, "LotNo": null, "Type": "Void", "Category": null, "layer": "Level3_TasekCentral_fixed", "path": "C:/Users/Stephanie/Documents/001 Tasek Mall/04 GIS/Floorplans/Floorplans FINAL/Level3_TasekCentral_fixed.shp" }, "geometry": { "type": "MultiPolygon", "coordinates": [ [ [ [ 103.655624015147566, 1.514142350215044 ], [ 103.65561485460519, 1.514132753257545 ], [ 103.655608252869797, 1.514125837010476 ], [ 103.655601651134418, 1.514118920763385 ], [ 103.655563519780586, 1.514182015902377 ], [ 103.655643245092875, 1.514265539385278 ], [ 103.655649278603889, 1.51425978426548 ], [ 103.655624015147566, 1.514142350215044 ] ] ] ] } },
{ "type": "Feature", "properties": { "id": null, "FloorLevel": "3", "Zone": null, "ShopName": null, "LotNo": null, "Type": "Escalator", "Category": null, "layer": "Level3_TasekCentral_fixed", "path": "C:/Users/Stephanie/Documents/001 Tasek Mall/04 GIS/Floorplans/Floorplans FINAL/Level3_TasekCentral_fixed.shp" }, "geometry": { "type": "MultiPolygon", "coordinates": [ [ [ [ 103.655643721088069, 1.514163080287416 ], [ 103.655643697391071, 1.514162970135497 ], [ 103.655637798046968, 1.514135547763113 ], [ 103.655630511867443, 1.514137114136319 ], [ 103.655623225687933, 1.514138680509525 ], [ 103.655624015147566, 1.514142350215044 ], [ 103.655649278603889, 1.51425978426548 ], [ 103.655650197011838, 1.514264053371005 ], [ 103.655657483191362, 1.514262486997882 ], [ 103.655664769370901, 1.514260920624758 ], [ 103.655661937549723, 1.514247757254894 ], [ 103.655643721088069, 1.514163080287416 ] ] ] ] } },
{ "type": "Feature", "properties": { "id": null, "FloorLevel": "3", "Zone": null, "ShopName": null, "LotNo": null, "Type": "Void", "Category": null, "layer": "Level3_TasekCentral_fixed", "path": "C:/Users/Stephanie/Documents/001 Tasek Mall/04 GIS/Floorplans/Floorplans FINAL/Level3_TasekCentral_fixed.shp" }, "geometry": { "type": "MultiPolygon", "coordinates": [ [ [ [ 103.655405579869552, 1.514016668838315 ], [ 103.655386637874827, 1.513928619295988 ], [ 103.655352619436826, 1.513961068098874 ], [ 103.655405579869552, 1.514016668838315 ] ] ] ] } },
{ "type": "Feature", "properties": { "id": null, "FloorLevel": "3", "Zone": null, "ShopName": null, "LotNo": null, "Type": "Void", "Category": null, "layer": "Level3_TasekCentral_fixed", "path": "C:/Users/Stephanie/Documents/001 Tasek Mall/04 GIS/Floorplans/Floorplans FINAL/Level3_TasekCentral_fixed.shp" }, "geometry": { "type": "MultiPolygon", "coordinates": [ [ [ [ 103.655399287670491, 1.513916553170815 ], [ 103.655424950170783, 1.514036844730121 ], [ 103.655530524356962, 1.514147448555096 ], [ 103.655554327709723, 1.514142517753486 ], [ 103.65558201055785, 1.514098344504378 ], [ 103.655403664118793, 1.513911501485372 ], [ 103.655404103438116, 1.513911961734264 ], [ 103.655403006262162, 1.513913006157595 ], [ 103.655399287670491, 1.513916553170815 ] ] ] ] } },
{ "type": "Feature", "properties": { "id": null, "FloorLevel": "3", "Zone": null, "ShopName": null, "LotNo": null, "Type": "Escalator", "Category": null, "layer": "Level3_TasekCentral_fixed", "path": "C:/Users/Stephanie/Documents/001 Tasek Mall/04 GIS/Floorplans/Floorplans FINAL/Level3_TasekCentral_fixed.shp" }, "geometry": { "type": "MultiPolygon", "coordinates": [ [ [ [ 103.655383611297239, 1.513914550647979 ], [ 103.655386581075604, 1.513928355271769 ], [ 103.655386637874827, 1.513928619295988 ], [ 103.655405579869552, 1.514016668838315 ], [ 103.655410582621144, 1.51403992350946 ], [ 103.655417766395956, 1.514038384119791 ], [ 103.655424950170783, 1.514036844730121 ], [ 103.655399287670491, 1.513916553170815 ], [ 103.655399200761465, 1.513916145789409 ], [ 103.655398183656274, 1.513911417901567 ], [ 103.65539089747675, 1.513912984274774 ], [ 103.655383611297239, 1.513914550647979 ] ] ] ] } },
{ "type": "Feature", "properties": { "id": null, "FloorLevel": "3", "Zone": null, "ShopName": null, "LotNo": null, "Type": "Void", "Category": null, "layer": "Level3_TasekCentral_fixed", "path": "C:/Users/Stephanie/Documents/001 Tasek Mall/04 GIS/Floorplans/Floorplans FINAL/Level3_TasekCentral_fixed.shp" }, "geometry": { "type": "MultiPolygon", "coordinates": [ [ [ [ 103.655662276376006, 1.514247386221259 ], [ 103.655694728031023, 1.514216431912058 ], [ 103.655643763719027, 1.514163039623444 ], [ 103.655662276376006, 1.514247386221259 ] ] ] ] } },
{ "type": "Feature", "properties": { "id": null, "FloorLevel": "3", "Zone": null, "ShopName": null, "LotNo": null, "Type": "Walkway", "Category": null, "layer": "Level3_TasekCentral_fixed", "path": "C:/Users/Stephanie/Documents/001 Tasek Mall/04 GIS/Floorplans/Floorplans FINAL/Level3_TasekCentral_fixed.shp" }, "geometry": { "type": "MultiPolygon", "coordinates": [ [ [ [ 103.655003560607341, 1.514385345085584 ], [ 103.654960591923938, 1.514340343354248 ], [ 103.655087999592439, 1.514218782603321 ], [ 103.655111282858002, 1.514196567838791 ], [ 103.655192357083948, 1.514121915773414 ], [ 103.655215747827427, 1.514099598040462 ], [ 103.655239138570877, 1.514077280307279 ], [ 103.655282839655115, 1.514035583933426 ], [ 103.655278094930594, 1.514030614457979 ], [ 103.655285648494655, 1.514023407537033 ], [ 103.655285703415203, 1.514023464861752 ], [ 103.65531117101726, 1.513999172353349 ], [ 103.655343138093286, 1.514032662366911 ], [ 103.65535212250451, 1.51402409250302 ], [ 103.655359987795137, 1.514016590122658 ], [ 103.655367853085721, 1.51400908774227 ], [ 103.65538812984741, 1.51403033050646 ], [ 103.655408406609126, 1.514051573270442 ], [ 103.655421401514872, 1.514065187264004 ], [ 103.655434396420659, 1.514078801257481 ], [ 103.65544635137195, 1.514091325751784 ], [ 103.65545830632324, 1.514103850246014 ], [ 103.655482642901617, 1.514129346238179 ], [ 103.655506979479995, 1.514154842230044 ], [ 103.655518902053998, 1.514167332804609 ], [ 103.655534921203412, 1.514184115118488 ], [ 103.655556664266868, 1.514206894037815 ], [ 103.655580009958086, 1.514231351935018 ], [ 103.655605310745187, 1.514257858069997 ], [ 103.655563495307689, 1.514297744108119 ], [ 103.655547545576738, 1.514312957904583 ], [ 103.655563185111177, 1.51432934251266 ], [ 103.655563131186099, 1.514329394140082 ], [ 103.655569725155814, 1.514336276910726 ], [ 103.655587131458205, 1.514319613638614 ], [ 103.655604538017414, 1.514302950120524 ], [ 103.655625913358648, 1.514325263013696 ], [ 103.655631408465851, 1.514320002272422 ], [ 103.65563722720357, 1.514314431441826 ], [ 103.655663232440304, 1.514341575066156 ], [ 103.655689237677052, 1.514368718690147 ], [ 103.655643113440092, 1.514412877641175 ], [ 103.655591105089854, 1.5143585926102 ], [ 103.655649913703641, 1.514420202889701 ], [ 103.655707406093327, 1.514365159619486 ], [ 103.655723097627074, 1.514350136529484 ], [ 103.655748156273447, 1.514326145357814 ], [ 103.655773214919819, 1.514302154185878 ], [ 103.655862056098059, 1.514217097548057 ], [ 103.655875273569634, 1.514204443125261 ], [ 103.655903998440465, 1.514176941902974 ], [ 103.655803437918735, 1.514071979675085 ], [ 103.655741259919566, 1.514007080033774 ], [ 103.655735075666257, 1.514000625084743 ], [ 103.655720272455554, 1.513985173911223 ], [ 103.655705469244879, 1.513969722737593 ], [ 103.655697036881023, 1.5139609212741 ], [ 103.655679861062879, 1.513942993639534 ], [ 103.655695292437954, 1.51392821971707 ], [ 103.65568393730689, 1.513916367551335 ], [ 103.65568026856009, 1.513912538216832 ], [ 103.655664837185, 1.513927312139385 ], [ 103.655635557719549, 1.513896751058569 ], [ 103.655604287424339, 1.513864112006369 ], [ 103.655597513702233, 1.513857041785918 ], [ 103.655555785647664, 1.513813487216528 ], [ 103.655582251532238, 1.513788148907739 ], [ 103.655598859130563, 1.513772248873703 ], [ 103.655577211452254, 1.513749653635644 ], [ 103.655570615401075, 1.51374276988609 ], [ 103.655553209574592, 1.513759433355223 ], [ 103.655535803748194, 1.513776096824267 ], [ 103.65551442869814, 1.513753785097304 ], [ 103.655260392720635, 1.513996997001877 ], [ 103.655260337840019, 1.513996939733809 ], [ 103.655242347670168, 1.513978167009926 ], [ 103.655116595860733, 1.514098592458449 ], [ 103.655103767869065, 1.514110877105593 ], [ 103.655041458140914, 1.514170547631534 ], [ 103.655041480246766, 1.514170526461996 ], [ 103.65504133988938, 1.514170660874381 ], [ 103.654988590321821, 1.514221176046222 ], [ 103.654988612425697, 1.514221154878558 ], [ 103.654943591450191, 1.514264268972614 ], [ 103.654909321954463, 1.514228508770187 ], [ 103.654875069965684, 1.514192766834299 ], [ 103.654875052459346, 1.514192748566443 ], [ 103.654875360414991, 1.51419245365438 ], [ 103.654874580405135, 1.514192255978088 ], [ 103.654793551683923, 1.514107702541634 ], [ 103.654793534182119, 1.514107684278526 ], [ 103.654773869881396, 1.514126515702895 ], [ 103.654764476388138, 1.514116713602692 ], [ 103.654700165564151, 1.514049605325151 ], [ 103.654675012606631, 1.514023358239736 ], [ 103.654696359682518, 1.514002915312429 ], [ 103.65468539827134, 1.513991477090911 ], [ 103.654741057522557, 1.51393817526862 ], [ 103.654699415916056, 1.513894722292493 ], [ 103.65459785192094, 1.513788740358111 ], [ 103.654599740891911, 1.513766758212147 ], [ 103.654553744344284, 1.513718760372691 ], [ 103.65450837673788, 1.513722989364926 ], [ 103.6544970213548, 1.513724047869676 ], [ 103.654495815469417, 1.513725238482961 ], [ 103.654490436622027, 1.513730353645536 ], [ 103.654490436622012, 1.513730353645543 ], [ 103.654490436621998, 1.513730353645536 ], [ 103.654490436621998, 1.513730353645565 ], [ 103.654451964502698, 1.513767195924484 ], [ 103.654449797145475, 1.513769271463352 ], [ 103.654442674755501, 1.513824353321411 ], [ 103.65444256093221, 1.513825233587663 ], [ 103.65443809794543, 1.513829507543619 ], [ 103.654392927114444, 1.513782371794154 ], [ 103.654392752139714, 1.513782499286417 ], [ 103.654449781968694, 1.513842010842807 ], [ 103.654435089965318, 1.513856080565361 ], [ 103.654388535142147, 1.513900663547633 ], [ 103.654359969429393, 1.513928019352167 ], [ 103.654239590174868, 1.514043299908281 ], [ 103.654190957426508, 1.514089872800655 ], [ 103.65412896712931, 1.514149237477066 ], [ 103.65403047884412, 1.514046463360258 ], [ 103.654009493305239, 1.5140665600549 ], [ 103.65403400554959, 1.514092138573178 ], [ 103.654046967297063, 1.514105664151897 ], [ 103.654056362802862, 1.51411537646416 ], [ 103.654056347961884, 1.514115452872128 ], [ 103.654078690374476, 1.514138767170522 ], [ 103.654073741898955, 1.514143506051581 ], [ 103.654073710199768, 1.514143472964841 ], [ 103.654060624184766, 1.514156001441768 ], [ 103.654038284816551, 1.51413268422649 ], [ 103.654024063502192, 1.514117840411362 ], [ 103.654015945448378, 1.514109367010962 ], [ 103.654012923620712, 1.514112260091759 ], [ 103.65399352188588, 1.514130835203576 ], [ 103.654015860059815, 1.514154151172498 ], [ 103.654056059407168, 1.514196110140286 ], [ 103.654056055107475, 1.51419618658718 ], [ 103.654029223976579, 1.514221881274704 ], [ 103.654017850270463, 1.514232773242855 ], [ 103.653997395622966, 1.514252361525218 ], [ 103.654192938021339, 1.514459597305609 ], [ 103.654227098699835, 1.51442688356632 ], [ 103.654240940667577, 1.514413627882102 ], [ 103.654251717580351, 1.514403307430805 ], [ 103.654281979289351, 1.514434885508761 ], [ 103.654295549582784, 1.514421820714098 ], [ 103.654295584202004, 1.514421856839218 ], [ 103.654293819811286, 1.514420015698429 ], [ 103.654287532327871, 1.514413454712651 ], [ 103.654265322492989, 1.514390278761045 ], [ 103.654276336460939, 1.514379731295034 ], [ 103.654289084944295, 1.514367522779895 ], [ 103.654331834471662, 1.51441213189714 ], [ 103.654319092141293, 1.514424331330532 ], [ 103.654308069051467, 1.514434884773147 ], [ 103.654235398274082, 1.51450445935349 ], [ 103.65428117032647, 1.514552234955199 ], [ 103.654302021263959, 1.514532272388725 ], [ 103.654283731699564, 1.514513182250257 ], [ 103.654307477687027, 1.514490447979065 ], [ 103.654331223674518, 1.514467713707634 ], [ 103.65434425573433, 1.514455236888648 ], [ 103.654359320705908, 1.514440813771564 ], [ 103.654359352350625, 1.514440846792824 ], [ 103.654407587468711, 1.514491180118023 ], [ 103.654407587468711, 1.514491180118022 ], [ 103.654430797471719, 1.514515399746302 ], [ 103.654645435710478, 1.51473937458809 ], [ 103.654645401215987, 1.514739408632258 ], [ 103.654645998566238, 1.514740032129755 ], [ 103.654680748587168, 1.514705421227124 ], [ 103.65471549860807, 1.514670810323941 ], [ 103.65472069437044, 1.514603495943474 ], [ 103.654720694370468, 1.514603495943474 ], [ 103.654741049245558, 1.514584075185779 ], [ 103.654723929719751, 1.514566144764439 ], [ 103.65473857403623, 1.514552172498601 ], [ 103.654747131092364, 1.514544008139531 ], [ 103.6547777017812, 1.514514840387349 ], [ 103.65480453564507, 1.514489237971109 ], [ 103.654814270423188, 1.514479949936994 ], [ 103.6548307049069, 1.514464269656932 ], [ 103.654853491232018, 1.514442529031184 ], [ 103.654868453557853, 1.514428253348662 ], [ 103.654935749858694, 1.514364045379665 ], [ 103.654951643592995, 1.514380691949508 ], [ 103.655019848765718, 1.514452127779349 ], [ 103.655045230237846, 1.514427912609463 ], [ 103.655030196479302, 1.514412810629544 ], [ 103.655016128090637, 1.514398507850204 ], [ 103.655003560607341, 1.514385345085584 ] ], [ [ 103.654519163629857, 1.513745547331126 ], [ 103.654523640992451, 1.513744958529525 ], [ 103.654527872132107, 1.513744958758727 ], [ 103.654531790321286, 1.513745548015109 ], [ 103.654535333767782, 1.513746717005747 ], [ 103.654538446589342, 1.513748447294954 ], [ 103.65454107969488, 1.513750711595037 ], [ 103.654543191558759, 1.513753474196625 ], [ 103.654544748875693, 1.513756691531843 ], [ 103.65454572708579, 1.513760312861392 ], [ 103.654546110762084, 1.513764281074744 ], [ 103.65454589385385, 1.513768533590801 ], [ 103.654545079781784, 1.513773003344853 ], [ 103.654543681384311, 1.5137776198462 ], [ 103.654541720715031, 1.513782310289878 ], [ 103.654539228694816, 1.513787000704764 ], [ 103.65453624462431, 1.51379161712024 ], [ 103.654535021114867, 1.513793211905068 ], [ 103.654532815564153, 1.513796086732676 ], [ 103.654528995592628, 1.513800339053601 ], [ 103.654524844952931, 1.513804307021388 ], [ 103.654520429103158, 1.513807928058811 ], [ 103.654515817683929, 1.513811145059956 ], [ 103.654511083420019, 1.513813907290783 ], [ 103.654506300973623, 1.513816171189254 ], [ 103.654501545766792, 1.513817901052362 ], [ 103.654496892791968, 1.513819069599104 ], [ 103.654492415429345, 1.513819658400815 ], [ 103.65448818428959, 1.513819658171727 ], [ 103.65448426610034, 1.513819068915456 ], [ 103.65448072265373, 1.51381789992492 ], [ 103.654477609832071, 1.513816169635796 ], [ 103.654474976726419, 1.513813905335777 ], [ 103.654472864862427, 1.513811142734226 ], [ 103.654471307545435, 1.513807925399017 ], [ 103.654470329335297, 1.513804304069449 ], [ 103.654469945658931, 1.513800335856051 ], [ 103.654470162567179, 1.513796083339921 ], [ 103.65447097663926, 1.513791613585779 ], [ 103.654472375036775, 1.513786997084326 ], [ 103.654474335706126, 1.513782306640536 ], [ 103.654476827726413, 1.513777616225537 ], [ 103.654479811796989, 1.513772999809953 ], [ 103.65448324085726, 1.513768530197424 ], [ 103.654487060828913, 1.513764277876424 ], [ 103.654491211468681, 1.513760309908586 ], [ 103.654495627318539, 1.51375668887114 ], [ 103.654500238737853, 1.51375347187 ], [ 103.654504903576964, 1.513750750145508 ], [ 103.654504903576935, 1.513750750145493 ], [ 103.654504903576935, 1.513750750145491 ], [ 103.654504903576964, 1.513750750145506 ], [ 103.654504973001821, 1.513750709639206 ], [ 103.654509755448217, 1.513748445740794 ], [ 103.654514510655048, 1.513746715877769 ], [ 103.654519163629857, 1.513745547331126 ] ], [ [ 103.654497070170507, 1.51389364793267 ], [ 103.654533753942403, 1.51385851788695 ], [ 103.654522734570705, 1.513847019183086 ], [ 103.654537360196883, 1.513833013019635 ], [ 103.654551985821655, 1.513819006857357 ], [ 103.654557108936842, 1.513824352823318 ], [ 103.65456784557874, 1.51383555649922 ], [ 103.65464616384601, 1.513917239650073 ], [ 103.654646123129496, 1.513917239050046 ], [ 103.654638850119156, 1.513924241776052 ], [ 103.654632348317321, 1.513930430434709 ], [ 103.654631497504369, 1.513931245211751 ], [ 103.654624195159627, 1.513938238268123 ], [ 103.654616892814886, 1.513945231324471 ], [ 103.654606464838992, 1.513934346897364 ], [ 103.654600386568973, 1.51394016620317 ], [ 103.654589072931614, 1.513950997823859 ], [ 103.654598956630977, 1.513961314150355 ], [ 103.654608840330368, 1.513971630476802 ], [ 103.65458954387887, 1.51399010480416 ], [ 103.654598594344634, 1.513999551424225 ], [ 103.654598575913809, 1.513999569074422 ], [ 103.654305671051645, 1.514280068033565 ], [ 103.654234089136423, 1.514205372387074 ], [ 103.654269246935257, 1.514171697709264 ], [ 103.654268763312643, 1.514172166977323 ], [ 103.654438327775395, 1.514009785103427 ], [ 103.654526994002595, 1.513924873422649 ], [ 103.654497070170507, 1.51389364793267 ] ], [ [ 103.65425212812562, 1.514131274833149 ], [ 103.654240702283005, 1.514142364438692 ], [ 103.654225532965995, 1.514126321593651 ], [ 103.654212867369807, 1.51411292664624 ], [ 103.654229312145503, 1.514096965804516 ], [ 103.65431047711705, 1.514018189341972 ], [ 103.654317462421844, 1.514025506472411 ], [ 103.654324394571759, 1.514032908237303 ], [ 103.65433137795462, 1.514040227184753 ], [ 103.654338312026482, 1.514047627132534 ], [ 103.654252645212225, 1.514130772963245 ], [ 103.65425212812562, 1.514131274833149 ] ], [ [ 103.65442617620279, 1.514318191989971 ], [ 103.654381581576658, 1.514271657548608 ], [ 103.654630699974888, 1.514033090499569 ], [ 103.654643887932224, 1.514046852119537 ], [ 103.654650169191385, 1.514053406607003 ], [ 103.654675294600025, 1.514079624944852 ], [ 103.65442617620279, 1.514318191989971 ] ], [ [ 103.654182154357912, 1.514211212974302 ], [ 103.654184732450986, 1.514211433388163 ], [ 103.654187753350087, 1.514212241511284 ], [ 103.654191169413807, 1.514213624599012 ], [ 103.654194926768795, 1.514215560839275 ], [ 103.654198966159313, 1.514218019696373 ], [ 103.654203223881751, 1.514220962392698 ], [ 103.654207632789308, 1.514224342520123 ], [ 103.65421212335086, 1.514228106772074 ], [ 103.654216624747576, 1.514232195784013 ], [ 103.654221065989702, 1.514236545069768 ], [ 103.654225377036255, 1.514241086038534 ], [ 103.65422948989945, 1.514245747076501 ], [ 103.654233339716939, 1.514250454676356 ], [ 103.65423686577482, 1.514255134596365 ], [ 103.654240012465038, 1.514259713031473 ], [ 103.654242730162451, 1.514264117776934 ], [ 103.65424497600732, 1.514268279367376 ], [ 103.654246714581305, 1.514272132171985 ], [ 103.654247918466098, 1.514275615429711 ], [ 103.654248568675712, 1.51427867420754 ], [ 103.654248654955921, 1.5142812602667 ], [ 103.654248175946051, 1.514283332823479 ], [ 103.654247139200365, 1.514284859192438 ], [ 103.65424556106899, 1.514285815301833 ], [ 103.654243466439993, 1.514286186073227 ], [ 103.654240888346919, 1.514285965659349 ], [ 103.65423786744779, 1.514285157536245 ], [ 103.65423445138407, 1.514283774448534 ], [ 103.654230694029096, 1.514281838208272 ], [ 103.654226654638563, 1.514279379351157 ], [ 103.654222396916097, 1.514276436654865 ], [ 103.654217988008554, 1.514273056527423 ], [ 103.654213497447017, 1.514269292275507 ], [ 103.654208996050301, 1.514265203263567 ], [ 103.654204554808132, 1.514260853977795 ], [ 103.654200243761593, 1.51425631300903 ], [ 103.654196130898427, 1.51425165197108 ], [ 103.654192281080938, 1.514246944371224 ], [ 103.654188755023043, 1.514242264451182 ], [ 103.65418560833281, 1.51423768601609 ], [ 103.654182890635425, 1.514233281270595 ], [ 103.654180644790571, 1.51422911968017 ], [ 103.654178906216586, 1.514225266875561 ], [ 103.654177702331793, 1.514221783617818 ], [ 103.654177052122193, 1.514218724839972 ], [ 103.654176965841984, 1.514216138780829 ], [ 103.654177444851854, 1.514214066224033 ], [ 103.654178481597526, 1.514212539855074 ], [ 103.654180059728915, 1.514211583745679 ], [ 103.654182154357912, 1.514211212974302 ] ], [ [ 103.654331726546275, 1.514366524116798 ], [ 103.654331778707757, 1.51436657858551 ], [ 103.654331756986977, 1.514366599279557 ], [ 103.654331726546275, 1.514366524116798 ] ], [ [ 103.654353727700268, 1.514345667109062 ], [ 103.654361040514928, 1.514338664028038 ], [ 103.654368926934211, 1.514331111637309 ], [ 103.654375666144659, 1.514324657865489 ], [ 103.654391525904643, 1.514341207508218 ], [ 103.654421496043284, 1.514372481315677 ], [ 103.65448256488672, 1.514304841700336 ], [ 103.654526880144687, 1.514332173841284 ], [ 103.654535294565079, 1.514351828900089 ], [ 103.654529781698471, 1.514357108266766 ], [ 103.654465633866977, 1.514418539087275 ], [ 103.654469803469766, 1.51442289006332 ], [ 103.654462490655192, 1.514429893143896 ], [ 103.654455177840603, 1.514436896224449 ], [ 103.654447836978804, 1.514443874014171 ], [ 103.654425838218188, 1.514464780894352 ], [ 103.654425881485935, 1.514464843765552 ], [ 103.654331778707757, 1.51436657858551 ], [ 103.654353727700268, 1.514345667109062 ] ], [ [ 103.654456842133456, 1.514480507876256 ], [ 103.654496085329427, 1.514442926845705 ], [ 103.654502471799958, 1.514449591124135 ], [ 103.654513258276623, 1.5144608468065 ], [ 103.654587114879675, 1.514537916128857 ], [ 103.654547871683874, 1.514575497158007 ], [ 103.654456842133456, 1.514480507876256 ] ], [ [ 103.655643744830044, 1.513924829957562 ], [ 103.655692592834015, 1.513976557394805 ], [ 103.655724700754106, 1.514010557974291 ], [ 103.655715940870806, 1.514018944642974 ], [ 103.655734050262524, 1.51403817259978 ], [ 103.655783374365129, 1.514090543309498 ], [ 103.65583261304549, 1.514142823320682 ], [ 103.655740421451853, 1.514229591147759 ], [ 103.65569118312213, 1.514177312576979 ], [ 103.655663983456662, 1.514148433456337 ], [ 103.655642585419244, 1.514125714187224 ], [ 103.655617100190454, 1.514098655361413 ], [ 103.655591614961651, 1.514071596535263 ], [ 103.655604650162431, 1.514059327963673 ], [ 103.655555539714896, 1.514008066947728 ], [ 103.655458450289089, 1.513906725932655 ], [ 103.655442607683213, 1.51389018957134 ], [ 103.655426765077308, 1.513873653209899 ], [ 103.655506757853288, 1.513797069886672 ], [ 103.655538443299648, 1.513830142385763 ], [ 103.655562796360385, 1.513855561518882 ], [ 103.655586919153478, 1.513880740303641 ], [ 103.655594896826074, 1.513873102519086 ], [ 103.655630321469332, 1.513910615332545 ], [ 103.655643744830044, 1.513924829957562 ] ], [ [ 103.655410582621144, 1.51403992350946 ], [ 103.655405579869552, 1.514016668838315 ], [ 103.655352619436826, 1.513961068098874 ], [ 103.655386637874827, 1.513928619295987 ], [ 103.655386581075604, 1.513928355271769 ], [ 103.655383611297239, 1.513914550647979 ], [ 103.65539089747675, 1.513912984274774 ], [ 103.655398183656274, 1.513911417901567 ], [ 103.655399287670491, 1.513916553170815 ], [ 103.655399200761465, 1.513916145789409 ], [ 103.655399287670519, 1.513916553170794 ], [ 103.655403006262162, 1.513913006157595 ], [ 103.655404103438116, 1.513911961734264 ], [ 103.655403664118793, 1.513911501485372 ], [ 103.65558201055785, 1.514098344504378 ], [ 103.655554327709723, 1.514142517753486 ], [ 103.655530524356962, 1.514147448555096 ], [ 103.655424950170783, 1.514036844730121 ], [ 103.655417766395942, 1.514038384119791 ], [ 103.655410582621144, 1.51403992350946 ] ], [ [ 103.654661553426465, 1.51420423814588 ], [ 103.654637271520301, 1.514161845597802 ], [ 103.654706794661536, 1.514110607292747 ], [ 103.6547453979111, 1.514150624565568 ], [ 103.654679503004715, 1.514214146670878 ], [ 103.654661553426465, 1.51420423814588 ] ], [ [ 103.655664769370915, 1.514260920624758 ], [ 103.655657483191362, 1.514262486997882 ], [ 103.655650197011838, 1.514264053371005 ], [ 103.655649278603889, 1.51425978426548 ], [ 103.655643245092875, 1.514265539385278 ], [ 103.655563519780586, 1.514182015902377 ], [ 103.655601651134418, 1.514118920763385 ], [ 103.655608252869811, 1.514125837010475 ], [ 103.65561485460519, 1.514132753257545 ], [ 103.655624015147566, 1.514142350215044 ], [ 103.655623225687933, 1.514138680509525 ], [ 103.655630511867443, 1.514137114136319 ], [ 103.655637798046968, 1.514135547763113 ], [ 103.655643763719027, 1.514163039623444 ], [ 103.655694728031023, 1.514216431912058 ], [ 103.655662276376006, 1.514247386221259 ], [ 103.655664769370915, 1.514260920624758 ] ], [ [ 103.654619870641469, 1.514177636620265 ], [ 103.654655237710301, 1.514236966000586 ], [ 103.654559854874634, 1.514328308854844 ], [ 103.654498649500468, 1.514288466082159 ], [ 103.654553483827371, 1.514235829756577 ], [ 103.654619870641469, 1.514177636620265 ] ], [ [ 103.654794953020755, 1.514401456153871 ], [ 103.654794435934207, 1.514401958023891 ], [ 103.654783010092899, 1.514413047631993 ], [ 103.654775402458625, 1.514405043692329 ], [ 103.654767840773161, 1.514397004795173 ], [ 103.654761214775419, 1.514390035093873 ], [ 103.654755175168376, 1.514383609847969 ], [ 103.654771619942167, 1.51436764900256 ], [ 103.654852784904236, 1.514288872521834 ], [ 103.654866702364572, 1.514303591412951 ], [ 103.654880619825022, 1.514318310303969 ], [ 103.654794953020755, 1.514401456153871 ] ], [ [ 103.654697462633123, 1.514250078966813 ], [ 103.654703553415004, 1.514244246162406 ], [ 103.65479141364834, 1.514160107282744 ], [ 103.654868684631808, 1.514240739520236 ], [ 103.654774733617288, 1.514330711202042 ], [ 103.65474882365784, 1.514355523733069 ], [ 103.654720996175683, 1.514382172568449 ], [ 103.654711661096016, 1.514391112256475 ], [ 103.654760507353899, 1.514442083300167 ], [ 103.654696417181782, 1.514503230261328 ], [ 103.654652529208136, 1.514545102767977 ], [ 103.654600742735369, 1.514491063614185 ], [ 103.654526604460955, 1.514413700366236 ], [ 103.654548631929856, 1.514392605881924 ], [ 103.654570659398772, 1.514371511397406 ], [ 103.654643725194944, 1.514301540339616 ], [ 103.654671552665548, 1.514274891510045 ], [ 103.654683815550214, 1.514263148021975 ], [ 103.654697462633123, 1.514250078966813 ] ], [ [ 103.654667609026006, 1.514582974308964 ], [ 103.654668729227438, 1.514587121286299 ], [ 103.654669168596328, 1.514591665498841 ], [ 103.654668920203576, 1.514596535281643 ], [ 103.654667987966477, 1.514601653835329 ], [ 103.654666386586996, 1.514606940437239 ], [ 103.654664141319785, 1.514612311714526 ], [ 103.654661287574115, 1.514617682958911 ], [ 103.654657870355209, 1.514622969462694 ], [ 103.654653943554692, 1.514628087854548 ], [ 103.654649569100499, 1.514632957414365 ], [ 103.65464481598039, 1.514637501346289 ], [ 103.654639759153952, 1.514641647989797 ], [ 103.654634478370312, 1.514645331949856 ], [ 103.654629056910593, 1.5146484951282 ], [ 103.654623580274475, 1.51465108763961 ], [ 103.654618134831736, 1.514653068598659 ], [ 103.654612806460307, 1.514654406764408 ], [ 103.654607679191784, 1.5146550810332 ], [ 103.654602833886202, 1.514655080771399 ], [ 103.654598346956988, 1.514654405983137 ], [ 103.654594289165686, 1.514653067310222 ], [ 103.654590724506079, 1.514651085864324 ], [ 103.654587709194985, 1.514648492894029 ], [ 103.654585290785647, 1.514645329292026 ], [ 103.654583507417883, 1.514641644950206 ], [ 103.654582387216408, 1.51463749797284 ], [ 103.654581947847504, 1.514632953760239 ], [ 103.65458219624027, 1.514628083977353 ], [ 103.654583128477398, 1.514622965423565 ], [ 103.654584729856964, 1.514617678821537 ], [ 103.654586975124246, 1.514612307544128 ], [ 103.654589828870044, 1.514606936299621 ], [ 103.654593246089078, 1.514601649795727 ], [ 103.65459717288978, 1.514596531403778 ], [ 103.654601547344058, 1.514591661843889 ], [ 103.654606300464266, 1.514587117911918 ], [ 103.65461135729079, 1.514582971268394 ], [ 103.654616638074515, 1.51457928730835 ], [ 103.654622059534276, 1.514576124130051 ], [ 103.654627536170395, 1.514573531618713 ], [ 103.654632981613105, 1.514571550659758 ], [ 103.654638309984477, 1.514570212494121 ], [ 103.654643437252929, 1.51456953822545 ], [ 103.654648282558369, 1.514569538487374 ], [ 103.65465276948747, 1.514570213275753 ], [ 103.654656827278643, 1.514571551948772 ], [ 103.654660391938137, 1.514573533394753 ], [ 103.654663407249103, 1.514576126365109 ], [ 103.654665825658327, 1.514579289967143 ], [ 103.654667609026006, 1.514582974308964 ] ] ] ] } },
{ "type": "Feature", "properties": { "id": null, "FloorLevel": "3", "Zone": "Orange", "ShopName": null, "LotNo": null, "Type": "Toilet", "Category": null, "layer": "Level3_TasekCentral_fixed", "path": "C:/Users/Stephanie/Documents/001 Tasek Mall/04 GIS/Floorplans/Floorplans FINAL/Level3_TasekCentral_fixed.shp" }, "geometry": { "type": "MultiPolygon", "coordinates": [ [ [ [ 103.654308069051467, 1.514434884773147 ], [ 103.654295549582784, 1.5144218207141 ], [ 103.654281952420405, 1.514434838558552 ], [ 103.654294470182705, 1.514447904251664 ], [ 103.654308069051467, 1.514434884773147 ] ] ] ] } },
{ "type": "Feature", "properties": { "id": null, "FloorLevel": "3", "Zone": "Orange", "ShopName": null, "LotNo": null, "Type": "Back of House", "Category": null, "layer": "Level3_TasekCentral_fixed", "path": "C:/Users/Stephanie/Documents/001 Tasek Mall/04 GIS/Floorplans/Floorplans FINAL/Level3_TasekCentral_fixed.shp" }, "geometry": { "type": "MultiPolygon", "coordinates": [ [ [ [ 103.654288928128054, 1.514392846969921 ], [ 103.654277912782788, 1.514403392997513 ], [ 103.654287508257113, 1.514413408487636 ], [ 103.654293819811286, 1.514420015698429 ], [ 103.654295549582784, 1.514421820714098 ], [ 103.654295559034111, 1.514421811665456 ], [ 103.654295549582784, 1.5144218207141 ], [ 103.654308069051467, 1.514434884773147 ], [ 103.654319092141293, 1.514424331330532 ], [ 103.654298523602151, 1.514402862460022 ], [ 103.654294788108629, 1.514398963455421 ], [ 103.654288928128054, 1.514392846969921 ] ] ] ] } },
{ "type": "Feature", "properties": { "id": null, "FloorLevel": "3", "Zone": "Green", "ShopName": null, "LotNo": null, "Type": "Toilet", "Category": null, "layer": "Level3_TasekCentral_fixed", "path": "C:/Users/Stephanie/Documents/001 Tasek Mall/04 GIS/Floorplans/Floorplans FINAL/Level3_TasekCentral_fixed.shp" }, "geometry": { "type": "MultiPolygon", "coordinates": [ [ [ [ 103.65568393730689, 1.513916367551335 ], [ 103.655695376155322, 1.513905416054215 ], [ 103.655706136779969, 1.513895113885142 ], [ 103.655711579409953, 1.513889903137962 ], [ 103.655678631198427, 1.513855512721648 ], [ 103.655635557719549, 1.513896751058569 ], [ 103.655664837185, 1.513927312139385 ], [ 103.65568026856009, 1.513912538216832 ], [ 103.65568393730689, 1.513916367551335 ] ] ] ] } },
{ "type": "Feature", "properties": { "id": null, "FloorLevel": "3", "Zone": "Blue", "ShopName": null, "LotNo": null, "Type": "Toilet", "Category": null, "layer": "Level3_TasekCentral_fixed", "path": "C:/Users/Stephanie/Documents/001 Tasek Mall/04 GIS/Floorplans/Floorplans FINAL/Level3_TasekCentral_fixed.shp" }, "geometry": { "type": "MultiPolygon", "coordinates": [ [ [ [ 103.655706136779969, 1.513895113885142 ], [ 103.655695376155322, 1.513905416054215 ], [ 103.65568393730689, 1.513916367551335 ], [ 103.655695292437954, 1.51392821971707 ], [ 103.655695292437954, 1.513928219717073 ], [ 103.655695292437997, 1.51392821971712 ], [ 103.655706731286415, 1.513917268219906 ], [ 103.655695376155336, 1.513905416054215 ], [ 103.655706136779969, 1.513895113885142 ] ] ] ] } },
{ "type": "Feature", "properties": { "id": null, "FloorLevel": "3", "Zone": null, "ShopName": null, "LotNo": null, "Type": "Courtyard", "Category": null, "layer": "Level3_TasekCentral_fixed", "path": "C:/Users/Stephanie/Documents/001 Tasek Mall/04 GIS/Floorplans/Floorplans FINAL/Level3_TasekCentral_fixed.shp" }, "geometry": { "type": "MultiPolygon", "coordinates": [ [ [ [ 103.654696359682532, 1.514002915312429 ], [ 103.654720444160247, 1.513979892382924 ], [ 103.654819287964997, 1.514083062754975 ], [ 103.654793551683909, 1.514107702541635 ], [ 103.654874580405135, 1.514192255978088 ], [ 103.654875360414991, 1.51419245365438 ], [ 103.654875052459346, 1.514192748566443 ], [ 103.654875069965684, 1.514192766834299 ], [ 103.654920083805465, 1.514149670838393 ], [ 103.654954348631406, 1.514185435516718 ], [ 103.654988590321821, 1.514221176046222 ], [ 103.654988612425697, 1.514221154878558 ], [ 103.65504133988938, 1.514170660874381 ], [ 103.655041458140914, 1.514170547631534 ], [ 103.655021828516695, 1.514150058772183 ], [ 103.65509695350022, 1.514078134535503 ], [ 103.655127397058635, 1.514048988043905 ], [ 103.655127033200827, 1.514048860249195 ], [ 103.655126639816658, 1.514048714365779 ], [ 103.655126249025443, 1.514048561676977 ], [ 103.655125860944949, 1.514048402228814 ], [ 103.655125475692188, 1.514048236069357 ], [ 103.655125093383276, 1.514048063248692 ], [ 103.655124714133493, 1.514047883818917 ], [ 103.655124338057135, 1.51404769783412 ], [ 103.655123965267578, 1.514047505350364 ], [ 103.655123595877171, 1.514047306425674 ], [ 103.655123229997301, 1.514047101120014 ], [ 103.655122867738228, 1.514046889495274 ], [ 103.655122509209193, 1.514046671615247 ], [ 103.655122154518253, 1.514046447545611 ], [ 103.655121803772332, 1.514046217353913 ], [ 103.655121457077158, 1.514045981109541 ], [ 103.655121114537238, 1.514045738883713 ], [ 103.655120776255828, 1.514045490749444 ], [ 103.655120442334905, 1.514045236781534 ], [ 103.655120112875125, 1.514044977056542 ], [ 103.655119787975806, 1.514044711652761 ], [ 103.65511942710674, 1.5140441130229 ], [ 103.655119055904464, 1.514043520740581 ], [ 103.655118674480661, 1.514042934984027 ], [ 103.655118282950127, 1.514042355929497 ], [ 103.65511788143067, 1.514041783751234 ], [ 103.655117470043123, 1.514041218621411 ], [ 103.655117048911265, 1.514040660710081 ], [ 103.655116618161813, 1.514040110185124 ], [ 103.655116177924398, 1.514039567212198 ], [ 103.655115728331481, 1.514039031954689 ], [ 103.655115269518319, 1.51403850457366 ], [ 103.655114801623043, 1.514037985227805 ], [ 103.655114324786368, 1.5140374740734 ], [ 103.655113839151852, 1.514036971264255 ], [ 103.655113344865583, 1.514036476951671 ], [ 103.655112842076292, 1.514035991284389 ], [ 103.655112330935296, 1.514035514408553 ], [ 103.655111811596399, 1.514035046467657 ], [ 103.655111284215863, 1.514034587602511 ], [ 103.655110748952382, 1.514034137951188 ], [ 103.65511020596702, 1.514033697648996 ], [ 103.655109655423189, 1.514033266828424 ], [ 103.655109097486516, 1.514032845619109 ], [ 103.655108532324931, 1.514032434147797 ], [ 103.655107960108467, 1.514032032538305 ], [ 103.655107381009302, 1.51403164091148 ], [ 103.655106795201718, 1.514031259385165 ], [ 103.655106202861958, 1.514030888074164 ], [ 103.655105604168313, 1.51403052709021 ], [ 103.655104999300875, 1.514030176541926 ], [ 103.6551043884417, 1.514029836534793 ], [ 103.655103771774591, 1.514029507171125 ], [ 103.655103149485072, 1.514029188550028 ], [ 103.65510252176044, 1.514028880767378 ], [ 103.655101888789559, 1.514028583915793 ], [ 103.655101250762925, 1.514028298084593 ], [ 103.65510060787247, 1.514028023359791 ], [ 103.65509996031173, 1.514027759824053 ], [ 103.655099308275481, 1.514027507556679 ], [ 103.65509865195996, 1.514027266633579 ], [ 103.655097991562641, 1.514027037127249 ], [ 103.655097327282292, 1.514026819106748 ], [ 103.655096659318758, 1.514026612637682 ], [ 103.655095987873011, 1.514026417782179 ], [ 103.655095313147172, 1.514026234598872 ], [ 103.655094635344199, 1.514026063142883 ], [ 103.655093954668075, 1.514025903465804 ], [ 103.655093271323651, 1.514025755615685 ], [ 103.655092585516513, 1.514025619637013 ], [ 103.655091897453019, 1.514025495570707 ], [ 103.655091207340263, 1.5140253834541 ], [ 103.655090515385865, 1.514025283320927 ], [ 103.655089821798057, 1.51402519520132 ], [ 103.655089126785512, 1.514025119121795 ], [ 103.655088430557413, 1.514025055105245 ], [ 103.655087733323242, 1.514025003170933 ], [ 103.655087035292809, 1.514024963334486 ], [ 103.655086336676135, 1.514024935607893 ], [ 103.655085637683456, 1.514024919999494 ], [ 103.655084938525121, 1.514024916513989 ], [ 103.655084239411494, 1.514024925152424 ], [ 103.655083540552923, 1.514024945912203 ], [ 103.655082842159743, 1.514024978787076 ], [ 103.65508214444209, 1.514025023767152 ], [ 103.655081447609902, 1.514025080838896 ], [ 103.655080751872873, 1.514025149985134 ], [ 103.655080057440358, 1.514025231185061 ], [ 103.655079364521328, 1.514025324414241 ], [ 103.655078673324255, 1.514025429644623 ], [ 103.655077984057172, 1.514025546844539 ], [ 103.655077296927445, 1.514025675978725 ], [ 103.655076612141841, 1.514025817008324 ], [ 103.655075929906431, 1.514025969890896 ], [ 103.65507525042652, 1.514026134580439 ], [ 103.655074693239143, 1.514026081652577 ], [ 103.655074137054626, 1.514026019065523 ], [ 103.655073582040529, 1.514025946838131 ], [ 103.655073028364043, 1.51402586499216 ], [ 103.655072476191961, 1.514025773552266 ], [ 103.655071925690663, 1.514025672545996 ], [ 103.655071377025934, 1.514025562003778 ], [ 103.655070830363115, 1.514025441958914 ], [ 103.655070285866827, 1.514025312447567 ], [ 103.655069743701162, 1.514025173508753 ], [ 103.655069204029417, 1.514025025184328 ], [ 103.655068667014191, 1.514024867518975 ], [ 103.655068132817235, 1.514024700560192 ], [ 103.655067601599484, 1.514024524358274 ], [ 103.655067073520996, 1.514024338966304 ], [ 103.655066548740834, 1.514024144440132 ], [ 103.655066027417078, 1.514023940838358 ], [ 103.655065509706802, 1.514023728222319 ], [ 103.655064995765954, 1.514023506656067 ], [ 103.655064485749364, 1.514023276206348 ], [ 103.655063979810691, 1.514023036942585 ], [ 103.655063478102306, 1.51402278893686 ], [ 103.655062980775398, 1.514022532263883 ], [ 103.655062487979791, 1.514022267000979 ], [ 103.655061999863904, 1.514021993228057 ], [ 103.65506151657479, 1.514021711027595 ], [ 103.655061038258069, 1.514021420484606 ], [ 103.655060565057809, 1.514021121686615 ], [ 103.655060097116575, 1.514020814723638 ], [ 103.655059634575338, 1.514020499688147 ], [ 103.65505917757342, 1.514020176675049 ], [ 103.655058726248527, 1.514019845781652 ], [ 103.655058280736597, 1.514019507107639 ], [ 103.655057841171853, 1.514019160755036 ], [ 103.655057407686712, 1.514018806828183 ], [ 103.655056980411757, 1.514018445433702 ], [ 103.655056559475739, 1.514018076680463 ], [ 103.655056145005403, 1.514017700679557 ], [ 103.655055737125664, 1.514017317544252 ], [ 103.655055335959375, 1.514016927389971 ], [ 103.655054941627384, 1.514016530334249 ], [ 103.655054554248522, 1.514016126496699 ], [ 103.655054173939433, 1.51401571599898 ], [ 103.655053800814713, 1.514015298964755 ], [ 103.655053434986769, 1.514014875519656 ], [ 103.655053076565821, 1.514014445791249 ], [ 103.655052725659814, 1.51401400990899 ], [ 103.655052382374478, 1.51401356800419 ], [ 103.655052046813211, 1.514013120209974 ], [ 103.65505171907715, 1.514012666661241 ], [ 103.655051399264963, 1.514012207494626 ], [ 103.655051087473041, 1.514011742848453 ], [ 103.655050783795289, 1.514011272862698 ], [ 103.655050488323198, 1.514010797678946 ], [ 103.655050201145798, 1.514010317440348 ], [ 103.655049922349548, 1.514009832291577 ], [ 103.655049652018491, 1.514009342378786 ], [ 103.655049390234041, 1.514008847849562 ], [ 103.655049137075082, 1.514008348852884 ], [ 103.655048892617856, 1.514007845539077 ], [ 103.655048656936017, 1.514007338059765 ], [ 103.65504843010055, 1.514006826567828 ], [ 103.655048212179793, 1.514006311217355 ], [ 103.655048003239429, 1.514005792163595 ], [ 103.655047803342356, 1.514005269562919 ], [ 103.655047612548827, 1.514004743572757 ], [ 103.655047430916298, 1.514004214351569 ], [ 103.655047258499508, 1.514003682058783 ], [ 103.655047095350369, 1.514003146854753 ], [ 103.655046941518066, 1.514002608900713 ], [ 103.655046797048911, 1.514002068358723 ], [ 103.655046661986447, 1.514001525391621 ], [ 103.65504653637133, 1.51400098016298 ], [ 103.655046420241447, 1.514000432837051 ], [ 103.655046313631743, 1.513999883578717 ], [ 103.655046216574348, 1.513999332553444 ], [ 103.655046129098523, 1.513998779927232 ], [ 103.65504605123057, 1.513998225866559 ], [ 103.655045982994011, 1.513997670538338 ], [ 103.65504592440935, 1.513997114109865 ], [ 103.655045875494267, 1.513996556748765 ], [ 103.655045836263469, 1.513995998622944 ], [ 103.655045806728822, 1.51399543990054 ], [ 103.655045786899151, 1.51399488074987 ], [ 103.655045776780497, 1.513994321339379 ], [ 103.655045776375886, 1.513993761837592 ], [ 103.655045785685431, 1.513993202413062 ], [ 103.655045804706333, 1.513992643234314 ], [ 103.655045833432851, 1.513992084469806 ], [ 103.655045871856345, 1.513991526287866 ], [ 103.655045919965247, 1.513990968856647 ], [ 103.655045977745061, 1.513990412344079 ], [ 103.655046045178366, 1.513989856917812 ], [ 103.655046122244855, 1.513989302745171 ], [ 103.655046208921306, 1.513988749993101 ], [ 103.655046305181628, 1.513988198828121 ], [ 103.655046410996789, 1.513987649416271 ], [ 103.655046526334942, 1.513987101923063 ], [ 103.655046651161314, 1.513986556513432 ], [ 103.65504678543833, 1.513986013351683 ], [ 103.655046929125533, 1.513985472601446 ], [ 103.655047082179621, 1.513984934425624 ], [ 103.655047244554481, 1.513984398986344 ], [ 103.655047416201214, 1.513983866444909 ], [ 103.655047597068105, 1.513983336961748 ], [ 103.655047787100671, 1.51398281069637 ], [ 103.655047986241669, 1.513982287807314 ], [ 103.655048194431089, 1.513981768452102 ], [ 103.655048411606231, 1.513981252787193 ], [ 103.655048637701654, 1.51398074096793 ], [ 103.655048872649274, 1.513980233148502 ], [ 103.655049116378279, 1.513979729481891 ], [ 103.65504936881527, 1.513979230119827 ], [ 103.655049629884161, 1.513978735212746 ], [ 103.655049899506366, 1.51397824490974 ], [ 103.6550501776006, 1.513977759358514 ], [ 103.655050464083146, 1.513977278705342 ], [ 103.655050758867631, 1.513976803095022 ], [ 103.655051061865294, 1.513976332670834 ], [ 103.655051372984872, 1.513975867574494 ], [ 103.655051692132588, 1.513975407946114 ], [ 103.655052019212334, 1.513974953924158 ], [ 103.655052354125573, 1.513974505645402 ], [ 103.655052696771392, 1.513974063244892 ], [ 103.655053047046593, 1.513973626855903 ], [ 103.655053404845646, 1.513973196609896 ], [ 103.655053770060761, 1.513972772636487 ], [ 103.655054142581903, 1.513972355063398 ], [ 103.655054522296865, 1.513971944016424 ], [ 103.655054909091248, 1.513971539619394 ], [ 103.655055302848538, 1.513971141994135 ], [ 103.655055703450117, 1.513970751260433 ], [ 103.655056110775277, 1.513970367535995 ], [ 103.655056524701337, 1.513969990936423 ], [ 103.655056945103581, 1.513969621575167 ], [ 103.655057371855392, 1.513969259563499 ], [ 103.655057804828189, 1.513968905010475 ], [ 103.655058243891517, 1.513968558022906 ], [ 103.65505868891313, 1.513968218705322 ], [ 103.655059139758976, 1.513967887159946 ], [ 103.655059596293214, 1.513967563486655 ], [ 103.655060058378311, 1.513967247782958 ], [ 103.655060525875086, 1.51396694014396 ], [ 103.655060998642696, 1.51396664066234 ], [ 103.655061476538677, 1.513966349428316 ], [ 103.655061959419129, 1.513966066529625 ], [ 103.655062447138533, 1.513965792051491 ], [ 103.655062939549993, 1.5139655260766 ], [ 103.655063436505131, 1.513965268685078 ], [ 103.655063937854266, 1.513965019954467 ], [ 103.655064443446363, 1.513964779959696 ], [ 103.655064953129099, 1.513964548773065 ], [ 103.655065466748965, 1.513964326464219 ], [ 103.655065984151179, 1.51396411310013 ], [ 103.655066505179903, 1.513963908745074 ], [ 103.655067029678179, 1.513963713460614 ], [ 103.655067557487968, 1.51396352730558 ], [ 103.655068088450321, 1.513963350336052 ], [ 103.655068622405224, 1.513963182605343 ], [ 103.655069159191854, 1.513963024163981 ], [ 103.655069698648504, 1.513962875059699 ], [ 103.655070240612645, 1.513962735337413 ], [ 103.655070784921037, 1.513962605039216 ], [ 103.655071331409673, 1.513962484204361 ], [ 103.655071879913933, 1.513962372869249 ], [ 103.655072430268589, 1.513962271067421 ], [ 103.655072982307814, 1.513962178829544 ], [ 103.655073535865341, 1.513962096183406 ], [ 103.655074090774406, 1.513962023153904 ], [ 103.655074646867817, 1.513961959763038 ], [ 103.655075203978058, 1.513961906029906 ], [ 103.655075761937326, 1.513961861970694 ], [ 103.655076320577479, 1.513961827598675 ], [ 103.65507687973026, 1.513961802924204 ], [ 103.655077439227227, 1.513961787954714 ], [ 103.655077998899813, 1.513961782694716 ], [ 103.655078558579419, 1.513961787145793 ], [ 103.655079118097461, 1.513961801306604 ], [ 103.655079677285357, 1.513961825172884 ], [ 103.655080235974623, 1.513961858737443 ], [ 103.65508079399703, 1.513961901990168 ], [ 103.655081227424333, 1.513962022093355 ], [ 103.655081662878715, 1.513962134631 ], [ 103.655082100228029, 1.513962239568952 ], [ 103.655082539339546, 1.513962336875365 ], [ 103.655082980080053, 1.513962426520713 ], [ 103.655083422315755, 1.513962508477793 ], [ 103.655083865912502, 1.513962582721734 ], [ 103.65508431073566, 1.513962649230008 ], [ 103.655084756650254, 1.513962707982431 ], [ 103.655085203520954, 1.513962758961176 ], [ 103.65508565121219, 1.513962802150773 ], [ 103.65508609958809, 1.513962837538115 ], [ 103.655086548512614, 1.513962865112466 ], [ 103.65508699784948, 1.513962884865456 ], [ 103.655087447462378, 1.513962896791093 ], [ 103.655087897214855, 1.513962900885757 ], [ 103.655088346970487, 1.513962897148206 ], [ 103.655088796592722, 1.513962885579573 ], [ 103.655089245945149, 1.51396286618337 ], [ 103.655089694891416, 1.513962838965482 ], [ 103.655090143295283, 1.513962803934169 ], [ 103.655090591020695, 1.51396276110006 ], [ 103.655091037931783, 1.513962710476155 ], [ 103.655091483892917, 1.513962652077814 ], [ 103.655091928768798, 1.513962585922759 ], [ 103.655092372424377, 1.513962512031065 ], [ 103.65509281472508, 1.513962430425154 ], [ 103.655093255536656, 1.51396234112979 ], [ 103.655093694725366, 1.513962244172069 ], [ 103.655094132157913, 1.513962139581414 ], [ 103.655094567701568, 1.513962027389562 ], [ 103.655095001224169, 1.513961907630559 ], [ 103.655095432594166, 1.513961780340746 ], [ 103.655095861680635, 1.513961645558748 ], [ 103.655096288353405, 1.513961503325466 ], [ 103.655096712482973, 1.513961353684061 ], [ 103.655097133940643, 1.513961196679941 ], [ 103.655097552598534, 1.51396103236075 ], [ 103.655097968329599, 1.51396086077635 ], [ 103.655098148415647, 1.513960782751987 ], [ 103.655133224771674, 1.513927200821719 ], [ 103.655155049186334, 1.513949980530381 ], [ 103.655173999697666, 1.513931837404338 ], [ 103.655008170446607, 1.513758749497981 ], [ 103.654970591048141, 1.513794727831508 ], [ 103.654961590322657, 1.513785333127298 ], [ 103.654809782005159, 1.513930673667011 ], [ 103.654780676226594, 1.513900293875684 ], [ 103.654741095504662, 1.51393818826395 ], [ 103.654741057522557, 1.51393817526862 ], [ 103.65468539827134, 1.513991477090912 ], [ 103.654696359682532, 1.514002915312429 ] ] ] ] } },
{ "type": "Feature", "properties": { "id": null, "FloorLevel": "3", "Zone": "Orange", "ShopName": null, "LotNo": null, "Type": "Lift", "Category": null, "layer": "Level3_TasekCentral_fixed", "path": "C:/Users/Stephanie/Documents/001 Tasek Mall/04 GIS/Floorplans/Floorplans FINAL/Level3_TasekCentral_fixed.shp" }, "geometry": { "type": "MultiPolygon", "coordinates": [ [ [ [ 103.654589072931614, 1.513950997823859 ], [ 103.654569776479661, 1.513969472151711 ], [ 103.654569776479732, 1.513969472151782 ], [ 103.65458954387887, 1.51399010480416 ], [ 103.654608840330368, 1.513971630476802 ], [ 103.654598956630977, 1.513961314150355 ], [ 103.654589072931614, 1.513950997823859 ] ] ] ] } },
{ "type": "Feature", "properties": { "id": null, "FloorLevel": "3", "Zone": null, "ShopName": null, "LotNo": null, "Type": "Escalator", "Category": null, "layer": "Level3_TasekCentral_fixed", "path": "C:/Users/Stephanie/Documents/001 Tasek Mall/04 GIS/Floorplans/Floorplans FINAL/Level3_TasekCentral_fixed.shp" }, "geometry": { "type": "MultiPolygon", "coordinates": [ [ [ [ 103.654440508943722, 1.514450839514286 ], [ 103.654346384444921, 1.514352595027304 ], [ 103.6543390859363, 1.514359634734822 ], [ 103.654331756986977, 1.514366599279557 ], [ 103.654342774859217, 1.514378099422713 ], [ 103.65434327348278, 1.514378619871865 ], [ 103.654425838218188, 1.514464780894352 ], [ 103.654425881485935, 1.514464843765552 ], [ 103.654425881485935, 1.514464843765551 ], [ 103.654433195214835, 1.51445784163993 ], [ 103.654440508943722, 1.514450839514286 ] ] ] ] } },
{ "type": "Feature", "properties": { "id": null, "FloorLevel": "4", "Zone": "Orange", "ShopName": "TGV Cinemas", "LotNo": "4-39", "Type": "Shop", "Category": "Leisure and Entertainment", "layer": "Level4_TasekCentral", "path": "C:\\Users\\Stephanie\\Documents\\001 Tasek Mall\\04 GIS\\Level4_TasekCentral.shp" }, "geometry": { "type": "MultiPolygon", "coordinates": [ [ [ [ 103.654598605881006, 1.51399956346556 ], [ 103.654592598254013, 1.513993292874285 ], [ 103.654550509698751, 1.513949362029276 ], [ 103.654527033723326, 1.513924858468051 ], [ 103.654497113968574, 1.513893629071215 ], [ 103.65452114989948, 1.513870617188071 ], [ 103.654397425146215, 1.513741476690353 ], [ 103.654397425143927, 1.513741476692541 ], [ 103.654408330987295, 1.513752859912632 ], [ 103.654385595913169, 1.513774626348174 ], [ 103.654351360077939, 1.513739201357776 ], [ 103.654030502693217, 1.514046383575176 ], [ 103.653929009732863, 1.51414355239114 ], [ 103.653928146818799, 1.514159055092263 ], [ 103.653991112577231, 1.514225803579072 ], [ 103.653981217894966, 1.514235130998425 ], [ 103.65418046234818, 1.51444634545787 ], [ 103.654621819221902, 1.514023792894536 ], [ 103.654598605881006, 1.51399956346556 ] ] ] ] } },
{ "type": "Feature", "properties": { "id": null, "FloorLevel": "4", "Zone": null, "ShopName": null, "LotNo": null, "Type": "Back of House", "Category": null, "layer": "Level4_TasekCentral", "path": "C:\\Users\\Stephanie\\Documents\\001 Tasek Mall\\04 GIS\\Level4_TasekCentral.shp" }, "geometry": { "type": "MultiPolygon", "coordinates": [ [ [ [ 103.654606464838992, 1.513934346897364 ], [ 103.65453380232708, 1.513858503815554 ], [ 103.654497113968574, 1.513893629071215 ], [ 103.654555575713161, 1.513954649791992 ], [ 103.654569776480145, 1.51396947215139 ], [ 103.654606464838992, 1.513934346897364 ] ] ] ] } },
{ "type": "Feature", "properties": { "id": null, "FloorLevel": "4", "Zone": null, "ShopName": null, "LotNo": null, "Type": "Escalator", "Category": null, "layer": "Level4_TasekCentral", "path": "C:\\Users\\Stephanie\\Documents\\001 Tasek Mall\\04 GIS\\Level4_TasekCentral.shp" }, "geometry": { "type": "MultiPolygon", "coordinates": [ [ [ [ 103.654631536392259, 1.513931243902007 ], [ 103.654537411911619, 1.513832999419322 ], [ 103.654534648429575, 1.513835645163506 ], [ 103.654526120940886, 1.513843809339484 ], [ 103.65452278445683, 1.513847003673001 ], [ 103.654533802327052, 1.513858503815555 ], [ 103.654534300950516, 1.51385902426468 ], [ 103.654616908938522, 1.513945248153851 ], [ 103.654616908938522, 1.513945248153851 ], [ 103.654631536392259, 1.513931243902007 ] ] ] ] } },
{ "type": "Feature", "properties": { "id": null, "FloorLevel": "4", "Zone": null, "ShopName": null, "LotNo": null, "Type": "Escalator", "Category": null, "layer": "Level4_TasekCentral", "path": "C:\\Users\\Stephanie\\Documents\\001 Tasek Mall\\04 GIS\\Level4_TasekCentral.shp" }, "geometry": { "type": "MultiPolygon", "coordinates": [ [ [ [ 103.654631536392259, 1.513931243902007 ], [ 103.654646163846039, 1.513917239650074 ], [ 103.65456789696114, 1.513835546879329 ], [ 103.654557161782179, 1.513824341801651 ], [ 103.654552039365058, 1.513818995166815 ], [ 103.654537411911619, 1.513832999419322 ], [ 103.654631536392259, 1.513931243902007 ] ] ] ] } },
{ "type": "Feature", "properties": { "id": null, "FloorLevel": "4", "Zone": null, "ShopName": null, "LotNo": null, "Type": "Walkway", "Category": null, "layer": "Level4_TasekCentral", "path": "C:\\Users\\Stephanie\\Documents\\001 Tasek Mall\\04 GIS\\Level4_TasekCentral.shp" }, "geometry": { "type": "MultiPolygon", "coordinates": [ [ [ [ 103.654608840330368, 1.513971630476802 ], [ 103.654589543879084, 1.513990104803959 ], [ 103.654598605881006, 1.51399956346556 ], [ 103.65462264177539, 1.513976551619331 ], [ 103.654635294239696, 1.513964438212678 ], [ 103.654626101589116, 1.513954843183286 ], [ 103.654616908938522, 1.513945248153851 ], [ 103.654606464838992, 1.513934346897364 ], [ 103.654589072931614, 1.513950997823859 ], [ 103.654608840330368, 1.513971630476802 ] ] ] ] } },
{ "type": "Feature", "properties": { "id": null, "FloorLevel": "4", "Zone": "Orange", "ShopName": null, "LotNo": null, "Type": "Lift", "Category": null, "layer": "Level4_TasekCentral", "path": "C:\\Users\\Stephanie\\Documents\\001 Tasek Mall\\04 GIS\\Level4_TasekCentral.shp" }, "geometry": { "type": "MultiPolygon", "coordinates": [ [ [ [ 103.654608840330368, 1.513971630476802 ], [ 103.654589072931614, 1.513950997823859 ], [ 103.654569776480145, 1.51396947215139 ], [ 103.654589543879084, 1.513990104803959 ], [ 103.654608840330368, 1.513971630476802 ] ] ] ] } },
{ "type": "Feature", "properties": { "id": null, "FloorLevel": "4", "Zone": "Orange/Pink", "ShopName": "Poolroom", "LotNo": "4-38", "Type": "Shop", "Category": "Leisure and Entertainment", "layer": "Level4_TasekCentral", "path": "C:\\Users\\Stephanie\\Documents\\001 Tasek Mall\\04 GIS\\Level4_TasekCentral.shp" }, "geometry": { "type": "MultiPolygon", "coordinates": [ [ [ [ 103.654739435187963, 1.5138564573926 ], [ 103.654540369527624, 1.513647093837719 ], [ 103.654515269438832, 1.513671124541922 ], [ 103.654504906657181, 1.513660308161256 ], [ 103.654482458346976, 1.513681800065362 ], [ 103.654471597830792, 1.513670464163421 ], [ 103.654416339720697, 1.513723367968335 ], [ 103.654397425146215, 1.513741476690353 ], [ 103.65452114989948, 1.513870617188071 ], [ 103.654533802327052, 1.513858503815555 ], [ 103.65452278445683, 1.513847003673001 ], [ 103.654526120940886, 1.513843809339484 ], [ 103.654534648429575, 1.513835645163506 ], [ 103.654537411911619, 1.513832999419322 ], [ 103.654552039365058, 1.513818995166815 ], [ 103.654557161782179, 1.513824341801651 ], [ 103.65456789696114, 1.513835546879329 ], [ 103.654646163846039, 1.513917239650074 ], [ 103.65463238731158, 1.513930429236062 ], [ 103.654631536392259, 1.513931243902007 ], [ 103.654616908938522, 1.513945248153851 ], [ 103.654626101589116, 1.513954843183286 ], [ 103.654627867685775, 1.513956686585181 ], [ 103.654635294239696, 1.513964438212678 ], [ 103.654652518586062, 1.513982416499485 ], [ 103.654687922211423, 1.513948521243648 ], [ 103.654708197816291, 1.51396968434812 ], [ 103.654741095504662, 1.51393818826395 ], [ 103.654741095504662, 1.51393818826395 ], [ 103.654780676226594, 1.513900293875684 ], [ 103.654809782005159, 1.513930673667011 ], [ 103.654961590322657, 1.513785333127298 ], [ 103.654929345296097, 1.513751676675127 ], [ 103.654923538350857, 1.513757236216349 ], [ 103.654906873454607, 1.513739841866018 ], [ 103.654950259798483, 1.513698303990457 ], [ 103.654928428010138, 1.513675516582586 ], [ 103.654915582627723, 1.513687814689809 ], [ 103.654739435187963, 1.5138564573926 ] ] ] ] } },
{ "type": "Feature", "properties": { "id": null, "FloorLevel": "4", "Zone": null, "ShopName": null, "LotNo": null, "Type": "Void", "Category": null, "layer": "Level4_TasekCentral", "path": "C:\\Users\\Stephanie\\Documents\\001 Tasek Mall\\04 GIS\\Level4_TasekCentral.shp" }, "geometry": { "type": "MultiPolygon", "coordinates": [ [ [ [ 103.654683521347948, 1.514271348951096 ], [ 103.65464100607484, 1.514201278895961 ], [ 103.654632508480049, 1.514208151037709 ], [ 103.654624130418455, 1.514215168311006 ], [ 103.654615874370222, 1.514222328638538 ], [ 103.654607742779334, 1.514229629900641 ], [ 103.654599738053037, 1.514237069935932 ], [ 103.654591862560892, 1.514244646541946 ], [ 103.654584118634304, 1.514252357475789 ], [ 103.654576508565711, 1.514260200454804 ], [ 103.654569034607874, 1.514268173157242 ], [ 103.654561698973325, 1.514276273222955 ], [ 103.654554503833623, 1.51428449825409 ], [ 103.654547451318706, 1.514292845815801 ], [ 103.654540543516347, 1.51430131343697 ], [ 103.654530114566199, 1.51431472469611 ], [ 103.654530114566199, 1.51431472469611 ], [ 103.654531123138213, 1.51431544485309 ], [ 103.654591905767845, 1.514358845853567 ], [ 103.654683521347948, 1.514271348951096 ] ] ] ] } },
{ "type": "Feature", "properties": { "id": null, "FloorLevel": "4", "Zone": "Orange", "ShopName": "Anytime Fitness", "LotNo": "4-37", "Type": "Shop", "Category": "Leisure and Entertainment", "layer": "Level4_TasekCentral", "path": "C:\\Users\\Stephanie\\Documents\\001 Tasek Mall\\04 GIS\\Level4_TasekCentral.shp" }, "geometry": { "type": "MultiPolygon", "coordinates": [ [ [ [ 103.654761162792923, 1.514126012484382 ], [ 103.654780331086059, 1.514146086541821 ], [ 103.654796714697014, 1.514163244331642 ], [ 103.654796714697014, 1.514163244331642 ], [ 103.654761162792923, 1.514126012484382 ] ] ], [ [ [ 103.654643623240418, 1.514002918800648 ], [ 103.654638183239754, 1.514008127372342 ], [ 103.654643622954765, 1.514002918501501 ], [ 103.654643622766741, 1.514002918304584 ], [ 103.654447491338317, 1.514190693419839 ], [ 103.654447491216047, 1.514190693548824 ], [ 103.654475562496202, 1.514220784457969 ], [ 103.654474377432763, 1.514269693564146 ], [ 103.654530114566199, 1.51431472469611 ], [ 103.654540543516347, 1.51430131343697 ], [ 103.654547451318706, 1.514292845815801 ], [ 103.654554503833623, 1.51428449825409 ], [ 103.654561698973325, 1.514276273222955 ], [ 103.654569034607874, 1.514268173157242 ], [ 103.654576508565711, 1.514260200454804 ], [ 103.654584118634304, 1.514252357475789 ], [ 103.654591862560892, 1.514244646541946 ], [ 103.654599738053037, 1.514237069935932 ], [ 103.654607742779334, 1.514229629900641 ], [ 103.654615874370222, 1.514222328638538 ], [ 103.654624130418455, 1.514215168311006 ], [ 103.654632508480049, 1.514208151037709 ], [ 103.65464100607484, 1.514201278895961 ], [ 103.654649620687294, 1.514194553920114 ], [ 103.654658349767246, 1.514187978100955 ], [ 103.654667190730621, 1.514181553385116 ], [ 103.654676140960277, 1.514175281674497 ], [ 103.654685197806671, 1.514169164825706 ], [ 103.654694358588699, 1.514163204649505 ], [ 103.654703620594532, 1.51415740291028 ], [ 103.654712981082369, 1.514151761325511 ], [ 103.65472243728118, 1.514146281565271 ], [ 103.65473198639171, 1.514140965251726 ], [ 103.654741625587121, 1.514135813958659 ], [ 103.65475135201396, 1.514130829211001 ], [ 103.654761162792923, 1.514126012484382 ], [ 103.654643623240418, 1.514002918800648 ] ] ] ] } },
{ "type": "Feature", "properties": { "id": null, "FloorLevel": "4", "Zone": "Orange", "ShopName": null, "LotNo": null, "Type": "Toilet", "Category": null, "layer": "Level4_TasekCentral", "path": "C:\\Users\\Stephanie\\Documents\\001 Tasek Mall\\04 GIS\\Level4_TasekCentral.shp" }, "geometry": { "type": "MultiPolygon", "coordinates": [ [ [ [ 103.654228089584308, 1.514427890662169 ], [ 103.654227072876196, 1.514426829450437 ], [ 103.654192908065184, 1.5144595386427 ], [ 103.654227907086934, 1.514496640259079 ], [ 103.654235398274082, 1.51450445935349 ], [ 103.654269848224502, 1.514471477171754 ], [ 103.654228089584308, 1.514427890662169 ] ] ] ] } },
{ "type": "Feature", "properties": { "id": null, "FloorLevel": "4", "Zone": "Orange", "ShopName": null, "LotNo": null, "Type": "Toilet", "Category": null, "layer": "Level4_TasekCentral", "path": "C:\\Users\\Stephanie\\Documents\\001 Tasek Mall\\04 GIS\\Level4_TasekCentral.shp" }, "geometry": { "type": "MultiPolygon", "coordinates": [ [ [ [ 103.654251694834826, 1.514403256529583 ], [ 103.654240916574608, 1.514413575573662 ], [ 103.654227072876196, 1.514426829450437 ], [ 103.654269848224502, 1.514471477171754 ], [ 103.654294470182705, 1.514447904251664 ], [ 103.654251694834826, 1.514403256529583 ] ] ] ] } },
{ "type": "Feature", "properties": { "id": null, "FloorLevel": "4", "Zone": "Orange", "ShopName": null, "LotNo": null, "Type": "Nursing Room", "Category": null, "layer": "Level4_TasekCentral", "path": "C:\\Users\\Stephanie\\Documents\\001 Tasek Mall\\04 GIS\\Level4_TasekCentral.shp" }, "geometry": { "type": "MultiPolygon", "coordinates": [ [ [ [ 103.654278185583465, 1.514403677739292 ], [ 103.654289200928545, 1.514393131711678 ], [ 103.654276316793514, 1.514379683608474 ], [ 103.654265301448476, 1.514390229636313 ], [ 103.654278185583465, 1.514403677739292 ] ] ] ] } },
{ "type": "Feature", "properties": { "id": null, "FloorLevel": "4", "Zone": "Yellow", "ShopName": null, "LotNo": null, "Type": "Lift", "Category": null, "layer": "Level4_TasekCentral", "path": "C:\\Users\\Stephanie\\Documents\\001 Tasek Mall\\04 GIS\\Level4_TasekCentral.shp" }, "geometry": { "type": "MultiPolygon", "coordinates": [ [ [ [ 103.654331223674518, 1.514467713707634 ], [ 103.654307477687027, 1.514490447979065 ], [ 103.654325767251336, 1.514509538117708 ], [ 103.654349513238685, 1.51448680384607 ], [ 103.654331223674518, 1.514467713707634 ] ] ] ] } },
{ "type": "Feature", "properties": { "id": null, "FloorLevel": "4", "Zone": "Yellow", "ShopName": null, "LotNo": null, "Type": "Lift", "Category": null, "layer": "Level4_TasekCentral", "path": "C:\\Users\\Stephanie\\Documents\\001 Tasek Mall\\04 GIS\\Level4_TasekCentral.shp" }, "geometry": { "type": "MultiPolygon", "coordinates": [ [ [ [ 103.654325767251336, 1.514509538117708 ], [ 103.654307477687027, 1.514490447979065 ], [ 103.654283731699564, 1.514513182250258 ], [ 103.654302021263959, 1.514532272388725 ], [ 103.654313894257612, 1.514520905253246 ], [ 103.654325767251336, 1.514509538117708 ] ] ] ] } },
{ "type": "Feature", "properties": { "id": null, "FloorLevel": "4", "Zone": null, "ShopName": null, "LotNo": null, "Type": "Escalator", "Category": null, "layer": "Level4_TasekCentral", "path": "C:\\Users\\Stephanie\\Documents\\001 Tasek Mall\\04 GIS\\Level4_TasekCentral.shp" }, "geometry": { "type": "MultiPolygon", "coordinates": [ [ [ [ 103.65442779357258, 1.514436860779599 ], [ 103.654373344396376, 1.514380028271798 ], [ 103.654359080968106, 1.514393684003535 ], [ 103.654413530144254, 1.514450516511034 ], [ 103.65442779357258, 1.514436860779599 ] ] ] ] } },
{ "type": "Feature", "properties": { "id": null, "FloorLevel": "4", "Zone": null, "ShopName": null, "LotNo": null, "Type": "Escalator", "Category": null, "layer": "Level4_TasekCentral", "path": "C:\\Users\\Stephanie\\Documents\\001 Tasek Mall\\04 GIS\\Level4_TasekCentral.shp" }, "geometry": { "type": "MultiPolygon", "coordinates": [ [ [ [ 103.654373344396376, 1.514380028271798 ], [ 103.65442779357258, 1.514436860779599 ], [ 103.654442057000793, 1.514423205048278 ], [ 103.65442335659445, 1.514403686093833 ], [ 103.654387607824674, 1.514366372539975 ], [ 103.654373344396376, 1.514380028271798 ] ] ] ] } },
{ "type": "Feature", "properties": { "id": null, "FloorLevel": "4", "Zone": null, "ShopName": null, "LotNo": null, "Type": "Back of House", "Category": null, "layer": "Level4_TasekCentral", "path": "C:\\Users\\Stephanie\\Documents\\001 Tasek Mall\\04 GIS\\Level4_TasekCentral.shp" }, "geometry": { "type": "MultiPolygon", "coordinates": [ [ [ [ 103.654569639446734, 1.514813137910173 ], [ 103.654604953792926, 1.514779328152522 ], [ 103.654616091435486, 1.514768665035669 ], [ 103.654509497857887, 1.514657405672306 ], [ 103.654442961111428, 1.514721107584099 ], [ 103.65454955462485, 1.514832366987757 ], [ 103.654569639446734, 1.514813137910173 ] ] ] ] } },
{ "type": "Feature", "properties": { "id": null, "FloorLevel": "4", "Zone": null, "ShopName": null, "LotNo": null, "Type": "Back of House", "Category": null, "layer": "Level4_TasekCentral", "path": "C:\\Users\\Stephanie\\Documents\\001 Tasek Mall\\04 GIS\\Level4_TasekCentral.shp" }, "geometry": { "type": "MultiPolygon", "coordinates": [ [ [ [ 103.654510462413199, 1.5146584124479 ], [ 103.65444862724722, 1.514593870472065 ], [ 103.65441403145374, 1.514557760260611 ], [ 103.654399504529721, 1.514542597425709 ], [ 103.65433296752127, 1.514606299419469 ], [ 103.654368582560821, 1.514643473402368 ], [ 103.654368582621728, 1.514643473344051 ], [ 103.654442961111428, 1.514721107584099 ], [ 103.654509497857887, 1.514657405672306 ], [ 103.654510462413199, 1.5146584124479 ] ] ] ] } },
{ "type": "Feature", "properties": { "id": null, "FloorLevel": "4", "Zone": null, "ShopName": null, "LotNo": null, "Type": "Back of House", "Category": null, "layer": "Level4_TasekCentral", "path": "C:\\Users\\Stephanie\\Documents\\001 Tasek Mall\\04 GIS\\Level4_TasekCentral.shp" }, "geometry": { "type": "MultiPolygon", "coordinates": [ [ [ [ 103.654970591048141, 1.513794727831508 ], [ 103.655008170446607, 1.513758749497981 ], [ 103.654950259798369, 1.513698303990333 ], [ 103.654950259798369, 1.513698303990335 ], [ 103.654950259798483, 1.513698303990457 ], [ 103.654906873454607, 1.513739841866018 ], [ 103.654923538350857, 1.513757236216349 ], [ 103.654929345296097, 1.513751676675127 ], [ 103.654961590322657, 1.513785333127298 ], [ 103.654970591048141, 1.513794727831508 ] ] ] ] } },
{ "type": "Feature", "properties": { "id": null, "FloorLevel": "4", "Zone": "Pink", "ShopName": null, "LotNo": null, "Type": "Lift", "Category": null, "layer": "Level4_TasekCentral", "path": "C:\\Users\\Stephanie\\Documents\\001 Tasek Mall\\04 GIS\\Level4_TasekCentral.shp" }, "geometry": { "type": "MultiPolygon", "coordinates": [ [ [ [ 103.65521576472868, 1.514099673014216 ], [ 103.655234385682093, 1.514119180714716 ], [ 103.65525694844807, 1.514097659011916 ], [ 103.655257779365925, 1.514096866433245 ], [ 103.655239158385939, 1.514077358335328 ], [ 103.655238324229401, 1.514078154278941 ], [ 103.65521576472868, 1.514099673014216 ] ] ] ] } },
{ "type": "Feature", "properties": { "id": null, "FloorLevel": "4", "Zone": "Pink", "ShopName": null, "LotNo": null, "Type": "Lift", "Category": null, "layer": "Level4_TasekCentral", "path": "C:\\Users\\Stephanie\\Documents\\001 Tasek Mall\\04 GIS\\Level4_TasekCentral.shp" }, "geometry": { "type": "MultiPolygon", "coordinates": [ [ [ [ 103.65521576472868, 1.514099673014216 ], [ 103.655192371071408, 1.514121987692874 ], [ 103.65521099162892, 1.514141495347881 ], [ 103.655234385682093, 1.514119180714716 ], [ 103.65521576472868, 1.514099673014216 ] ] ] ] } },
{ "type": "Feature", "properties": { "id": null, "FloorLevel": "4", "Zone": null, "ShopName": null, "LotNo": null, "Type": "Escalator", "Category": null, "layer": "Level4_TasekCentral", "path": "C:\\Users\\Stephanie\\Documents\\001 Tasek Mall\\04 GIS\\Level4_TasekCentral.shp" }, "geometry": { "type": "MultiPolygon", "coordinates": [ [ [ [ 103.655278828594177, 1.513718526421497 ], [ 103.65528434269693, 1.513713247235822 ], [ 103.655289856799683, 1.513707968050134 ], [ 103.655226803654273, 1.513642155075581 ], [ 103.65522128955152, 1.513647434261385 ], [ 103.655215775448781, 1.513652713447176 ], [ 103.655215775448738, 1.513652713447244 ], [ 103.655278828594177, 1.513718526421497 ] ] ] ] } },
{ "type": "Feature", "properties": { "id": null, "FloorLevel": "4", "Zone": null, "ShopName": null, "LotNo": null, "Type": "Escalator", "Category": null, "layer": "Level4_TasekCentral", "path": "C:\\Users\\Stephanie\\Documents\\001 Tasek Mall\\04 GIS\\Level4_TasekCentral.shp" }, "geometry": { "type": "MultiPolygon", "coordinates": [ [ [ [ 103.655215775448767, 1.513652713447186 ], [ 103.655210261345985, 1.513657992633029 ], [ 103.655204747243189, 1.513663271818857 ], [ 103.655267800388643, 1.513729084792803 ], [ 103.655273710833484, 1.513723426150423 ], [ 103.655278828594177, 1.513718526421496 ], [ 103.65527858103755, 1.513718268029345 ], [ 103.655215775448738, 1.513652713447244 ], [ 103.655215775448781, 1.513652713447176 ], [ 103.655215775448767, 1.513652713447186 ] ] ] ] } },
{ "type": "Feature", "properties": { "id": null, "FloorLevel": "4", "Zone": "Yellow/Pink", "ShopName": "Cosmo Seeds", "LotNo": null, "Type": "Shop", "Category": null, "layer": "Level4_TasekCentral", "path": "C:\\Users\\Stephanie\\Documents\\001 Tasek Mall\\04 GIS\\Level4_TasekCentral.shp" }, "geometry": { "type": "MultiPolygon", "coordinates": [ [ [ [ 103.655226300573219, 1.514231219423108 ], [ 103.655129491112262, 1.514129835402763 ], [ 103.654995707447242, 1.514257493399153 ], [ 103.654918709603024, 1.514176857158771 ], [ 103.654872583110944, 1.514220871617071 ], [ 103.654821638909027, 1.514167520136897 ], [ 103.65441403145374, 1.514557760260604 ], [ 103.65441403145374, 1.514557760260611 ], [ 103.65444862724722, 1.514593870472065 ], [ 103.654510462413199, 1.5146584124479 ], [ 103.654529938098477, 1.514678740618139 ], [ 103.654616091435486, 1.514768665035669 ], [ 103.654604953792926, 1.514779328152522 ], [ 103.654569639446734, 1.514813137910173 ], [ 103.654603477277476, 1.514780741791167 ], [ 103.65464965334121, 1.514828938703897 ], [ 103.655102242044364, 1.514395629526769 ], [ 103.655071575871503, 1.514363621277161 ], [ 103.655152369329073, 1.514286283036556 ], [ 103.655160114947861, 1.514294369075605 ], [ 103.655161198224107, 1.514293335489904 ], [ 103.655226300573219, 1.514231219423108 ] ] ] ] } },
{ "type": "Feature", "properties": { "id": null, "FloorLevel": "4", "Zone": null, "ShopName": null, "LotNo": null, "Type": "Back of House", "Category": null, "layer": "Level4_TasekCentral", "path": "C:\\Users\\Stephanie\\Documents\\001 Tasek Mall\\04 GIS\\Level4_TasekCentral.shp" }, "geometry": { "type": "MultiPolygon", "coordinates": [ [ [ [ 103.654621819221902, 1.514023792894536 ], [ 103.654645855115845, 1.514000781066232 ], [ 103.654638183239754, 1.514008127372342 ], [ 103.654658507799894, 1.513988667461371 ], [ 103.654652518586062, 1.513982416499485 ], [ 103.654643906412844, 1.5139734273561 ], [ 103.654635294239696, 1.513964438212678 ], [ 103.65462264177539, 1.513976551619331 ], [ 103.654598605881006, 1.51399956346556 ], [ 103.654621819221902, 1.514023792894536 ] ] ] ] } },
{ "type": "Feature", "properties": { "id": null, "FloorLevel": "4", "Zone": null, "ShopName": null, "LotNo": null, "Type": "Void", "Category": null, "layer": "Level4_TasekCentral", "path": "C:\\Users\\Stephanie\\Documents\\001 Tasek Mall\\04 GIS\\Level4_TasekCentral.shp" }, "geometry": { "type": "MultiPolygon", "coordinates": [ [ [ [ 103.654570911096798, 1.514378896686434 ], [ 103.654511322453487, 1.514340848682548 ], [ 103.654508245231654, 1.514345363499511 ], [ 103.654502247106635, 1.514354497646158 ], [ 103.654496407075911, 1.514363733601549 ], [ 103.654490726868289, 1.514373068631577 ], [ 103.654485208165269, 1.514382499972802 ], [ 103.654479852600559, 1.514392024833279 ], [ 103.654474661759551, 1.514401640393374 ], [ 103.654469637178877, 1.514411343806605 ], [ 103.654500787418698, 1.514445867878632 ], [ 103.654570911096798, 1.514378896686434 ] ] ] ] } },
{ "type": "Feature", "properties": { "id": null, "FloorLevel": "4", "Zone": null, "ShopName": null, "LotNo": null, "Type": "Void", "Category": null, "layer": "Level4_TasekCentral", "path": "C:\\Users\\Stephanie\\Documents\\001 Tasek Mall\\04 GIS\\Level4_TasekCentral.shp" }, "geometry": { "type": "MultiPolygon", "coordinates": [ [ [ [ 103.654666224974164, 1.514182255198976 ], [ 103.654705112297478, 1.514250728646085 ], [ 103.654796714697014, 1.514163244331643 ], [ 103.654780331086059, 1.514146086541821 ], [ 103.654761162792923, 1.514126012484382 ], [ 103.65475135201396, 1.514130829211001 ], [ 103.654741625587121, 1.514135813958659 ], [ 103.65473198639171, 1.514140965251726 ], [ 103.65472243728118, 1.514146281565271 ], [ 103.654712981082369, 1.514151761325511 ], [ 103.654703620594532, 1.51415740291028 ], [ 103.654694358588699, 1.514163204649505 ], [ 103.654685197806671, 1.514169164825706 ], [ 103.654676140960277, 1.514175281674497 ], [ 103.654667190730621, 1.514181553385116 ], [ 103.654666224974164, 1.514182255198976 ] ] ] ] } },
{ "type": "Feature", "properties": { "id": null, "FloorLevel": "4", "Zone": null, "ShopName": null, "LotNo": null, "Type": "Walkway", "Category": null, "layer": "Level4_TasekCentral", "path": "C:\\Users\\Stephanie\\Documents\\001 Tasek Mall\\04 GIS\\Level4_TasekCentral.shp" }, "geometry": { "type": "MultiPolygon", "coordinates": [ [ [ [ 103.654705112297478, 1.514250728646085 ], [ 103.654666224974164, 1.514182255198976 ], [ 103.654658349767246, 1.514187978100955 ], [ 103.654649620687294, 1.514194553920114 ], [ 103.65464100607484, 1.514201278895961 ], [ 103.654683521347948, 1.514271348951096 ], [ 103.654705112297478, 1.514250728646085 ] ] ] ] } },
{ "type": "Feature", "properties": { "id": null, "FloorLevel": "4", "Zone": null, "ShopName": null, "LotNo": null, "Type": "Walkway", "Category": null, "layer": "Level4_TasekCentral", "path": "C:\\Users\\Stephanie\\Documents\\001 Tasek Mall\\04 GIS\\Level4_TasekCentral.shp" }, "geometry": { "type": "MultiPolygon", "coordinates": [ [ [ [ 103.654281066046281, 1.514552334792569 ], [ 103.654302021263717, 1.514532272388473 ], [ 103.654283731699564, 1.514513182250258 ], [ 103.654307477687027, 1.514490447979065 ], [ 103.654331223674518, 1.514467713707634 ], [ 103.654349513238685, 1.51448680384607 ], [ 103.654349513238671, 1.514486803846077 ], [ 103.65440131263135, 1.514540870610314 ], [ 103.654500787418698, 1.514445867878632 ], [ 103.654469637178877, 1.514411343806605 ], [ 103.654474661759551, 1.514401640393374 ], [ 103.654479852600559, 1.514392024833279 ], [ 103.654485208165269, 1.514382499972802 ], [ 103.654490726868289, 1.514373068631577 ], [ 103.654496407075911, 1.514363733601549 ], [ 103.654502247106635, 1.514354497646158 ], [ 103.654508245231654, 1.514345363499511 ], [ 103.654511322453487, 1.514340848682548 ], [ 103.654570911096798, 1.514378896686434 ], [ 103.654591905767845, 1.514358845853567 ], [ 103.654531123138213, 1.51431544485309 ], [ 103.654530114566199, 1.51431472469611 ], [ 103.654474377432763, 1.514269693564146 ], [ 103.654475562496202, 1.514220784457969 ], [ 103.654467337238415, 1.514211967422073 ], [ 103.654447491216047, 1.514190693548824 ], [ 103.654447491338317, 1.514190693419839 ], [ 103.654480458715355, 1.51415913064037 ], [ 103.654480458715355, 1.514159130640369 ], [ 103.654431921272618, 1.514205600112274 ], [ 103.65418046234818, 1.51444634545787 ], [ 103.654180389442729, 1.514446268172476 ], [ 103.654180389442715, 1.514446268172493 ], [ 103.654192907950048, 1.514459538753284 ], [ 103.654227072876196, 1.514426829450437 ], [ 103.654240916574608, 1.514413575573662 ], [ 103.654251694834826, 1.514403256529583 ], [ 103.654281952420448, 1.514434838558506 ], [ 103.654295559034111, 1.514421811665456 ], [ 103.654287508257113, 1.514413408487636 ], [ 103.654278185583465, 1.514403677739292 ], [ 103.654265301448476, 1.514390229636313 ], [ 103.654276316793514, 1.514379683608474 ], [ 103.654289200928545, 1.514393131711678 ], [ 103.654292459076473, 1.514396532476209 ], [ 103.654298523602151, 1.514402862460022 ], [ 103.654319092141293, 1.514424331330532 ], [ 103.654308076796212, 1.514434877358379 ], [ 103.654294470182705, 1.514447904251664 ], [ 103.654269848224502, 1.514471477171754 ], [ 103.654235398274082, 1.51450445935349 ], [ 103.65422789042205, 1.514496622864726 ], [ 103.654248677131477, 1.514518658375795 ], [ 103.654281066046281, 1.514552334792569 ] ], [ [ 103.654387607824674, 1.514366372539975 ], [ 103.65442335659445, 1.514403686093833 ], [ 103.654442057000793, 1.514423205048278 ], [ 103.65442779357258, 1.514436860779599 ], [ 103.654413530144254, 1.514450516511034 ], [ 103.654359080968106, 1.514393684003535 ], [ 103.654373344396376, 1.514380028271798 ], [ 103.654387607824674, 1.514366372539975 ] ] ] ] } },
{ "type": "Feature", "properties": { "id": null, "FloorLevel": "4", "Zone": null, "ShopName": null, "LotNo": null, "Type": "Back of House", "Category": null, "layer": "Level4_TasekCentral", "path": "C:\\Users\\Stephanie\\Documents\\001 Tasek Mall\\04 GIS\\Level4_TasekCentral.shp" }, "geometry": { "type": "MultiPolygon", "coordinates": [ [ [ [ 103.65530223201749, 1.514145083494266 ], [ 103.655314487015843, 1.514157917883196 ], [ 103.655359006201991, 1.514115436355954 ], [ 103.655282849457777, 1.514035682416667 ], [ 103.655239158385939, 1.514077358335328 ], [ 103.655257779365925, 1.514096866433245 ], [ 103.65525694844807, 1.514097659011916 ], [ 103.65530223201749, 1.514145083494266 ] ] ] ] } },
{ "type": "Feature", "properties": { "id": null, "FloorLevel": "4", "Zone": "Yellow", "ShopName": null, "LotNo": null, "Type": "Back of House", "Category": null, "layer": "Level4_TasekCentral", "path": "C:\\Users\\Stephanie\\Documents\\001 Tasek Mall\\04 GIS\\Level4_TasekCentral.shp" }, "geometry": { "type": "MultiPolygon", "coordinates": [ [ [ [ 103.654302021263717, 1.514532272388473 ], [ 103.654281066046281, 1.514552334792569 ], [ 103.654332967521256, 1.514606299419468 ], [ 103.65433296752127, 1.514606299419469 ], [ 103.654399504529721, 1.514542597425709 ], [ 103.65440131263135, 1.514540870610314 ], [ 103.654349513238671, 1.514486803846077 ], [ 103.654325767251336, 1.514509538117708 ], [ 103.654313894257612, 1.514520905253246 ], [ 103.654302021263959, 1.514532272388725 ], [ 103.654302021263717, 1.514532272388473 ] ] ] ] } },
{ "type": "Feature", "properties": { "id": null, "FloorLevel": "4", "Zone": "Orange", "ShopName": null, "LotNo": null, "Type": "Toilet", "Category": null, "layer": "Level4_TasekCentral", "path": "C:\\Users\\Stephanie\\Documents\\001 Tasek Mall\\04 GIS\\Level4_TasekCentral.shp" }, "geometry": { "type": "MultiPolygon", "coordinates": [ [ [ [ 103.654308076796212, 1.514434877358379 ], [ 103.654295559034111, 1.514421811665455 ], [ 103.654295559034111, 1.514421811665456 ], [ 103.654281952420405, 1.514434838558552 ], [ 103.654294470182705, 1.514447904251664 ], [ 103.654308076796212, 1.514434877358379 ] ] ] ] } },
{ "type": "Feature", "properties": { "id": null, "FloorLevel": "4", "Zone": "Orange", "ShopName": null, "LotNo": null, "Type": "Back of House", "Category": null, "layer": "Level4_TasekCentral", "path": "C:\\Users\\Stephanie\\Documents\\001 Tasek Mall\\04 GIS\\Level4_TasekCentral.shp" }, "geometry": { "type": "MultiPolygon", "coordinates": [ [ [ [ 103.654289200928545, 1.514393131711678 ], [ 103.654278185583465, 1.514403677739292 ], [ 103.654287508257113, 1.514413408487636 ], [ 103.654295559034111, 1.514421811665455 ], [ 103.654308076796212, 1.514434877358379 ], [ 103.654319092141293, 1.514424331330532 ], [ 103.654298523602151, 1.514402862460022 ], [ 103.654292459076473, 1.514396532476209 ], [ 103.654289200928545, 1.514393131711678 ] ] ] ] } },
{ "type": "Feature", "properties": { "id": null, "FloorLevel": "4", "Zone": null, "ShopName": null, "LotNo": null, "Type": "Escalator", "Category": null, "layer": "Level4_TasekCentral", "path": "C:\\Users\\Stephanie\\Documents\\001 Tasek Mall\\04 GIS\\Level4_TasekCentral.shp" }, "geometry": { "type": "MultiPolygon", "coordinates": [ ] } },
{ "type": "Feature", "properties": { "id": null, "FloorLevel": "4", "Zone": null, "ShopName": null, "LotNo": null, "Type": "Walkway", "Category": null, "layer": "Level4_TasekCentral", "path": "C:\\Users\\Stephanie\\Documents\\001 Tasek Mall\\04 GIS\\Level4_TasekCentral.shp" }, "geometry": { "type": "MultiPolygon", "coordinates": [ [ [ [ 103.655711404891335, 1.514207193177647 ], [ 103.655715603920072, 1.514203241247199 ], [ 103.65569118312213, 1.51417731257698 ], [ 103.655642585419244, 1.514125714187224 ], [ 103.655628459055933, 1.514110715585288 ], [ 103.655617100190454, 1.514098655361413 ], [ 103.655591614961651, 1.514071596535263 ], [ 103.655567287671914, 1.514045767144555 ], [ 103.655542960382192, 1.514019937753539 ], [ 103.655518912641227, 1.513994405172477 ], [ 103.655496040438692, 1.513970120713801 ], [ 103.655470842605411, 1.513943367027328 ], [ 103.655446820310544, 1.513917861463244 ], [ 103.655431118276454, 1.513901189898948 ], [ 103.655415416242334, 1.513884518334524 ], [ 103.655426765077308, 1.513873729387472 ], [ 103.655426765077308, 1.513873653209899 ], [ 103.655506757853288, 1.513797069886673 ], [ 103.655538443299648, 1.513830142385763 ], [ 103.655562796360385, 1.513855561518882 ], [ 103.655586919153492, 1.513880740303641 ], [ 103.655594896826074, 1.513873102519086 ], [ 103.655630321469332, 1.513910615332545 ], [ 103.655643744830044, 1.513924829957562 ], [ 103.655692592834015, 1.513976557394805 ], [ 103.655724700754106, 1.514010557974291 ], [ 103.655742836733623, 1.514029763011705 ], [ 103.655733991333449, 1.514038110197025 ], [ 103.655734050262524, 1.51403817259978 ], [ 103.655783374365129, 1.514090543309498 ], [ 103.655832218170531, 1.514142404884028 ], [ 103.65583261304549, 1.514142823320682 ], [ 103.655832612639927, 1.514142823702382 ], [ 103.655812633883102, 1.514161627079671 ], [ 103.655833747950581, 1.514183665043362 ], [ 103.655893635346061, 1.514246172952907 ], [ 103.655976709374301, 1.514166638298518 ], [ 103.655961846706361, 1.514151125066387 ], [ 103.655947071792497, 1.514135703429331 ], [ 103.655846511402274, 1.514030741336478 ], [ 103.655946775727358, 1.514135986882414 ], [ 103.655903998440465, 1.514176941902974 ], [ 103.655803437918735, 1.514071979675085 ], [ 103.655741259919566, 1.514007080033774 ], [ 103.655735075666257, 1.514000625084743 ], [ 103.655720272455554, 1.513985173911223 ], [ 103.655705469244879, 1.513969722737593 ], [ 103.655697036881023, 1.5139609212741 ], [ 103.655679861062879, 1.513942993639534 ], [ 103.655695292437954, 1.51392821971707 ], [ 103.655683937306861, 1.513916367551294 ], [ 103.65568026856009, 1.513912538216832 ], [ 103.655664837185, 1.513927312139385 ], [ 103.655635557719549, 1.513896751058569 ], [ 103.655604287424339, 1.513864112006369 ], [ 103.655597513702233, 1.513857041785918 ], [ 103.655555785647664, 1.513813487216528 ], [ 103.655582251532238, 1.513788148907739 ], [ 103.655598859130563, 1.513772248873703 ], [ 103.655577211452254, 1.513749653635644 ], [ 103.655570615401075, 1.51374276988609 ], [ 103.655535803748194, 1.513776096824267 ], [ 103.655514428698154, 1.513753785097287 ], [ 103.655260368144866, 1.513997020530508 ], [ 103.655285703415203, 1.514023464861752 ], [ 103.65531117101726, 1.513999172353349 ], [ 103.655343138093301, 1.514032662366911 ], [ 103.655367853085721, 1.51400908774227 ], [ 103.655408406609126, 1.514051573270442 ], [ 103.655434396420659, 1.514078801257481 ], [ 103.65545830632324, 1.514103850246014 ], [ 103.655482642901347, 1.514129346237887 ], [ 103.655506979479995, 1.514154842230044 ], [ 103.655532015079444, 1.514181070544573 ], [ 103.655556664266868, 1.514206894037815 ], [ 103.655605310745187, 1.514257858069997 ], [ 103.655563495307689, 1.514297744108119 ], [ 103.655547545576738, 1.514312957904584 ], [ 103.655563185111177, 1.51432934251266 ], [ 103.655563131186099, 1.514329394140082 ], [ 103.655569725155829, 1.514336276910726 ], [ 103.655604538017414, 1.514302950120524 ], [ 103.655625913358648, 1.514325263013697 ], [ 103.655631408465851, 1.514320002272422 ], [ 103.655631408369231, 1.514320002171567 ], [ 103.655637227203556, 1.514314431441826 ], [ 103.655729344841674, 1.514226241530427 ], [ 103.655711404891335, 1.514207193177647 ] ], [ [ 103.655599045138359, 1.514161684737465 ], [ 103.65560132039829, 1.514162449701791 ], [ 103.655603203767498, 1.51416336426636 ], [ 103.655609018221128, 1.514165354105 ], [ 103.655613718319998, 1.514165357240442 ], [ 103.65561314912766, 1.514162711420242 ], [ 103.655620435307156, 1.514161145047037 ], [ 103.655627721486695, 1.51415957867383 ], [ 103.655623225687933, 1.514138680509525 ], [ 103.655629028322977, 1.514137433066741 ], [ 103.655630316295088, 1.514137156180199 ], [ 103.655637798046968, 1.514135547763113 ], [ 103.655664769370901, 1.514260920624758 ], [ 103.655657483191362, 1.514262486997882 ], [ 103.655650197011838, 1.514264053371005 ], [ 103.655650894514366, 1.514267295625989 ], [ 103.655643608334913, 1.514268861999095 ], [ 103.655636322155445, 1.514270428372199 ], [ 103.65563295013942, 1.514254753973003 ], [ 103.655597005813235, 1.514217097233845 ], [ 103.655563519780586, 1.514182015902377 ], [ 103.655582999095515, 1.51414978389508 ], [ 103.655593017523756, 1.514157916984297 ], [ 103.655593137113598, 1.514158039739514 ], [ 103.655594920975787, 1.514159462231202 ], [ 103.655596900724632, 1.51416068365136 ], [ 103.655599045138359, 1.514161684737465 ] ], [ [ 103.655398183656274, 1.513911417901567 ], [ 103.655399288276641, 1.513916552592635 ], [ 103.655403006262162, 1.513913006157595 ], [ 103.655404103438116, 1.513911961734264 ], [ 103.655411471709058, 1.513919681042848 ], [ 103.65558201055785, 1.514098344504378 ], [ 103.655569615483572, 1.51411812320287 ], [ 103.655554327709723, 1.514142517753486 ], [ 103.655542478403092, 1.514160548161879 ], [ 103.655530524356962, 1.514147448555096 ], [ 103.655517591987277, 1.51413390007725 ], [ 103.655424950170783, 1.514036844730121 ], [ 103.655424948143775, 1.514036835228632 ], [ 103.655417765382452, 1.514038379369047 ], [ 103.655410582621144, 1.51403992350946 ], [ 103.655405579869552, 1.514016668838315 ], [ 103.655352619436826, 1.513961068098874 ], [ 103.655386637870649, 1.513928619299967 ], [ 103.655383611297239, 1.513914550647979 ], [ 103.655390897476735, 1.513912984274774 ], [ 103.655398183656274, 1.513911417901567 ] ], [ [ 103.655694728031023, 1.514216431912058 ], [ 103.655662276376006, 1.514247386221259 ], [ 103.655643763719027, 1.514163039623444 ], [ 103.655694728031023, 1.514216431912058 ] ] ] ] } },
{ "type": "Feature", "properties": { "id": null, "FloorLevel": "4", "Zone": null, "ShopName": null, "LotNo": null, "Type": "Escalator", "Category": null, "layer": "Level4_TasekCentral", "path": "C:\\Users\\Stephanie\\Documents\\001 Tasek Mall\\04 GIS\\Level4_TasekCentral.shp" }, "geometry": { "type": "MultiPolygon", "coordinates": [ [ [ [ 103.655650894514366, 1.514267295625989 ], [ 103.655627721486695, 1.51415957867383 ], [ 103.655620435307156, 1.514161145047037 ], [ 103.65561314912766, 1.514162711420242 ], [ 103.655613718319998, 1.514165357240442 ], [ 103.65563295013942, 1.514254753973001 ], [ 103.655636322155445, 1.514270428372199 ], [ 103.655643608334913, 1.514268861999095 ], [ 103.655650894514366, 1.514267295625989 ] ] ] ] } },
{ "type": "Feature", "properties": { "id": null, "FloorLevel": "4", "Zone": null, "ShopName": null, "LotNo": null, "Type": "Escalator", "Category": null, "layer": "Level4_TasekCentral", "path": "C:\\Users\\Stephanie\\Documents\\001 Tasek Mall\\04 GIS\\Level4_TasekCentral.shp" }, "geometry": { "type": "MultiPolygon", "coordinates": [ [ [ [ 103.655627721486695, 1.51415957867383 ], [ 103.655627721486695, 1.51415957867383 ], [ 103.655650197011838, 1.514264053371005 ], [ 103.655657483191362, 1.514262486997882 ], [ 103.655664769370901, 1.514260920624758 ], [ 103.655637798046968, 1.514135547763113 ], [ 103.655630316295088, 1.514137156180199 ], [ 103.655623225687933, 1.514138680509525 ], [ 103.655627721486695, 1.51415957867383 ] ] ] ] } },
{ "type": "Feature", "properties": { "id": null, "FloorLevel": "4", "Zone": null, "ShopName": null, "LotNo": null, "Type": "Void", "Category": null, "layer": "Level4_TasekCentral", "path": "C:\\Users\\Stephanie\\Documents\\001 Tasek Mall\\04 GIS\\Level4_TasekCentral.shp" }, "geometry": { "type": "MultiPolygon", "coordinates": [ [ [ [ 103.655627721486695, 1.51415957867383 ], [ 103.655620435307156, 1.514161145047037 ], [ 103.65561314912766, 1.514162711420242 ], [ 103.655627721486695, 1.51415957867383 ], [ 103.655627721486695, 1.51415957867383 ] ] ], [ [ [ 103.655613718319998, 1.514165357240442 ], [ 103.655609018221128, 1.514165354105 ], [ 103.655603203767498, 1.51416336426636 ], [ 103.65560132039829, 1.514162449701791 ], [ 103.655599045138359, 1.514161684737465 ], [ 103.655596900724632, 1.51416068365136 ], [ 103.655594920975787, 1.514159462231202 ], [ 103.655593137113598, 1.514158039739514 ], [ 103.655593017523756, 1.514157916984297 ], [ 103.655582999095515, 1.51414978389508 ], [ 103.655563519780586, 1.514182015902377 ], [ 103.655597005813235, 1.514217097233845 ], [ 103.65563295013942, 1.514254753973003 ], [ 103.655613718319998, 1.514165357240442 ] ] ], [ [ [ 103.655627721486695, 1.51415957867383 ], [ 103.655649278603789, 1.514259784265578 ], [ 103.655649278603889, 1.51425978426548 ], [ 103.655627721486695, 1.51415957867383 ] ] ] ] } },
{ "type": "Feature", "properties": { "id": null, "FloorLevel": "4", "Zone": "Green", "ShopName": "The Store", "LotNo": null, "Type": "Shop", "Category": "Department Store", "layer": "Level4_TasekCentral", "path": "C:\\Users\\Stephanie\\Documents\\001 Tasek Mall\\04 GIS\\Level4_TasekCentral.shp" }, "geometry": { "type": "MultiPolygon", "coordinates": [ [ [ [ 103.655210524790988, 1.513944995443868 ], [ 103.655260368144866, 1.513997020530508 ], [ 103.655514428698154, 1.513753785097287 ], [ 103.655514428698154, 1.513753785097291 ], [ 103.655549239623141, 1.513720457411001 ], [ 103.655249608515376, 1.513407709702764 ], [ 103.654950259798483, 1.513698303990454 ], [ 103.654950259798483, 1.513698303990457 ], [ 103.654950259798483, 1.513698303990457 ], [ 103.655008170446607, 1.513758749497981 ], [ 103.655198049159395, 1.513956939551949 ], [ 103.655210524790988, 1.513944995443868 ] ], [ [ 103.655204747243189, 1.513663271818857 ], [ 103.655210261345985, 1.513657992633029 ], [ 103.65522128955152, 1.513647434261385 ], [ 103.655226803654273, 1.513642155075581 ], [ 103.655289856799726, 1.513707968050173 ], [ 103.65528434269693, 1.513713247235822 ], [ 103.655273710833484, 1.513723426150423 ], [ 103.655267800388643, 1.513729084792803 ], [ 103.655204747243189, 1.513663271818857 ] ] ] ] } },
{ "type": "Feature", "properties": { "id": null, "FloorLevel": "4", "Zone": "Blue", "ShopName": "Tasek Central Management Office", "LotNo": "4-20", "Type": "Shop", "Category": null, "layer": "Level4_TasekCentral", "path": "C:\\Users\\Stephanie\\Documents\\001 Tasek Mall\\04 GIS\\Level4_TasekCentral.shp" }, "geometry": { "type": "MultiPolygon", "coordinates": [ [ [ [ 103.655642585419244, 1.514125714187224 ], [ 103.65569118312213, 1.51417731257698 ], [ 103.655783374365129, 1.514090543309498 ], [ 103.655734050262524, 1.51403817259978 ], [ 103.655683811835956, 1.514086256120136 ], [ 103.655683811835956, 1.514086256120136 ], [ 103.655642585419244, 1.514125714187224 ] ] ] ] } },
{ "type": "Feature", "properties": { "id": null, "FloorLevel": "4", "Zone": "Blue", "ShopName": null, "LotNo": null, "Type": "Back of House", "Category": null, "layer": "Level4_TasekCentral", "path": "C:\\Users\\Stephanie\\Documents\\001 Tasek Mall\\04 GIS\\Level4_TasekCentral.shp" }, "geometry": { "type": "MultiPolygon", "coordinates": [ [ [ [ 103.655752512674795, 1.513967460346675 ], [ 103.655731137291895, 1.513945148276379 ], [ 103.655705469244879, 1.513969722737593 ], [ 103.655735075666257, 1.514000625084743 ], [ 103.655735075666257, 1.514000625084743 ], [ 103.655741259919566, 1.514007080033774 ], [ 103.655803437918735, 1.514071979675085 ], [ 103.655846511402274, 1.514030741336478 ], [ 103.655769918501264, 1.513950796877523 ], [ 103.655752512674795, 1.513967460346675 ] ] ] ] } },
{ "type": "Feature", "properties": { "id": null, "FloorLevel": "4", "Zone": "Blue", "ShopName": null, "LotNo": null, "Type": "Toilet", "Category": null, "layer": "Level4_TasekCentral", "path": "C:\\Users\\Stephanie\\Documents\\001 Tasek Mall\\04 GIS\\Level4_TasekCentral.shp" }, "geometry": { "type": "MultiPolygon", "coordinates": [ [ [ [ 103.655706731286415, 1.513917268219906 ], [ 103.655695292437954, 1.513928219717067 ], [ 103.655695292437954, 1.51392821971707 ], [ 103.655679861062879, 1.513942993639534 ], [ 103.655697036881023, 1.5139609212741 ], [ 103.655705469244879, 1.513969722737593 ], [ 103.655720272455554, 1.513985173911223 ], [ 103.655705469244879, 1.513969722737593 ], [ 103.65574854272333, 1.513928484402435 ], [ 103.655711579409953, 1.513889903137962 ], [ 103.655695376155336, 1.513905416054215 ], [ 103.655706731286415, 1.513917268219906 ] ] ] ] } },
{ "type": "Feature", "properties": { "id": null, "FloorLevel": "4", "Zone": "Green", "ShopName": null, "LotNo": null, "Type": "Back of House", "Category": null, "layer": "Level4_TasekCentral", "path": "C:\\Users\\Stephanie\\Documents\\001 Tasek Mall\\04 GIS\\Level4_TasekCentral.shp" }, "geometry": { "type": "MultiPolygon", "coordinates": [ [ [ [ 103.655582251532238, 1.513788148907739 ], [ 103.655555785647664, 1.513813487216528 ], [ 103.655597513702233, 1.513857041785918 ], [ 103.655604287424339, 1.513864112006369 ], [ 103.655623655043598, 1.513845569542702 ], [ 103.655614232390988, 1.513835734443018 ], [ 103.655621330656388, 1.513828938598473 ], [ 103.655582251532238, 1.513788148907739 ] ] ] ] } },
{ "type": "Feature", "properties": { "id": null, "FloorLevel": "4", "Zone": "Green", "ShopName": null, "LotNo": null, "Type": "Back of House", "Category": null, "layer": "Level4_TasekCentral", "path": "C:\\Users\\Stephanie\\Documents\\001 Tasek Mall\\04 GIS\\Level4_TasekCentral.shp" }, "geometry": { "type": "MultiPolygon", "coordinates": [ [ [ [ 103.655614232390988, 1.513835734443018 ], [ 103.655623655043598, 1.513845569542702 ], [ 103.655604287424339, 1.513864112006369 ], [ 103.655635557719549, 1.513896751058569 ], [ 103.655678631198427, 1.513855512721648 ], [ 103.655637938252667, 1.51381303856708 ], [ 103.655614232390988, 1.513835734443018 ] ] ] ] } },
{ "type": "Feature", "properties": { "id": null, "FloorLevel": "4", "Zone": "Green", "ShopName": null, "LotNo": null, "Type": "Back of House", "Category": null, "layer": "Level4_TasekCentral", "path": "C:\\Users\\Stephanie\\Documents\\001 Tasek Mall\\04 GIS\\Level4_TasekCentral.shp" }, "geometry": { "type": "MultiPolygon", "coordinates": [ [ [ [ 103.655621330656388, 1.513828938598473 ], [ 103.655637938252667, 1.51381303856708 ], [ 103.655598859130563, 1.513772248873703 ], [ 103.655582251532238, 1.513788148907739 ], [ 103.655621330656388, 1.513828938598473 ] ] ] ] } },
{ "type": "Feature", "properties": { "id": null, "FloorLevel": "4", "Zone": "Green", "ShopName": null, "LotNo": null, "Type": "Toilet", "Category": null, "layer": "Level4_TasekCentral", "path": "C:\\Users\\Stephanie\\Documents\\001 Tasek Mall\\04 GIS\\Level4_TasekCentral.shp" }, "geometry": { "type": "MultiPolygon", "coordinates": [ [ [ [ 103.65568026856009, 1.513912538216832 ], [ 103.655683937306861, 1.513916367551293 ], [ 103.655711579409953, 1.513889903137962 ], [ 103.655678631198427, 1.513855512721648 ], [ 103.655635557719549, 1.513896751058569 ], [ 103.655664837185, 1.513927312139385 ], [ 103.65568026856009, 1.513912538216832 ] ] ] ] } },
{ "type": "Feature", "properties": { "id": null, "FloorLevel": "4", "Zone": "Blue", "ShopName": null, "LotNo": null, "Type": "Toilet", "Category": null, "layer": "Level4_TasekCentral", "path": "C:\\Users\\Stephanie\\Documents\\001 Tasek Mall\\04 GIS\\Level4_TasekCentral.shp" }, "geometry": { "type": "MultiPolygon", "coordinates": [ [ [ [ 103.655683937306861, 1.513916367551294 ], [ 103.655695292437954, 1.51392821971707 ], [ 103.655695292437954, 1.513928219717073 ], [ 103.655695292437997, 1.51392821971712 ], [ 103.655706731286415, 1.513917268219906 ], [ 103.655695376155336, 1.513905416054215 ], [ 103.655683937306861, 1.513916367551293 ], [ 103.65568026856009, 1.513912538216832 ], [ 103.655683937306861, 1.513916367551294 ] ] ] ] } },
{ "type": "Feature", "properties": { "id": null, "FloorLevel": "4", "Zone": "Green", "ShopName": "Eiffel Beauty and Nails Beauty", "LotNo": "4-02", "Type": "Shop", "Category": "Beauty and Wellness", "layer": "Level4_TasekCentral", "path": "C:\\Users\\Stephanie\\Documents\\001 Tasek Mall\\04 GIS\\Level4_TasekCentral.shp" }, "geometry": { "type": "MultiPolygon", "coordinates": [ [ [ [ 103.655358224110799, 1.514079969613802 ], [ 103.655367952162848, 1.514090161117849 ], [ 103.655408406609126, 1.514051573270442 ], [ 103.655367853085721, 1.51400908774227 ], [ 103.655343138093301, 1.514032662366911 ], [ 103.655343138093258, 1.514032662366861 ], [ 103.655327398638491, 1.514047675591637 ], [ 103.655358224110799, 1.514079969613802 ] ] ] ] } },
{ "type": "Feature", "properties": { "id": null, "FloorLevel": "4", "Zone": "Purple", "ShopName": "Roy Image Hair Saloon", "LotNo": "4-09", "Type": "Shop", "Category": "Beauty and Wellness", "layer": "Level4_TasekCentral", "path": "C:\\Users\\Stephanie\\Documents\\001 Tasek Mall\\04 GIS\\Level4_TasekCentral.shp" }, "geometry": { "type": "MultiPolygon", "coordinates": [ [ [ [ 103.655556664266868, 1.514206894037815 ], [ 103.655514848828943, 1.514246780076264 ], [ 103.655563495307689, 1.514297744108119 ], [ 103.655605310745187, 1.514257858069997 ], [ 103.655556664266868, 1.514206894037815 ] ] ] ] } },
{ "type": "Feature", "properties": { "id": null, "FloorLevel": "4", "Zone": "Purple", "ShopName": null, "LotNo": null, "Type": "Back of House", "Category": null, "layer": "Level4_TasekCentral", "path": "C:\\Users\\Stephanie\\Documents\\001 Tasek Mall\\04 GIS\\Level4_TasekCentral.shp" }, "geometry": { "type": "MultiPolygon", "coordinates": [ [ [ [ 103.655525767879283, 1.514258219318093 ], [ 103.655509818147564, 1.514273433115511 ], [ 103.655515709679761, 1.514279605323886 ], [ 103.655547545576738, 1.514312957904584 ], [ 103.655547545576738, 1.514312957904584 ], [ 103.655563495307689, 1.514297744108119 ], [ 103.655543204862511, 1.51427648701177 ], [ 103.655525767879283, 1.514258219318093 ] ] ] ] } },
{ "type": "Feature", "properties": { "id": null, "FloorLevel": "4", "Zone": "Purple", "ShopName": "Yujins Hairdressing Studio", "LotNo": "4-05", "Type": "Shop", "Category": "Beauty and Wellness", "layer": "Level4_TasekCentral", "path": "C:\\Users\\Stephanie\\Documents\\001 Tasek Mall\\04 GIS\\Level4_TasekCentral.shp" }, "geometry": { "type": "MultiPolygon", "coordinates": [ [ [ [ 103.655482642901347, 1.514129346237887 ], [ 103.65545830632324, 1.514103850246014 ], [ 103.655400541151778, 1.514158950086539 ], [ 103.655424877730141, 1.514184446077828 ], [ 103.655482642901347, 1.514129346237887 ] ] ] ] } },
{ "type": "Feature", "properties": { "id": null, "FloorLevel": "4", "Zone": "Purple", "ShopName": "JStyle Nails", "LotNo": "4-04", "Type": "Shop", "Category": "Beauty and Wellness", "layer": "Level4_TasekCentral", "path": "C:\\Users\\Stephanie\\Documents\\001 Tasek Mall\\04 GIS\\Level4_TasekCentral.shp" }, "geometry": { "type": "MultiPolygon", "coordinates": [ [ [ [ 103.655376631250519, 1.514133901097985 ], [ 103.655400541151778, 1.514158950086539 ], [ 103.65545830632324, 1.514103850246014 ], [ 103.655434396420659, 1.514078801257481 ], [ 103.655376631250519, 1.514133901097985 ] ] ] ] } },
{ "type": "Feature", "properties": { "id": null, "FloorLevel": "4", "Zone": null, "ShopName": null, "LotNo": null, "Type": "Back of House", "Category": null, "layer": "Level4_TasekCentral", "path": "C:\\Users\\Stephanie\\Documents\\001 Tasek Mall\\04 GIS\\Level4_TasekCentral.shp" }, "geometry": { "type": "MultiPolygon", "coordinates": [ [ [ [ 103.655327398638491, 1.514047675591637 ], [ 103.655343138093301, 1.514032662366911 ], [ 103.65531117101726, 1.513999172353349 ], [ 103.655278120838446, 1.514030697572916 ], [ 103.655340913386766, 1.514096481607865 ], [ 103.655358224110799, 1.514079969613802 ], [ 103.655327398638491, 1.514047675591637 ] ] ] ] } },
{ "type": "Feature", "properties": { "id": null, "FloorLevel": "4", "Zone": "Purple", "ShopName": "Anna Nail Room", "LotNo": "4-03", "Type": "Shop", "Category": "Beauty and Wellness", "layer": "Level4_TasekCentral", "path": "C:\\Users\\Stephanie\\Documents\\001 Tasek Mall\\04 GIS\\Level4_TasekCentral.shp" }, "geometry": { "type": "MultiPolygon", "coordinates": [ [ [ [ 103.655375830372591, 1.514133062065637 ], [ 103.655376631250519, 1.514133901097985 ], [ 103.655434396420659, 1.514078801257481 ], [ 103.655408406609126, 1.514051573270442 ], [ 103.655367952162848, 1.514090161117849 ], [ 103.655358224110799, 1.514079969613802 ], [ 103.655340913386766, 1.514096481607865 ], [ 103.655375830372591, 1.514133062065637 ] ] ] ] } },
{ "type": "Feature", "properties": { "id": null, "FloorLevel": "4", "Zone": "Purple", "ShopName": "IDS Hair Design Centre", "LotNo": "4-08", "Type": "Shop", "Category": "Beauty and Wellness", "layer": "Level4_TasekCentral", "path": "C:\\Users\\Stephanie\\Documents\\001 Tasek Mall\\04 GIS\\Level4_TasekCentral.shp" }, "geometry": { "type": "MultiPolygon", "coordinates": [ [ [ [ 103.655488684187148, 1.514251292319573 ], [ 103.655509818147564, 1.514273433115511 ], [ 103.655525767879283, 1.514258219318093 ], [ 103.655514848828943, 1.514246780076264 ], [ 103.655556664266868, 1.514206894037815 ], [ 103.655532015079444, 1.514181070544573 ], [ 103.655474249910498, 1.51423617038453 ], [ 103.655488684187148, 1.514251292319573 ] ] ] ] } },
{ "type": "Feature", "properties": { "id": null, "FloorLevel": "4", "Zone": "Blue", "ShopName": null, "LotNo": null, "Type": "Back of House", "Category": null, "layer": "Level4_TasekCentral", "path": "C:\\Users\\Stephanie\\Documents\\001 Tasek Mall\\04 GIS\\Level4_TasekCentral.shp" }, "geometry": { "type": "MultiPolygon", "coordinates": [ [ [ [ 103.655903998440465, 1.514176941902974 ], [ 103.655946775727358, 1.514135986882417 ], [ 103.655846511402274, 1.514030741336478 ], [ 103.655803437918721, 1.514071979675085 ], [ 103.655903998440465, 1.514176941902974 ] ] ] ] } },
{ "type": "Feature", "properties": { "id": null, "FloorLevel": "4", "Zone": "Blue", "ShopName": "Michelle Reflexology", "LotNo": "4-24", "Type": "Shop", "Category": "Beauty and Wellness", "layer": "Level4_TasekCentral", "path": "C:\\Users\\Stephanie\\Documents\\001 Tasek Mall\\04 GIS\\Level4_TasekCentral.shp" }, "geometry": { "type": "MultiPolygon", "coordinates": [ [ [ [ 103.655542960382192, 1.514019937753539 ], [ 103.655567287671914, 1.514045767144555 ], [ 103.655591614961651, 1.514071596535262 ], [ 103.655604650162431, 1.514059327963674 ], [ 103.655604650162431, 1.514059327963674 ], [ 103.655633169032328, 1.514032486352027 ], [ 103.655654197506678, 1.514012694608689 ], [ 103.655654197506664, 1.514012694608675 ], [ 103.655692592834015, 1.513976557394805 ], [ 103.655643744830044, 1.513924829957562 ], [ 103.655542960382192, 1.514019937753539 ] ] ] ] } },
{ "type": "Feature", "properties": { "id": null, "FloorLevel": "4", "Zone": "Green", "ShopName": "Spa Adinda", "LotNo": "4-19", "Type": "Shop", "Category": null, "layer": "Level4_TasekCentral", "path": "C:\\Users\\Stephanie\\Documents\\001 Tasek Mall\\04 GIS\\Level4_TasekCentral.shp" }, "geometry": { "type": "MultiPolygon", "coordinates": [ [ [ [ 103.655538443299633, 1.513830142385763 ], [ 103.655519250955621, 1.51381010988343 ], [ 103.655506757853288, 1.513797069886673 ], [ 103.655426765077308, 1.513873653209899 ], [ 103.655426765077308, 1.513873729387472 ], [ 103.655415416242334, 1.513884518334524 ], [ 103.655431118276454, 1.513901189898948 ], [ 103.655446820310559, 1.513917861463244 ], [ 103.655538443299633, 1.513830142385763 ] ] ] ] } },
{ "type": "Feature", "properties": { "id": null, "FloorLevel": "4", "Zone": "Blue", "ShopName": "Joyal Reflexology", "LotNo": "4-26", "Type": "Shop", "Category": "Beauty and Wellness", "layer": "Level4_TasekCentral", "path": "C:\\Users\\Stephanie\\Documents\\001 Tasek Mall\\04 GIS\\Level4_TasekCentral.shp" }, "geometry": { "type": "MultiPolygon", "coordinates": [ [ [ [ 103.655704681906485, 1.514066281241752 ], [ 103.655734050262524, 1.51403817259978 ], [ 103.655733991333449, 1.514038110197025 ], [ 103.655742836733623, 1.514029763011705 ], [ 103.655724700754078, 1.514010557974316 ], [ 103.655724700754106, 1.514010557974291 ], [ 103.655692592834015, 1.513976557394805 ], [ 103.655654197506664, 1.514012694608675 ], [ 103.655654197506678, 1.514012694608689 ], [ 103.655633169032328, 1.514032486352027 ], [ 103.655591614961651, 1.514071596535263 ], [ 103.655617100190454, 1.514098655361413 ], [ 103.655642585419244, 1.514125714187224 ], [ 103.655683811835956, 1.514086256120136 ], [ 103.655683850806952, 1.514086218820745 ], [ 103.655704681906485, 1.514066281241751 ], [ 103.655704681906485, 1.514066281241752 ] ] ] ] } },
{ "type": "Feature", "properties": { "id": null, "FloorLevel": "4", "Zone": "Green", "ShopName": null, "LotNo": null, "Type": "Shop", "Category": "Unoccupied", "layer": "Level4_TasekCentral", "path": "C:\\Users\\Stephanie\\Documents\\001 Tasek Mall\\04 GIS\\Level4_TasekCentral.shp" }, "geometry": { "type": "MultiPolygon", "coordinates": [ [ [ [ 103.655586919153464, 1.513880740303641 ], [ 103.655586919153478, 1.513880740303627 ], [ 103.655562796360385, 1.513855561518882 ], [ 103.655538443299648, 1.513830142385763 ], [ 103.655519250955621, 1.51381010988343 ], [ 103.655538443299633, 1.513830142385763 ], [ 103.655446820310559, 1.513917861463244 ], [ 103.655470842605411, 1.513943367027328 ], [ 103.655494864900277, 1.513968872591112 ], [ 103.655586919153464, 1.513880740303641 ] ] ] ] } },
{ "type": "Feature", "properties": { "id": null, "FloorLevel": "4", "Zone": "Green", "ShopName": null, "LotNo": null, "Type": "Shop", "Category": "Unoccupied", "layer": "Level4_TasekCentral", "path": "C:\\Users\\Stephanie\\Documents\\001 Tasek Mall\\04 GIS\\Level4_TasekCentral.shp" }, "geometry": { "type": "MultiPolygon", "coordinates": [ [ [ [ 103.65563587987198, 1.513916501385325 ], [ 103.655630321469332, 1.513910615332545 ], [ 103.655594896826074, 1.513873102519086 ], [ 103.655586919153492, 1.513880740303641 ], [ 103.655586919153478, 1.513880740303627 ], [ 103.655586919153464, 1.513880740303641 ], [ 103.655494864900277, 1.513968872591112 ], [ 103.655496040438692, 1.513970120713801 ], [ 103.655518912641227, 1.513994405172477 ], [ 103.655542960382192, 1.514019937753539 ], [ 103.655643744830044, 1.513924829957562 ], [ 103.65563587987198, 1.513916501385325 ] ] ] ] } },
{ "type": "Feature", "properties": { "id": null, "FloorLevel": "4", "Zone": "Blue", "ShopName": "Thaii Beauty", "LotNo": "4-29", "Type": "Shop", "Category": "Beauty and Wellness", "layer": "Level4_TasekCentral", "path": "C:\\Users\\Stephanie\\Documents\\001 Tasek Mall\\04 GIS\\Level4_TasekCentral.shp" }, "geometry": { "type": "MultiPolygon", "coordinates": [ [ [ [ 103.655794041400867, 1.514101869398256 ], [ 103.655783374365129, 1.514090543309498 ], [ 103.65569118312213, 1.51417731257698 ], [ 103.655715603920072, 1.514203241247199 ], [ 103.655715603920072, 1.5142032412472 ], [ 103.655715603920072, 1.5142032412472 ], [ 103.655807796267808, 1.514116474096918 ], [ 103.655794041400867, 1.514101869398256 ] ] ] ] } },
{ "type": "Feature", "properties": { "id": null, "FloorLevel": "4", "Zone": "Blue", "ShopName": "Kilico Hair Studio", "LotNo": "4-30", "Type": "Shop", "Category": "Beauty and Wellness", "layer": "Level4_TasekCentral", "path": "C:\\Users\\Stephanie\\Documents\\001 Tasek Mall\\04 GIS\\Level4_TasekCentral.shp" }, "geometry": { "type": "MultiPolygon", "coordinates": [ [ [ [ 103.655715603920072, 1.514203241247199 ], [ 103.655711404891335, 1.514207193177647 ], [ 103.655729344841674, 1.514226241530427 ], [ 103.655736221976184, 1.514233543562026 ], [ 103.655740421483415, 1.514229591181267 ], [ 103.655740421451853, 1.514229591147759 ], [ 103.655812633883102, 1.514161627079671 ], [ 103.655832612639927, 1.514142823702382 ], [ 103.65583261304549, 1.514142823320682 ], [ 103.655832218170531, 1.514142404884028 ], [ 103.655807801530685, 1.514116479684775 ], [ 103.655807796267808, 1.514116474096918 ], [ 103.655715603920072, 1.5142032412472 ], [ 103.655715603920072, 1.514203241247199 ] ] ] ] } },
{ "type": "Feature", "properties": { "id": null, "FloorLevel": "4", "Zone": null, "ShopName": null, "LotNo": null, "Type": "Courtyard", "Category": null, "layer": "Level4_TasekCentral", "path": "C:\\Users\\Stephanie\\Documents\\001 Tasek Mall\\04 GIS\\Level4_TasekCentral.shp" }, "geometry": { "type": "MultiPolygon", "coordinates": [ [ [ [ 103.655210524790988, 1.513944995443868 ], [ 103.655210524388252, 1.513944995829448 ], [ 103.655212929455303, 1.513947506104319 ], [ 103.655212929786728, 1.513947505710571 ], [ 103.655210524790988, 1.513944995443868 ] ] ], [ [ [ 103.655212929455303, 1.513947506104319 ], [ 103.655267983062387, 1.514004969572397 ], [ 103.655285703415203, 1.514023464861752 ], [ 103.655260368144866, 1.513997020530508 ], [ 103.655242380426316, 1.513978245457828 ], [ 103.655239768779083, 1.513975519494139 ], [ 103.655212929455303, 1.513947506104319 ] ] ], [ [ [ 103.654793550031172, 1.514107704124233 ], [ 103.654874585211061, 1.514192286405191 ], [ 103.654875365195096, 1.514192484183327 ], [ 103.654918973049689, 1.514150734678062 ], [ 103.654985868376656, 1.514220558849152 ], [ 103.654987502150348, 1.51422226415345 ], [ 103.655041487888468, 1.514170578681216 ], [ 103.655021828549962, 1.514150058740329 ], [ 103.655096953616876, 1.514078134657287 ], [ 103.655116612869989, 1.514098654509143 ], [ 103.655118603746942, 1.514096748456382 ], [ 103.655163893712498, 1.514053388134756 ], [ 103.655155259849849, 1.514044376339255 ], [ 103.655154432650363, 1.514044754726298 ], [ 103.655153598983887, 1.514045118654017 ], [ 103.65515275910326, 1.514045468012013 ], [ 103.655151913263282, 1.514045802694303 ], [ 103.655151061720574, 1.514046122599359 ], [ 103.655150204733431, 1.514046427630136 ], [ 103.655149342561856, 1.514046717694098 ], [ 103.655148475467357, 1.514046992703253 ], [ 103.65514760371299, 1.514047252574174 ], [ 103.655146727563206, 1.514047497228027 ], [ 103.655145847283848, 1.514047726590593 ], [ 103.655144963141851, 1.514047940592294 ], [ 103.655144075405531, 1.51404813916821 ], [ 103.655143184344126, 1.514048322258102 ], [ 103.655142290227985, 1.514048489806427 ], [ 103.655141393328336, 1.514048641762358 ], [ 103.65514049391723, 1.514048778079798 ], [ 103.65513959226756, 1.514048898717393 ], [ 103.655138688652826, 1.514049003638547 ], [ 103.655137783347129, 1.514049092811433 ], [ 103.65513687662515, 1.514049166208997 ], [ 103.655135968761911, 1.514049223808974 ], [ 103.655135060032819, 1.514049265593891 ], [ 103.655134150713565, 1.514049291551071 ], [ 103.655133241080009, 1.514049301672641 ], [ 103.655132331408083, 1.51404929595553 ], [ 103.655131421973735, 1.514049274401472 ], [ 103.655130513052868, 1.514049237017007 ], [ 103.655129604921157, 1.514049183813474 ], [ 103.655128697854195, 1.514049114807014 ], [ 103.655127792127061, 1.514049030018561 ], [ 103.655126639816658, 1.514048714365779 ], [ 103.655126249025443, 1.514048561676977 ], [ 103.655125860944949, 1.514048402228814 ], [ 103.655125475692188, 1.514048236069357 ], [ 103.655125093383276, 1.514048063248692 ], [ 103.655124714133493, 1.514047883818917 ], [ 103.655124338057135, 1.51404769783412 ], [ 103.655123965267578, 1.514047505350364 ], [ 103.655123595877171, 1.514047306425674 ], [ 103.655123229997301, 1.514047101120014 ], [ 103.655122867738228, 1.514046889495274 ], [ 103.655122509209193, 1.514046671615247 ], [ 103.655122154518253, 1.514046447545611 ], [ 103.655121803772332, 1.514046217353913 ], [ 103.655121457077158, 1.514045981109541 ], [ 103.655121114537238, 1.514045738883713 ], [ 103.655120776255828, 1.514045490749444 ], [ 103.655120442334905, 1.514045236781534 ], [ 103.655120112875125, 1.514044977056542 ], [ 103.655119787975806, 1.514044711652761 ], [ 103.65511942710674, 1.5140441130229 ], [ 103.655119055904464, 1.514043520740581 ], [ 103.655118674480661, 1.514042934984027 ], [ 103.655118282950127, 1.514042355929497 ], [ 103.65511788143067, 1.514041783751234 ], [ 103.655117470043123, 1.514041218621411 ], [ 103.655117048911265, 1.514040660710081 ], [ 103.655116618161813, 1.514040110185124 ], [ 103.655116177924398, 1.514039567212198 ], [ 103.655115728331481, 1.514039031954689 ], [ 103.655115269518319, 1.51403850457366 ], [ 103.655114801623043, 1.514037985227805 ], [ 103.655114324786368, 1.5140374740734 ], [ 103.655113839151852, 1.514036971264255 ], [ 103.655113344865583, 1.514036476951671 ], [ 103.655112842076292, 1.514035991284389 ], [ 103.655112330935296, 1.514035514408553 ], [ 103.655111811596399, 1.514035046467657 ], [ 103.655111284215863, 1.514034587602511 ], [ 103.655110748952382, 1.514034137951188 ], [ 103.65511020596702, 1.514033697648996 ], [ 103.655109655423189, 1.514033266828424 ], [ 103.655109097486516, 1.514032845619109 ], [ 103.655108532324931, 1.514032434147797 ], [ 103.655107960108467, 1.514032032538305 ], [ 103.655107381009302, 1.51403164091148 ], [ 103.655106795201718, 1.514031259385165 ], [ 103.655106202861958, 1.514030888074164 ], [ 103.655105604168313, 1.51403052709021 ], [ 103.655104999300875, 1.514030176541926 ], [ 103.6551043884417, 1.514029836534793 ], [ 103.655103771774591, 1.514029507171125 ], [ 103.655103149485072, 1.514029188550028 ], [ 103.65510252176044, 1.514028880767378 ], [ 103.655101888789559, 1.514028583915793 ], [ 103.655101250762925, 1.514028298084593 ], [ 103.65510060787247, 1.514028023359791 ], [ 103.65509996031173, 1.514027759824053 ], [ 103.655099308275481, 1.514027507556679 ], [ 103.65509865195996, 1.514027266633579 ], [ 103.655097991562641, 1.514027037127249 ], [ 103.655097327282292, 1.514026819106748 ], [ 103.655096659318758, 1.514026612637682 ], [ 103.655095987873011, 1.514026417782179 ], [ 103.655095313147172, 1.514026234598872 ], [ 103.655094635344199, 1.514026063142883 ], [ 103.655093954668075, 1.514025903465804 ], [ 103.655093271323651, 1.514025755615685 ], [ 103.655092585516513, 1.514025619637013 ], [ 103.655091897453019, 1.514025495570707 ], [ 103.655091207340263, 1.5140253834541 ], [ 103.655090515385865, 1.514025283320927 ], [ 103.655089821798057, 1.51402519520132 ], [ 103.655089126785512, 1.514025119121795 ], [ 103.655088430557413, 1.514025055105245 ], [ 103.655087733323242, 1.514025003170933 ], [ 103.655087035292809, 1.514024963334486 ], [ 103.655086336676135, 1.514024935607893 ], [ 103.655085637683456, 1.514024919999494 ], [ 103.655084938525121, 1.514024916513989 ], [ 103.655084239411494, 1.514024925152424 ], [ 103.655083540552923, 1.514024945912203 ], [ 103.655082842159743, 1.514024978787076 ], [ 103.65508214444209, 1.514025023767152 ], [ 103.655081447609902, 1.514025080838896 ], [ 103.655080751872873, 1.514025149985134 ], [ 103.655080057440358, 1.514025231185061 ], [ 103.655079364521328, 1.514025324414241 ], [ 103.655078673324255, 1.514025429644623 ], [ 103.655077984057172, 1.514025546844539 ], [ 103.655077296927445, 1.514025675978725 ], [ 103.655076612141841, 1.514025817008324 ], [ 103.655075929906431, 1.514025969890896 ], [ 103.65507525042652, 1.514026134580439 ], [ 103.655074693239143, 1.514026081652577 ], [ 103.655074137054626, 1.514026019065523 ], [ 103.655073582040529, 1.514025946838131 ], [ 103.655073028364043, 1.51402586499216 ], [ 103.655072476191961, 1.514025773552266 ], [ 103.655071925690663, 1.514025672545996 ], [ 103.655071377025934, 1.514025562003778 ], [ 103.655070830363115, 1.514025441958914 ], [ 103.655070285866827, 1.514025312447567 ], [ 103.655069743701162, 1.514025173508753 ], [ 103.655069204029417, 1.514025025184328 ], [ 103.655068667014191, 1.514024867518975 ], [ 103.655068132817235, 1.514024700560192 ], [ 103.655067601599484, 1.514024524358274 ], [ 103.655067073520996, 1.514024338966304 ], [ 103.655066548740834, 1.514024144440132 ], [ 103.655066027417078, 1.514023940838358 ], [ 103.655065509706802, 1.514023728222319 ], [ 103.655064995765954, 1.514023506656067 ], [ 103.655064485749364, 1.514023276206348 ], [ 103.655063979810691, 1.514023036942585 ], [ 103.655063478102306, 1.51402278893686 ], [ 103.655062980775398, 1.514022532263883 ], [ 103.655062487979791, 1.514022267000979 ], [ 103.655061999863904, 1.514021993228057 ], [ 103.65506151657479, 1.514021711027595 ], [ 103.655061038258069, 1.514021420484606 ], [ 103.655060565057809, 1.514021121686615 ], [ 103.655060097116575, 1.514020814723638 ], [ 103.655059634575338, 1.514020499688147 ], [ 103.65505917757342, 1.514020176675049 ], [ 103.655058726248527, 1.514019845781652 ], [ 103.655058280736597, 1.514019507107639 ], [ 103.655057841171853, 1.514019160755036 ], [ 103.655057407686712, 1.514018806828183 ], [ 103.655056980411757, 1.514018445433702 ], [ 103.655056559475739, 1.514018076680463 ], [ 103.655056145005403, 1.514017700679557 ], [ 103.655055737125664, 1.514017317544252 ], [ 103.655055335959375, 1.514016927389971 ], [ 103.655054941627384, 1.514016530334249 ], [ 103.655054554248522, 1.514016126496699 ], [ 103.655054173939433, 1.51401571599898 ], [ 103.655053800814713, 1.514015298964755 ], [ 103.655053434986769, 1.514014875519656 ], [ 103.655053076565821, 1.514014445791249 ], [ 103.655052725659814, 1.51401400990899 ], [ 103.655052382374478, 1.51401356800419 ], [ 103.655052046813211, 1.514013120209974 ], [ 103.65505171907715, 1.514012666661241 ], [ 103.655051399264963, 1.514012207494626 ], [ 103.655051087473041, 1.514011742848453 ], [ 103.655050783795289, 1.514011272862698 ], [ 103.655050488323198, 1.514010797678946 ], [ 103.655050201145798, 1.514010317440348 ], [ 103.655049922349548, 1.514009832291577 ], [ 103.655049652018491, 1.514009342378786 ], [ 103.655049390234041, 1.514008847849562 ], [ 103.655049137075082, 1.514008348852884 ], [ 103.655048892617856, 1.514007845539077 ], [ 103.655048656936017, 1.514007338059765 ], [ 103.65504843010055, 1.514006826567828 ], [ 103.655048212179793, 1.514006311217355 ], [ 103.655048003239429, 1.514005792163595 ], [ 103.655047803342356, 1.514005269562919 ], [ 103.655047612548827, 1.514004743572757 ], [ 103.655047430916298, 1.514004214351569 ], [ 103.655047258499508, 1.514003682058783 ], [ 103.655047095350369, 1.514003146854753 ], [ 103.655046941518066, 1.514002608900713 ], [ 103.655046797048911, 1.514002068358723 ], [ 103.655046661986447, 1.514001525391621 ], [ 103.65504653637133, 1.51400098016298 ], [ 103.655046420241447, 1.514000432837051 ], [ 103.655046313631743, 1.513999883578717 ], [ 103.655046216574348, 1.513999332553444 ], [ 103.655046129098523, 1.513998779927232 ], [ 103.65504605123057, 1.513998225866559 ], [ 103.655045982994011, 1.513997670538338 ], [ 103.65504592440935, 1.513997114109865 ], [ 103.655045875494267, 1.513996556748765 ], [ 103.655045836263469, 1.513995998622944 ], [ 103.655045806728822, 1.51399543990054 ], [ 103.655045786899151, 1.51399488074987 ], [ 103.655045776780497, 1.513994321339379 ], [ 103.655045776375886, 1.513993761837592 ], [ 103.655045785685431, 1.513993202413062 ], [ 103.655045804706333, 1.513992643234314 ], [ 103.655045833432851, 1.513992084469806 ], [ 103.655045871856345, 1.513991526287866 ], [ 103.655045919965247, 1.513990968856647 ], [ 103.655045977745061, 1.513990412344079 ], [ 103.655046045178366, 1.513989856917812 ], [ 103.655046122244855, 1.513989302745171 ], [ 103.655046208921306, 1.513988749993101 ], [ 103.655046305181628, 1.513988198828121 ], [ 103.655046410996789, 1.513987649416271 ], [ 103.655046526334942, 1.513987101923063 ], [ 103.655046651161314, 1.513986556513432 ], [ 103.65504678543833, 1.513986013351683 ], [ 103.655046929125533, 1.513985472601446 ], [ 103.655047082179621, 1.513984934425624 ], [ 103.655047244554481, 1.513984398986344 ], [ 103.655047416201214, 1.513983866444909 ], [ 103.655047597068105, 1.513983336961748 ], [ 103.655047787100671, 1.51398281069637 ], [ 103.655047986241669, 1.513982287807314 ], [ 103.655048194431089, 1.513981768452102 ], [ 103.655048411606231, 1.513981252787193 ], [ 103.655048637701654, 1.51398074096793 ], [ 103.655048872649274, 1.513980233148502 ], [ 103.655049116378279, 1.513979729481891 ], [ 103.65504936881527, 1.513979230119827 ], [ 103.655049629884161, 1.513978735212746 ], [ 103.655049899506366, 1.51397824490974 ], [ 103.6550501776006, 1.513977759358514 ], [ 103.655050464083146, 1.513977278705342 ], [ 103.655050758867631, 1.513976803095022 ], [ 103.655051061865294, 1.513976332670834 ], [ 103.655051372984872, 1.513975867574494 ], [ 103.655051692132588, 1.513975407946114 ], [ 103.655052019212334, 1.513974953924158 ], [ 103.655052354125573, 1.513974505645402 ], [ 103.655052696771392, 1.513974063244892 ], [ 103.655053047046593, 1.513973626855903 ], [ 103.655053404845646, 1.513973196609896 ], [ 103.655053770060761, 1.513972772636487 ], [ 103.655054142581903, 1.513972355063398 ], [ 103.655054522296865, 1.513971944016424 ], [ 103.655054909091248, 1.513971539619394 ], [ 103.655055302848538, 1.513971141994135 ], [ 103.655055703450117, 1.513970751260433 ], [ 103.655056110775277, 1.513970367535995 ], [ 103.655056524701337, 1.513969990936423 ], [ 103.655056945103581, 1.513969621575167 ], [ 103.655057371855392, 1.513969259563499 ], [ 103.655057804828189, 1.513968905010475 ], [ 103.655058243891517, 1.513968558022906 ], [ 103.65505868891313, 1.513968218705322 ], [ 103.655059139758976, 1.513967887159946 ], [ 103.655059596293214, 1.513967563486655 ], [ 103.655060058378311, 1.513967247782958 ], [ 103.655060525875086, 1.51396694014396 ], [ 103.655060998642696, 1.51396664066234 ], [ 103.655061476538677, 1.513966349428316 ], [ 103.655061959419129, 1.513966066529625 ], [ 103.655062447138533, 1.513965792051491 ], [ 103.655062939549993, 1.5139655260766 ], [ 103.655063436505131, 1.513965268685078 ], [ 103.655063937854266, 1.513965019954467 ], [ 103.655064443446363, 1.513964779959696 ], [ 103.655064953129099, 1.513964548773065 ], [ 103.655065466748965, 1.513964326464219 ], [ 103.655065984151179, 1.51396411310013 ], [ 103.655066505179903, 1.513963908745074 ], [ 103.655067029678179, 1.513963713460614 ], [ 103.655067557487968, 1.51396352730558 ], [ 103.655068088450321, 1.513963350336052 ], [ 103.655068622405224, 1.513963182605343 ], [ 103.655069159191854, 1.513963024163981 ], [ 103.655069698648504, 1.513962875059699 ], [ 103.655070240612645, 1.513962735337413 ], [ 103.655070784921037, 1.513962605039216 ], [ 103.655071331409673, 1.513962484204361 ], [ 103.655071879913933, 1.513962372869249 ], [ 103.655072430268589, 1.513962271067421 ], [ 103.655072982307814, 1.513962178829544 ], [ 103.655073535865341, 1.513962096183406 ], [ 103.655074090774406, 1.513962023153904 ], [ 103.655074646867817, 1.513961959763038 ], [ 103.655075203978058, 1.513961906029906 ], [ 103.655075761937326, 1.513961861970694 ], [ 103.655076320577479, 1.513961827598675 ], [ 103.65507687973026, 1.513961802924204 ], [ 103.655077439227227, 1.513961787954714 ], [ 103.655077998899813, 1.513961782694716 ], [ 103.655078558579419, 1.513961787145793 ], [ 103.655079118097461, 1.513961801306604 ], [ 103.655079677285357, 1.513961825172884 ], [ 103.655080235974623, 1.513961858737443 ], [ 103.65508079399703, 1.513961901990168 ], [ 103.655081227424333, 1.513962022093355 ], [ 103.655081662878715, 1.513962134631 ], [ 103.655082100228029, 1.513962239568952 ], [ 103.655082539339546, 1.513962336875365 ], [ 103.655082980080053, 1.513962426520713 ], [ 103.655083422315755, 1.513962508477793 ], [ 103.655083865912502, 1.513962582721734 ], [ 103.65508431073566, 1.513962649230008 ], [ 103.655084756650254, 1.513962707982431 ], [ 103.655085203520954, 1.513962758961176 ], [ 103.65508565121219, 1.513962802150773 ], [ 103.65508609958809, 1.513962837538115 ], [ 103.655086548512614, 1.513962865112466 ], [ 103.65508699784948, 1.513962884865456 ], [ 103.655087447462378, 1.513962896791093 ], [ 103.655087897214855, 1.513962900885757 ], [ 103.655088346970487, 1.513962897148206 ], [ 103.655088796592722, 1.513962885579573 ], [ 103.655089245945149, 1.51396286618337 ], [ 103.655089694891416, 1.513962838965482 ], [ 103.655090143295283, 1.513962803934169 ], [ 103.655090591020695, 1.51396276110006 ], [ 103.655091037931783, 1.513962710476155 ], [ 103.655091483892917, 1.513962652077814 ], [ 103.655091928768798, 1.513962585922759 ], [ 103.655092372424377, 1.513962512031065 ], [ 103.65509281472508, 1.513962430425154 ], [ 103.655093255536656, 1.51396234112979 ], [ 103.655093694725366, 1.513962244172069 ], [ 103.655094132157913, 1.513962139581414 ], [ 103.655094567701568, 1.513962027389562 ], [ 103.655095001224169, 1.513961907630559 ], [ 103.655095432594166, 1.513961780340746 ], [ 103.655095861680635, 1.513961645558748 ], [ 103.655096288353405, 1.513961503325466 ], [ 103.655096712482973, 1.513961353684061 ], [ 103.655097133940643, 1.513961196679941 ], [ 103.655097552598534, 1.51396103236075 ], [ 103.655097968329599, 1.51396086077635 ], [ 103.655098148415647, 1.513960782751987 ], [ 103.655133224771674, 1.513927200821719 ], [ 103.655143215696071, 1.513937629066938 ], [ 103.655155049187172, 1.51394998053125 ], [ 103.655173999697652, 1.513931837404338 ], [ 103.655008170446607, 1.513758749497981 ], [ 103.654970591048141, 1.513794727831508 ], [ 103.654961590322657, 1.513785333127298 ], [ 103.654809782005159, 1.513930673667011 ], [ 103.654780676226594, 1.513900293875684 ], [ 103.654741095504662, 1.51393818826395 ], [ 103.654716686021104, 1.513961557782833 ], [ 103.6547147138578, 1.513963445922199 ], [ 103.654712153018494, 1.513965897657095 ], [ 103.654708197816291, 1.51396968434812 ], [ 103.654699395334092, 1.513978111800939 ], [ 103.65471035525178, 1.513989551453832 ], [ 103.654720444160247, 1.513979892382924 ], [ 103.654819287964997, 1.514083062754975 ], [ 103.654793550031172, 1.514107704124233 ] ] ], [ [ [ 103.655288485275591, 1.514041555780431 ], [ 103.655283240542332, 1.51403606118391 ], [ 103.655282864914042, 1.514035667667833 ], [ 103.655282849457777, 1.514035682416667 ], [ 103.655288470580246, 1.514041569047779 ], [ 103.655288485275591, 1.514041555780431 ] ] ] ] } },
{ "type": "Feature", "properties": { "id": null, "FloorLevel": "4", "Zone": "Green", "ShopName": null, "LotNo": null, "Type": "Lift", "Category": null, "layer": "Level4_TasekCentral", "path": "C:\\Users\\Stephanie\\Documents\\001 Tasek Mall\\04 GIS\\Level4_TasekCentral.shp" }, "geometry": { "type": "MultiPolygon", "coordinates": [ [ [ [ 103.655553209574592, 1.513759433355223 ], [ 103.655570615401075, 1.51374276988609 ], [ 103.655549239623141, 1.513720457411001 ], [ 103.655531833192327, 1.513737120806166 ], [ 103.655553209574592, 1.513759433355223 ] ] ] ] } },
{ "type": "Feature", "properties": { "id": null, "FloorLevel": "4", "Zone": "Green", "ShopName": null, "LotNo": null, "Type": "Lift", "Category": null, "layer": "Level4_TasekCentral", "path": "C:\\Users\\Stephanie\\Documents\\001 Tasek Mall\\04 GIS\\Level4_TasekCentral.shp" }, "geometry": { "type": "MultiPolygon", "coordinates": [ [ [ [ 103.655531833192327, 1.513737120806166 ], [ 103.655530103958213, 1.513738777738265 ], [ 103.655530103955783, 1.513738777737706 ], [ 103.655514428698154, 1.513753785097287 ], [ 103.655535803748194, 1.513776096824267 ], [ 103.655553209574592, 1.513759433355223 ], [ 103.655531833192327, 1.513737120806166 ] ] ] ] } },
{ "type": "Feature", "properties": { "id": null, "FloorLevel": "4", "Zone": null, "ShopName": null, "LotNo": null, "Type": "Lift", "Category": null, "layer": "Level4_TasekCentral", "path": "C:\\Users\\Stephanie\\Documents\\001 Tasek Mall\\04 GIS\\Level4_TasekCentral.shp" }, "geometry": { "type": "MultiPolygon", "coordinates": [ [ [ [ 103.655752512674795, 1.513967460346675 ], [ 103.655769918501264, 1.513950796877523 ], [ 103.65574854272333, 1.513928484402435 ], [ 103.655731137291895, 1.513945148276379 ], [ 103.655752512674795, 1.513967460346675 ] ] ] ] } },
{ "type": "Feature", "properties": { "id": null, "FloorLevel": "4", "Zone": "Purple", "ShopName": null, "LotNo": null, "Type": "Lift", "Category": null, "layer": "Level4_TasekCentral", "path": "C:\\Users\\Stephanie\\Documents\\001 Tasek Mall\\04 GIS\\Level4_TasekCentral.shp" }, "geometry": { "type": "MultiPolygon", "coordinates": [ [ [ [ 103.6555871315866, 1.514319613515689 ], [ 103.655569725155829, 1.514336276910726 ], [ 103.655591102142466, 1.514358589533791 ], [ 103.655608507968878, 1.514341926064766 ], [ 103.6555871315866, 1.514319613515689 ] ] ] ] } },
{ "type": "Feature", "properties": { "id": null, "FloorLevel": "4", "Zone": "Purple", "ShopName": null, "LotNo": null, "Type": "Lift", "Category": null, "layer": "Level4_TasekCentral", "path": "C:\\Users\\Stephanie\\Documents\\001 Tasek Mall\\04 GIS\\Level4_TasekCentral.shp" }, "geometry": { "type": "MultiPolygon", "coordinates": [ [ [ [ 103.655608507968878, 1.514341926064766 ], [ 103.655611255304166, 1.514339295903192 ], [ 103.655625913358648, 1.514325263013697 ], [ 103.655604538017414, 1.514302950120524 ], [ 103.6555871315866, 1.514319613515689 ], [ 103.655608507968878, 1.514341926064766 ] ] ] ] } },
{ "type": "Feature", "properties": { "id": null, "FloorLevel": "4", "Zone": null, "ShopName": null, "LotNo": null, "Type": "Walkway", "Category": null, "layer": "Level4_TasekCentral", "path": "C:\\Users\\Stephanie\\Documents\\001 Tasek Mall\\04 GIS\\Level4_TasekCentral.shp" }, "geometry": { "type": "MultiPolygon", "coordinates": [ [ [ [ 103.655234385682093, 1.514119180714716 ], [ 103.65521099162892, 1.514141495347881 ], [ 103.655192371071408, 1.514121987692874 ], [ 103.65521576472868, 1.514099673014216 ], [ 103.655238324229401, 1.514078154278941 ], [ 103.655239158385939, 1.514077358335328 ], [ 103.655282864914042, 1.514035667667833 ], [ 103.655278120838446, 1.514030697572916 ], [ 103.655285703415203, 1.514023464861752 ], [ 103.655267983062387, 1.514004969572397 ], [ 103.655210524388238, 1.513944995829436 ], [ 103.655198049159395, 1.513956939551948 ], [ 103.655186499867412, 1.513944884726678 ], [ 103.655173999697638, 1.513931837404338 ], [ 103.655155049187158, 1.51394998053125 ], [ 103.655155049186334, 1.513949980530381 ], [ 103.655143215696071, 1.513937629066938 ], [ 103.655133224771674, 1.513927200821719 ], [ 103.655098148415647, 1.513960782751987 ], [ 103.655097968329599, 1.51396086077635 ], [ 103.655097552598548, 1.513961032360749 ], [ 103.655097133940643, 1.513961196679941 ], [ 103.655096712482973, 1.513961353684061 ], [ 103.655096288353405, 1.513961503325466 ], [ 103.655095861680635, 1.513961645558748 ], [ 103.655095432594166, 1.513961780340746 ], [ 103.655095001224169, 1.513961907630559 ], [ 103.655094567701568, 1.513962027389562 ], [ 103.655094132157913, 1.513962139581414 ], [ 103.655093694725366, 1.513962244172069 ], [ 103.655093255536656, 1.51396234112979 ], [ 103.65509281472508, 1.513962430425154 ], [ 103.655092372424377, 1.513962512031065 ], [ 103.655091928768798, 1.513962585922759 ], [ 103.655091483892932, 1.513962652077814 ], [ 103.655091037931783, 1.513962710476155 ], [ 103.655090591020695, 1.51396276110006 ], [ 103.655090143295283, 1.513962803934169 ], [ 103.655089694891416, 1.513962838965482 ], [ 103.655089245945149, 1.51396286618337 ], [ 103.655088796592722, 1.513962885579573 ], [ 103.655088346970487, 1.513962897148206 ], [ 103.655087897214855, 1.513962900885757 ], [ 103.655087447462378, 1.513962896791093 ], [ 103.65508699784948, 1.513962884865456 ], [ 103.655086548512628, 1.513962865112466 ], [ 103.65508609958809, 1.513962837538115 ], [ 103.65508565121219, 1.513962802150773 ], [ 103.655085203520954, 1.513962758961176 ], [ 103.655084756650254, 1.513962707982431 ], [ 103.65508431073566, 1.513962649230007 ], [ 103.655083865912502, 1.513962582721734 ], [ 103.655083422315755, 1.513962508477793 ], [ 103.655082980080039, 1.513962426520713 ], [ 103.655082539339546, 1.513962336875365 ], [ 103.655082100228029, 1.513962239568952 ], [ 103.655081662878715, 1.513962134631 ], [ 103.655081227424333, 1.513962022093355 ], [ 103.655080793997044, 1.513961901990168 ], [ 103.655080235974623, 1.513961858737443 ], [ 103.655079677285357, 1.513961825172884 ], [ 103.655079118097476, 1.513961801306604 ], [ 103.655078558579419, 1.513961787145793 ], [ 103.655077998899827, 1.513961782694716 ], [ 103.655077439227227, 1.513961787954714 ], [ 103.65507687973026, 1.513961802924204 ], [ 103.655076320577479, 1.513961827598675 ], [ 103.655075761937326, 1.513961861970694 ], [ 103.655075203978058, 1.513961906029906 ], [ 103.655074646867817, 1.513961959763038 ], [ 103.65507409077442, 1.513962023153904 ], [ 103.655073535865341, 1.513962096183406 ], [ 103.655072982307814, 1.513962178829544 ], [ 103.655072430268589, 1.513962271067421 ], [ 103.655071879913933, 1.513962372869249 ], [ 103.655071331409673, 1.513962484204361 ], [ 103.655070784921037, 1.513962605039216 ], [ 103.655070240612631, 1.513962735337413 ], [ 103.655069698648504, 1.513962875059699 ], [ 103.655069159191854, 1.513963024163981 ], [ 103.655068622405224, 1.513963182605343 ], [ 103.655068088450321, 1.513963350336052 ], [ 103.655067557487968, 1.51396352730558 ], [ 103.655067029678179, 1.513963713460614 ], [ 103.655066505179903, 1.513963908745074 ], [ 103.655065984151179, 1.51396411310013 ], [ 103.655065466748979, 1.513964326464219 ], [ 103.655064953129099, 1.513964548773065 ], [ 103.655064443446363, 1.513964779959696 ], [ 103.655063937854266, 1.513965019954467 ], [ 103.655063436505131, 1.513965268685078 ], [ 103.655062939549993, 1.5139655260766 ], [ 103.655062447138548, 1.513965792051491 ], [ 103.655061959419129, 1.513966066529625 ], [ 103.655061476538663, 1.513966349428316 ], [ 103.655060998642696, 1.513966640662339 ], [ 103.655060525875086, 1.51396694014396 ], [ 103.655060058378311, 1.513967247782957 ], [ 103.655059596293214, 1.513967563486655 ], [ 103.655059139758976, 1.513967887159946 ], [ 103.65505868891313, 1.513968218705322 ], [ 103.655058243891517, 1.513968558022906 ], [ 103.655057804828189, 1.513968905010475 ], [ 103.655057371855392, 1.513969259563499 ], [ 103.655056945103581, 1.513969621575167 ], [ 103.655056524701337, 1.513969990936423 ], [ 103.655056110775277, 1.513970367535995 ], [ 103.655055703450103, 1.513970751260433 ], [ 103.655055302848538, 1.513971141994135 ], [ 103.655054909091248, 1.513971539619394 ], [ 103.655054522296865, 1.513971944016424 ], [ 103.655054142581903, 1.513972355063398 ], [ 103.655053770060761, 1.513972772636487 ], [ 103.655053404845646, 1.513973196609896 ], [ 103.655053047046593, 1.513973626855902 ], [ 103.655052696771392, 1.513974063244892 ], [ 103.655052354125559, 1.513974505645402 ], [ 103.655052019212334, 1.513974953924158 ], [ 103.655051692132588, 1.513975407946114 ], [ 103.655051372984872, 1.513975867574494 ], [ 103.655051061865294, 1.513976332670834 ], [ 103.655050758867631, 1.513976803095022 ], [ 103.655050464083146, 1.513977278705342 ], [ 103.6550501776006, 1.513977759358514 ], [ 103.655049899506366, 1.51397824490974 ], [ 103.655049629884161, 1.513978735212746 ], [ 103.65504936881527, 1.513979230119827 ], [ 103.655049116378279, 1.513979729481891 ], [ 103.655048872649274, 1.513980233148502 ], [ 103.655048637701654, 1.51398074096793 ], [ 103.655048411606231, 1.513981252787192 ], [ 103.655048194431089, 1.513981768452102 ], [ 103.655047986241684, 1.513982287807314 ], [ 103.655047787100671, 1.51398281069637 ], [ 103.655047597068105, 1.513983336961748 ], [ 103.655047416201214, 1.513983866444909 ], [ 103.655047244554481, 1.513984398986344 ], [ 103.655047082179635, 1.513984934425624 ], [ 103.655046929125533, 1.513985472601446 ], [ 103.65504678543833, 1.513986013351683 ], [ 103.655046651161314, 1.513986556513432 ], [ 103.655046526334942, 1.513987101923063 ], [ 103.655046410996803, 1.513987649416271 ], [ 103.655046305181628, 1.513988198828121 ], [ 103.655046208921306, 1.513988749993101 ], [ 103.655046122244855, 1.51398930274517 ], [ 103.655046045178366, 1.513989856917812 ], [ 103.655045977745075, 1.513990412344079 ], [ 103.655045919965247, 1.513990968856647 ], [ 103.655045871856345, 1.513991526287866 ], [ 103.655045833432851, 1.513992084469806 ], [ 103.655045804706333, 1.513992643234314 ], [ 103.655045785685431, 1.513993202413062 ], [ 103.655045776375886, 1.513993761837592 ], [ 103.655045776780497, 1.513994321339379 ], [ 103.655045786899151, 1.51399488074987 ], [ 103.655045806728836, 1.513995439900539 ], [ 103.655045836263469, 1.513995998622944 ], [ 103.655045875494267, 1.513996556748765 ], [ 103.65504592440935, 1.513997114109865 ], [ 103.655045982994011, 1.513997670538338 ], [ 103.65504605123057, 1.513998225866558 ], [ 103.655046129098523, 1.513998779927232 ], [ 103.655046216574348, 1.513999332553444 ], [ 103.655046313631743, 1.513999883578717 ], [ 103.655046420241447, 1.514000432837051 ], [ 103.65504653637133, 1.51400098016298 ], [ 103.655046661986447, 1.514001525391621 ], [ 103.655046797048911, 1.514002068358723 ], [ 103.655046941518066, 1.514002608900713 ], [ 103.655047095350369, 1.514003146854753 ], [ 103.655047258499508, 1.514003682058782 ], [ 103.655047430916298, 1.514004214351569 ], [ 103.655047612548827, 1.514004743572757 ], [ 103.655047803342356, 1.514005269562919 ], [ 103.655048003239443, 1.514005792163595 ], [ 103.655048212179793, 1.514006311217354 ], [ 103.655048430100564, 1.514006826567828 ], [ 103.655048656936017, 1.514007338059765 ], [ 103.655048892617856, 1.514007845539077 ], [ 103.655049137075082, 1.514008348852884 ], [ 103.655049390234041, 1.514008847849562 ], [ 103.655049652018491, 1.514009342378786 ], [ 103.655049922349548, 1.514009832291577 ], [ 103.655050201145798, 1.514010317440348 ], [ 103.655050488323198, 1.514010797678946 ], [ 103.655050783795289, 1.514011272862698 ], [ 103.655051087473041, 1.514011742848453 ], [ 103.655051399264963, 1.514012207494626 ], [ 103.65505171907715, 1.514012666661241 ], [ 103.655052046813211, 1.514013120209974 ], [ 103.655052382374478, 1.514013568004189 ], [ 103.655052725659814, 1.51401400990899 ], [ 103.655053076565821, 1.514014445791248 ], [ 103.655053434986769, 1.514014875519656 ], [ 103.655053800814713, 1.514015298964755 ], [ 103.655054173939433, 1.51401571599898 ], [ 103.655054554248522, 1.514016126496699 ], [ 103.655054941627384, 1.514016530334249 ], [ 103.655055335959375, 1.514016927389971 ], [ 103.655055737125664, 1.514017317544252 ], [ 103.655056145005403, 1.514017700679557 ], [ 103.655056559475739, 1.514018076680463 ], [ 103.655056980411757, 1.514018445433702 ], [ 103.655057407686712, 1.514018806828183 ], [ 103.655057841171853, 1.514019160755035 ], [ 103.655058280736611, 1.514019507107638 ], [ 103.655058726248527, 1.514019845781652 ], [ 103.65505917757342, 1.514020176675049 ], [ 103.655059634575338, 1.514020499688147 ], [ 103.655060097116575, 1.514020814723638 ], [ 103.655060565057809, 1.514021121686615 ], [ 103.655061038258054, 1.514021420484606 ], [ 103.65506151657479, 1.514021711027595 ], [ 103.655061999863904, 1.514021993228057 ], [ 103.655062487979791, 1.514022267000979 ], [ 103.655062980775412, 1.514022532263883 ], [ 103.655063478102306, 1.51402278893686 ], [ 103.655063979810691, 1.514023036942585 ], [ 103.655064485749364, 1.514023276206348 ], [ 103.655064995765954, 1.514023506656066 ], [ 103.655065509706802, 1.514023728222319 ], [ 103.655066027417078, 1.514023940838358 ], [ 103.655066548740834, 1.514024144440132 ], [ 103.655067073520982, 1.514024338966304 ], [ 103.655067601599484, 1.514024524358274 ], [ 103.655068132817235, 1.514024700560192 ], [ 103.655068667014191, 1.514024867518975 ], [ 103.655069204029417, 1.514025025184328 ], [ 103.655069743701162, 1.514025173508753 ], [ 103.655070285866827, 1.514025312447567 ], [ 103.655070830363115, 1.514025441958914 ], [ 103.655071377025934, 1.514025562003778 ], [ 103.655071925690663, 1.514025672545996 ], [ 103.655072476191961, 1.514025773552266 ], [ 103.655073028364043, 1.51402586499216 ], [ 103.655073582040529, 1.51402594683813 ], [ 103.655074137054626, 1.514026019065523 ], [ 103.655074693239143, 1.514026081652577 ], [ 103.65507525042652, 1.514026134580439 ], [ 103.655075929906431, 1.514025969890896 ], [ 103.655076612141841, 1.514025817008324 ], [ 103.655077296927431, 1.514025675978725 ], [ 103.655077984057158, 1.514025546844539 ], [ 103.655078673324255, 1.514025429644623 ], [ 103.655079364521328, 1.514025324414241 ], [ 103.655080057440358, 1.514025231185061 ], [ 103.655080751872873, 1.514025149985134 ], [ 103.655081447609902, 1.514025080838896 ], [ 103.65508214444209, 1.514025023767152 ], [ 103.655082842159743, 1.514024978787076 ], [ 103.655083540552923, 1.514024945912203 ], [ 103.655084239411508, 1.514024925152424 ], [ 103.655084938525121, 1.514024916513989 ], [ 103.655085637683456, 1.514024919999494 ], [ 103.655086336676135, 1.514024935607892 ], [ 103.655087035292809, 1.514024963334486 ], [ 103.655087733323242, 1.514025003170933 ], [ 103.655088430557399, 1.514025055105245 ], [ 103.655089126785512, 1.514025119121795 ], [ 103.655089821798057, 1.51402519520132 ], [ 103.655090515385865, 1.514025283320927 ], [ 103.655091207340263, 1.514025383454099 ], [ 103.655091897453019, 1.514025495570707 ], [ 103.655092585516513, 1.514025619637013 ], [ 103.655093271323651, 1.514025755615685 ], [ 103.655093954668075, 1.514025903465804 ], [ 103.655094635344199, 1.514026063142883 ], [ 103.655095313147172, 1.514026234598872 ], [ 103.655095987873011, 1.514026417782178 ], [ 103.655096659318758, 1.514026612637682 ], [ 103.655097327282292, 1.514026819106748 ], [ 103.655097991562641, 1.514027037127249 ], [ 103.65509865195996, 1.514027266633579 ], [ 103.655099308275481, 1.514027507556679 ], [ 103.65509996031173, 1.514027759824053 ], [ 103.655100607872484, 1.514028023359791 ], [ 103.655101250762925, 1.514028298084593 ], [ 103.655101888789559, 1.514028583915792 ], [ 103.65510252176044, 1.514028880767378 ], [ 103.655103149485072, 1.514029188550028 ], [ 103.655103771774591, 1.514029507171124 ], [ 103.6551043884417, 1.514029836534793 ], [ 103.655104999300875, 1.514030176541926 ], [ 103.655105604168313, 1.51403052709021 ], [ 103.655106202861958, 1.514030888074164 ], [ 103.655106795201732, 1.514031259385165 ], [ 103.655107381009316, 1.51403164091148 ], [ 103.655107960108467, 1.514032032538305 ], [ 103.655108532324931, 1.514032434147797 ], [ 103.655109097486502, 1.514032845619109 ], [ 103.655109655423203, 1.514033266828423 ], [ 103.65511020596702, 1.514033697648996 ], [ 103.655110748952382, 1.514034137951188 ], [ 103.655111284215863, 1.51403458760251 ], [ 103.655111811596399, 1.514035046467657 ], [ 103.655112330935296, 1.514035514408553 ], [ 103.655112842076278, 1.514035991284389 ], [ 103.655113344865583, 1.51403647695167 ], [ 103.655113839151852, 1.514036971264255 ], [ 103.655114324786368, 1.5140374740734 ], [ 103.655114801623043, 1.514037985227805 ], [ 103.655115269518319, 1.51403850457366 ], [ 103.655115728331481, 1.514039031954689 ], [ 103.655116177924398, 1.514039567212198 ], [ 103.655116618161799, 1.514040110185124 ], [ 103.655117048911265, 1.514040660710081 ], [ 103.655117470043123, 1.514041218621411 ], [ 103.65511788143067, 1.514041783751234 ], [ 103.655118282950127, 1.514042355929497 ], [ 103.655118674480676, 1.514042934984027 ], [ 103.655119055904464, 1.514043520740581 ], [ 103.655119427106726, 1.5140441130229 ], [ 103.655119787975806, 1.514044711652761 ], [ 103.65512011287511, 1.514044977056542 ], [ 103.655120442334905, 1.514045236781534 ], [ 103.655120776255828, 1.514045490749444 ], [ 103.655121114537252, 1.514045738883713 ], [ 103.655121457077172, 1.514045981109541 ], [ 103.655121803772332, 1.514046217353913 ], [ 103.655122154518253, 1.514046447545611 ], [ 103.655122509209193, 1.514046671615246 ], [ 103.655122867738214, 1.514046889495274 ], [ 103.655123229997287, 1.514047101120014 ], [ 103.655123595877171, 1.514047306425674 ], [ 103.655123965267578, 1.514047505350364 ], [ 103.655124338057135, 1.514047697834119 ], [ 103.655124714133478, 1.514047883818917 ], [ 103.655125093383276, 1.514048063248692 ], [ 103.655125475692188, 1.514048236069357 ], [ 103.655125860944963, 1.514048402228814 ], [ 103.655126249025443, 1.514048561676977 ], [ 103.655126639816658, 1.514048714365779 ], [ 103.655127792127075, 1.514049030018561 ], [ 103.655128697854195, 1.514049114807014 ], [ 103.655129604921171, 1.514049183813474 ], [ 103.655130513052868, 1.514049237017007 ], [ 103.655131421973735, 1.514049274401472 ], [ 103.655132331408083, 1.51404929595553 ], [ 103.655133241080009, 1.514049301672641 ], [ 103.655134150713565, 1.514049291551071 ], [ 103.655135060032819, 1.514049265593891 ], [ 103.655135968761911, 1.514049223808973 ], [ 103.65513687662515, 1.514049166208997 ], [ 103.655137783347129, 1.514049092811433 ], [ 103.655138688652826, 1.514049003638547 ], [ 103.65513959226756, 1.514048898717393 ], [ 103.65514049391723, 1.514048778079797 ], [ 103.655141393328336, 1.514048641762358 ], [ 103.655142290227985, 1.514048489806427 ], [ 103.655143184344126, 1.514048322258102 ], [ 103.655144075405531, 1.51404813916821 ], [ 103.655144963141851, 1.514047940592294 ], [ 103.655145847283848, 1.514047726590593 ], [ 103.655146727563206, 1.514047497228027 ], [ 103.65514760371299, 1.514047252574174 ], [ 103.655148475467357, 1.514046992703253 ], [ 103.655149342561856, 1.514046717694098 ], [ 103.655150204733431, 1.514046427630135 ], [ 103.655151061720574, 1.514046122599359 ], [ 103.655151913263282, 1.514045802694303 ], [ 103.65515275910326, 1.514045468012013 ], [ 103.655153598983887, 1.514045118654017 ], [ 103.655154432650363, 1.514044754726298 ], [ 103.655155259849849, 1.514044376339255 ], [ 103.655163893712498, 1.514053388134756 ], [ 103.655118603746942, 1.514096748456382 ], [ 103.655116612870003, 1.514098654509143 ], [ 103.655096953616876, 1.514078134657287 ], [ 103.655021828549962, 1.514150058740329 ], [ 103.655041487888468, 1.514170578681216 ], [ 103.654987502150348, 1.51422226415345 ], [ 103.654985868376656, 1.514220558849152 ], [ 103.654918973049689, 1.514150734678062 ], [ 103.654874319040033, 1.514193485759373 ], [ 103.654836140880974, 1.514153636064726 ], [ 103.65479281228717, 1.514108410436375 ], [ 103.654819287965012, 1.514083062754975 ], [ 103.654720444160247, 1.513979892382924 ], [ 103.65471035525178, 1.513989551453832 ], [ 103.654699395334092, 1.513978111800938 ], [ 103.654708197816262, 1.51396968434812 ], [ 103.654708197816291, 1.513969684348113 ], [ 103.654705759265468, 1.513967139057553 ], [ 103.654687922211423, 1.513948521243648 ], [ 103.654652518586062, 1.513982416499485 ], [ 103.654658507799894, 1.513988667461371 ], [ 103.654652670893654, 1.51399425605343 ], [ 103.654643623240418, 1.514002918800649 ], [ 103.654761162792923, 1.514126012484382 ], [ 103.654780331086059, 1.514146086541821 ], [ 103.654796714697028, 1.514163244331643 ], [ 103.65459190576783, 1.514358845853567 ], [ 103.654570911096783, 1.514378896686434 ], [ 103.654560770984759, 1.514388580941726 ], [ 103.654500787418698, 1.514445867878632 ], [ 103.65440131263135, 1.514540870610314 ], [ 103.654399504529721, 1.514542597425709 ], [ 103.65441403145374, 1.514557760260604 ], [ 103.654821638909027, 1.514167520136897 ], [ 103.654872583110944, 1.514220871617071 ], [ 103.654918709603024, 1.514176857158771 ], [ 103.654995707447242, 1.514257493399153 ], [ 103.655129491112262, 1.514129835402763 ], [ 103.655226300573219, 1.514231219423108 ], [ 103.655230162110641, 1.514227535016636 ], [ 103.655230162110684, 1.514227535016677 ], [ 103.655249845433232, 1.514208754579758 ], [ 103.655249845433204, 1.514208754579693 ], [ 103.655287052433152, 1.514173254286935 ], [ 103.655280214382188, 1.514166092494987 ], [ 103.65530223201749, 1.514145083494266 ], [ 103.65525694844807, 1.514097659011916 ], [ 103.655234385682093, 1.514119180714716 ] ] ] ] } },
{ "type": "Feature", "properties": { "id": null, "FloorLevel": "4", "Zone": null, "ShopName": null, "LotNo": null, "Type": "Void", "Category": null, "layer": "Level4_TasekCentral", "path": "C:\\Users\\Stephanie\\Documents\\001 Tasek Mall\\04 GIS\\Level4_TasekCentral.shp" }, "geometry": { "type": "MultiPolygon", "coordinates": [ [ [ [ 103.655424948143775, 1.514036835228632 ], [ 103.655424950170783, 1.514036844730121 ], [ 103.655517591987277, 1.51413390007725 ], [ 103.655530524356962, 1.514147448555096 ], [ 103.655542478403092, 1.514160548161879 ], [ 103.655554327709723, 1.514142517753486 ], [ 103.655569615483572, 1.51411812320287 ], [ 103.65558201055785, 1.514098344504378 ], [ 103.655411471709058, 1.513919681042848 ], [ 103.655404103438116, 1.513911961734264 ], [ 103.655403006262162, 1.513913006157595 ], [ 103.655399288276641, 1.513916552592635 ], [ 103.655399287670491, 1.513916553170815 ], [ 103.655424948143775, 1.514036835228632 ] ] ] ] } },
{ "type": "Feature", "properties": { "id": null, "FloorLevel": "4", "Zone": null, "ShopName": null, "LotNo": null, "Type": "Void", "Category": null, "layer": "Level4_TasekCentral", "path": "C:\\Users\\Stephanie\\Documents\\001 Tasek Mall\\04 GIS\\Level4_TasekCentral.shp" }, "geometry": { "type": "MultiPolygon", "coordinates": [ [ [ [ 103.655386637874827, 1.513928619295988 ], [ 103.655352619436826, 1.513961068098874 ], [ 103.655405579869552, 1.514016668838315 ], [ 103.655386637874827, 1.513928619295988 ] ] ] ] } },
{ "type": "Feature", "properties": { "id": null, "FloorLevel": "4", "Zone": null, "ShopName": null, "LotNo": null, "Type": "Escalator", "Category": null, "layer": "Level4_TasekCentral", "path": "C:\\Users\\Stephanie\\Documents\\001 Tasek Mall\\04 GIS\\Level4_TasekCentral.shp" }, "geometry": { "type": "MultiPolygon", "coordinates": [ [ [ [ 103.655399288276641, 1.513916552592635 ], [ 103.655398183656274, 1.513911417901567 ], [ 103.655390897476735, 1.513912984274774 ], [ 103.655383611297239, 1.513914550647979 ], [ 103.655386637870649, 1.513928619299967 ], [ 103.655386637874827, 1.513928619295988 ], [ 103.655405148415284, 1.514014663276021 ], [ 103.655410582621144, 1.51403992350946 ], [ 103.655417765382452, 1.514038379369047 ], [ 103.655424948143775, 1.514036835228632 ], [ 103.655399287670491, 1.513916553170815 ], [ 103.655399288276641, 1.513916552592635 ] ] ] ] } },
{ "type": "Feature", "properties": { "id": null, "FloorLevel": "4", "Zone": null, "ShopName": null, "LotNo": null, "Type": "Void", "Category": null, "layer": "Level4_TasekCentral", "path": "C:\\Users\\Stephanie\\Documents\\001 Tasek Mall\\04 GIS\\Level4_TasekCentral.shp" }, "geometry": { "type": "MultiPolygon", "coordinates": [ [ [ [ 103.655694728031023, 1.514216431912058 ], [ 103.655643763719027, 1.514163039623444 ], [ 103.655662276376006, 1.514247386221259 ], [ 103.655694728031023, 1.514216431912058 ] ] ] ] } },
{ "type": "Feature", "properties": { "id": null, "FloorLevel": "4", "Zone": "Purple", "ShopName": "The Macpany", "LotNo": "4-06", "Type": "Shop", "Category": "Beauty and Wellness", "layer": "Level4_TasekCentral", "path": "C:\\Users\\Stephanie\\Documents\\001 Tasek Mall\\04 GIS\\Level4_TasekCentral.shp" }, "geometry": { "type": "MultiPolygon", "coordinates": [ [ [ [ 103.655436429597046, 1.514196548284276 ], [ 103.655449214308504, 1.514209942068819 ], [ 103.655506979479995, 1.514154842230044 ], [ 103.655482642901347, 1.514129346237887 ], [ 103.655424877730141, 1.514184446077828 ], [ 103.655436429597046, 1.514196548284276 ] ] ] ] } },
{ "type": "Feature", "properties": { "id": null, "FloorLevel": "4", "Zone": "Purple", "ShopName": "Shrisha Collection", "LotNo": "4-07", "Type": "Shop", "Category": "Beauty and Wellness", "layer": "Level4_TasekCentral", "path": "C:\\Users\\Stephanie\\Documents\\001 Tasek Mall\\04 GIS\\Level4_TasekCentral.shp" }, "geometry": { "type": "MultiPolygon", "coordinates": [ [ [ [ 103.655532015079444, 1.514181070544573 ], [ 103.655506979479995, 1.514154842230044 ], [ 103.655449214308504, 1.514209942068819 ], [ 103.655461136882693, 1.514222432643352 ], [ 103.655474249910498, 1.51423617038453 ], [ 103.655532015079444, 1.514181070544573 ] ] ] ] } },
{ "type": "Feature", "properties": { "id": null, "FloorLevel": "4", "Zone": "Purple/Blue", "ShopName": null, "LotNo": null, "Type": "Shop", "Category": null, "layer": "Level4_TasekCentral", "path": "C:\\Users\\Stephanie\\Documents\\001 Tasek Mall\\04 GIS\\Level4_TasekCentral.shp" }, "geometry": { "type": "MultiPolygon", "coordinates": [ [ [ [ 103.655740421451853, 1.514229591147759 ], [ 103.655736221976184, 1.514233543562026 ], [ 103.655729344841674, 1.514226241530427 ], [ 103.655637227203556, 1.514314431441826 ], [ 103.655631408369231, 1.514320002171567 ], [ 103.655631408465851, 1.514320002272422 ], [ 103.655625913358648, 1.514325263013697 ], [ 103.655611255304166, 1.514339295903192 ], [ 103.655591102142466, 1.514358589533791 ], [ 103.655619778452959, 1.514388521158158 ], [ 103.655619723180891, 1.51438857407846 ], [ 103.655649913703641, 1.514420202889701 ], [ 103.655679550475767, 1.51445113671124 ], [ 103.655805874516574, 1.514582989307031 ], [ 103.655879188330374, 1.514513058531722 ], [ 103.655919698932621, 1.514474417270878 ], [ 103.655929091842964, 1.514465457791586 ], [ 103.656031634370692, 1.514367647036454 ], [ 103.65610355949174, 1.514299040856415 ], [ 103.655976709374301, 1.514166638298518 ], [ 103.655893635344171, 1.51424617295094 ], [ 103.655833747950581, 1.514183665043362 ], [ 103.655812633883102, 1.514161627079671 ], [ 103.655740421451853, 1.514229591147759 ] ] ] ] } },
{ "type": "Feature", "properties": { "id": null, "FloorLevel": "5", "Zone": "Blue", "ShopName": null, "LotNo": null, "Type": "Toilet", "Category": null, "layer": "Level5_TasekCentral_fixed", "path": "C:/Users/Stephanie/Documents/001 Tasek Mall/04 GIS/Floorplans/Floorplans FINAL/Level5_TasekCentral_fixed.shp" }, "geometry": { "type": "MultiPolygon", "coordinates": [ [ [ [ 103.655695376155336, 1.513905416054215 ], [ 103.655706731286415, 1.513917268219906 ], [ 103.655679861062879, 1.513942993639534 ], [ 103.655679861062879, 1.51394299363954 ], [ 103.655697036881023, 1.5139609212741 ], [ 103.655705469244879, 1.513969722737593 ], [ 103.655705469244879, 1.513969722737593 ], [ 103.65574854272333, 1.513928484402435 ], [ 103.655711579409953, 1.513889903137962 ], [ 103.655695376155336, 1.513905416054215 ] ] ] ] } },
{ "type": "Feature", "properties": { "id": null, "FloorLevel": "5", "Zone": null, "ShopName": null, "LotNo": null, "Type": "Back of House", "Category": null, "layer": "Level5_TasekCentral_fixed", "path": "C:/Users/Stephanie/Documents/001 Tasek Mall/04 GIS/Floorplans/Floorplans FINAL/Level5_TasekCentral_fixed.shp" }, "geometry": { "type": "MultiPolygon", "coordinates": [ [ [ [ 103.655582251532238, 1.513788148907739 ], [ 103.655621330656388, 1.513828938598473 ], [ 103.655637938252667, 1.51381303856708 ], [ 103.655598859130563, 1.513772248873703 ], [ 103.655582251532238, 1.513788148907739 ] ] ] ] } },
{ "type": "Feature", "properties": { "id": null, "FloorLevel": "5", "Zone": "Green", "ShopName": null, "LotNo": null, "Type": "Toilet", "Category": null, "layer": "Level5_TasekCentral_fixed", "path": "C:/Users/Stephanie/Documents/001 Tasek Mall/04 GIS/Floorplans/Floorplans FINAL/Level5_TasekCentral_fixed.shp" }, "geometry": { "type": "MultiPolygon", "coordinates": [ [ [ [ 103.655664837185, 1.513927312139385 ], [ 103.65568026856009, 1.513912538216832 ], [ 103.655683937306861, 1.513916367551293 ], [ 103.655711579409953, 1.513889903137962 ], [ 103.655678631198427, 1.513855512721648 ], [ 103.655635557719549, 1.513896751058569 ], [ 103.655664837185, 1.513927312139385 ] ] ] ] } },
{ "type": "Feature", "properties": { "id": null, "FloorLevel": "5", "Zone": "Blue", "ShopName": null, "LotNo": null, "Type": "Toilet", "Category": null, "layer": "Level5_TasekCentral_fixed", "path": "C:/Users/Stephanie/Documents/001 Tasek Mall/04 GIS/Floorplans/Floorplans FINAL/Level5_TasekCentral_fixed.shp" }, "geometry": { "type": "MultiPolygon", "coordinates": [ [ [ [ 103.65568026856009, 1.513912538216832 ], [ 103.655683937306861, 1.513916367551294 ], [ 103.655695292437997, 1.51392821971712 ], [ 103.655706731286415, 1.513917268219906 ], [ 103.655695376155336, 1.513905416054215 ], [ 103.655683937306861, 1.513916367551293 ], [ 103.65568026856009, 1.513912538216832 ] ] ] ] } },
{ "type": "Feature", "properties": { "id": null, "FloorLevel": "5", "Zone": null, "ShopName": null, "LotNo": null, "Type": "Back of House", "Category": null, "layer": "Level5_TasekCentral_fixed", "path": "C:/Users/Stephanie/Documents/001 Tasek Mall/04 GIS/Floorplans/Floorplans FINAL/Level5_TasekCentral_fixed.shp" }, "geometry": { "type": "MultiPolygon", "coordinates": [ [ [ [ 103.655543204862511, 1.51427648701177 ], [ 103.655525767879283, 1.514258219318093 ], [ 103.655509818147564, 1.514273433115511 ], [ 103.655515709679761, 1.514279605323886 ], [ 103.655547545576738, 1.514312957904584 ], [ 103.655563495307689, 1.514297744108119 ], [ 103.655543204862511, 1.51427648701177 ] ] ] ] } },
{ "type": "Feature", "properties": { "id": null, "FloorLevel": "5", "Zone": "Green", "ShopName": null, "LotNo": null, "Type": "Lift", "Category": null, "layer": "Level5_TasekCentral_fixed", "path": "C:/Users/Stephanie/Documents/001 Tasek Mall/04 GIS/Floorplans/Floorplans FINAL/Level5_TasekCentral_fixed.shp" }, "geometry": { "type": "MultiPolygon", "coordinates": [ [ [ [ 103.655531833192327, 1.513737120806166 ], [ 103.655553209574606, 1.513759433355242 ], [ 103.655570615401075, 1.51374276988609 ], [ 103.655549239623141, 1.513720457411001 ], [ 103.655531833192327, 1.513737120806166 ] ] ] ] } },
{ "type": "Feature", "properties": { "id": null, "FloorLevel": "5", "Zone": "Green", "ShopName": null, "LotNo": null, "Type": "Lift", "Category": null, "layer": "Level5_TasekCentral_fixed", "path": "C:/Users/Stephanie/Documents/001 Tasek Mall/04 GIS/Floorplans/Floorplans FINAL/Level5_TasekCentral_fixed.shp" }, "geometry": { "type": "MultiPolygon", "coordinates": [ [ [ [ 103.655553209574606, 1.513759433355242 ], [ 103.655531833192327, 1.513737120806166 ], [ 103.655530103958213, 1.513738777738265 ], [ 103.655530103955783, 1.513738777737706 ], [ 103.655514428698154, 1.513753785097287 ], [ 103.655535803748194, 1.513776096824267 ], [ 103.655553209574606, 1.513759433355242 ] ] ] ] } },
{ "type": "Feature", "properties": { "id": null, "FloorLevel": "5", "Zone": "Blue", "ShopName": null, "LotNo": null, "Type": "Lift", "Category": null, "layer": "Level5_TasekCentral_fixed", "path": "C:/Users/Stephanie/Documents/001 Tasek Mall/04 GIS/Floorplans/Floorplans FINAL/Level5_TasekCentral_fixed.shp" }, "geometry": { "type": "MultiPolygon", "coordinates": [ [ [ [ 103.655731137291895, 1.513945148276379 ], [ 103.655752512674795, 1.513967460346675 ], [ 103.655769918501264, 1.513950796877523 ], [ 103.65574854272333, 1.513928484402435 ], [ 103.655731137291895, 1.513945148276379 ] ] ] ] } },
{ "type": "Feature", "properties": { "id": null, "FloorLevel": "5", "Zone": "Purple", "ShopName": null, "LotNo": null, "Type": "Lift", "Category": null, "layer": "Level5_TasekCentral_fixed", "path": "C:/Users/Stephanie/Documents/001 Tasek Mall/04 GIS/Floorplans/Floorplans FINAL/Level5_TasekCentral_fixed.shp" }, "geometry": { "type": "MultiPolygon", "coordinates": [ [ [ [ 103.655608507968878, 1.514341926064766 ], [ 103.6555871315866, 1.514319613515689 ], [ 103.655569725155829, 1.514336276910726 ], [ 103.655591102142466, 1.514358589533791 ], [ 103.655608507968878, 1.514341926064766 ] ] ] ] } },
{ "type": "Feature", "properties": { "id": null, "FloorLevel": "5", "Zone": "Purple", "ShopName": null, "LotNo": null, "Type": "Lift", "Category": null, "layer": "Level5_TasekCentral_fixed", "path": "C:/Users/Stephanie/Documents/001 Tasek Mall/04 GIS/Floorplans/Floorplans FINAL/Level5_TasekCentral_fixed.shp" }, "geometry": { "type": "MultiPolygon", "coordinates": [ [ [ [ 103.6555871315866, 1.514319613515689 ], [ 103.655608507968878, 1.514341926064766 ], [ 103.655611255304166, 1.514339295903192 ], [ 103.655625913358648, 1.514325263013697 ], [ 103.655604538017414, 1.514302950120524 ], [ 103.6555871315866, 1.514319613515689 ] ] ] ] } },
{ "type": "Feature", "properties": { "id": null, "FloorLevel": "5", "Zone": null, "ShopName": null, "LotNo": null, "Type": "Back of House", "Category": "Roof", "layer": "Level5_TasekCentral_fixed", "path": "C:/Users/Stephanie/Documents/001 Tasek Mall/04 GIS/Floorplans/Floorplans FINAL/Level5_TasekCentral_fixed.shp" }, "geometry": { "type": "MultiPolygon", "coordinates": [ [ [ [ 103.654408330987295, 1.513752859912632 ], [ 103.654385595913169, 1.513774626348174 ], [ 103.654351360077939, 1.513739201357776 ], [ 103.654030502693217, 1.514046383575176 ], [ 103.653929009732863, 1.51414355239114 ], [ 103.653928146818799, 1.514159055092263 ], [ 103.653991112577231, 1.514225803579072 ], [ 103.653981217894966, 1.514235130998425 ], [ 103.654180389442729, 1.514446268172476 ], [ 103.65418046234818, 1.51444634545787 ], [ 103.654192907950048, 1.514459538753284 ], [ 103.654192908065184, 1.5144595386427 ], [ 103.654227907086934, 1.514496640259079 ], [ 103.65422789042205, 1.514496622864726 ], [ 103.654248677131477, 1.514518658375795 ], [ 103.65433296752127, 1.514606299419469 ], [ 103.65433785097099, 1.514611396627874 ], [ 103.654368582560821, 1.514643473402368 ], [ 103.654442961111428, 1.514721107584099 ], [ 103.65454955462485, 1.514832366987757 ], [ 103.654569639446734, 1.514813137910173 ], [ 103.654603477277476, 1.514780741791167 ], [ 103.65464965334121, 1.514828938703897 ], [ 103.655102242044364, 1.514395629526769 ], [ 103.655071575871503, 1.514363621277161 ], [ 103.655152369329073, 1.514286283036556 ], [ 103.655160114947861, 1.514294369075605 ], [ 103.655161198224107, 1.514293335489904 ], [ 103.655230162110641, 1.514227535016636 ], [ 103.655249845433232, 1.514208754579758 ], [ 103.655287052433152, 1.514173254286935 ], [ 103.655280214382188, 1.514166092494987 ], [ 103.65530223201749, 1.514145083494266 ], [ 103.655314487015843, 1.514157917883196 ], [ 103.655359006201991, 1.514115436355954 ], [ 103.655288470580246, 1.514041569047779 ], [ 103.655288485275591, 1.514041555780431 ], [ 103.655283240542332, 1.51403606118391 ], [ 103.655282864914042, 1.514035667667833 ], [ 103.655278120838446, 1.514030697572916 ], [ 103.655285703415203, 1.514023464861752 ], [ 103.655260368144866, 1.513997020530508 ], [ 103.655242380426316, 1.513978245457828 ], [ 103.655239768779083, 1.513975519494139 ], [ 103.655212929455303, 1.513947506104319 ], [ 103.655212929786728, 1.513947505710571 ], [ 103.655211165227001, 1.513945663912916 ], [ 103.655500036290618, 1.513669100161745 ], [ 103.655249608515376, 1.513407709702764 ], [ 103.654950259798483, 1.513698303990453 ], [ 103.654950259798369, 1.513698303990333 ], [ 103.654950259798369, 1.513698303990335 ], [ 103.654950259798483, 1.513698303990457 ], [ 103.654928428010138, 1.513675516582586 ], [ 103.654915582627723, 1.513687814689809 ], [ 103.654739435187963, 1.5138564573926 ], [ 103.654540369527624, 1.513647093837719 ], [ 103.654515269438832, 1.513671124541922 ], [ 103.654504906657181, 1.513660308161256 ], [ 103.654482458346976, 1.513681800065362 ], [ 103.654471597830792, 1.513670464163421 ], [ 103.654416339720697, 1.513723367968335 ], [ 103.654397425146215, 1.513741476690353 ], [ 103.654408330990151, 1.513752859910585 ], [ 103.654408330987295, 1.513752859912632 ], [ 103.654408330987295, 1.513752859912632 ] ], [ [ 103.655210524790988, 1.513944995443868 ], [ 103.655210524790974, 1.513944995443878 ], [ 103.655210524790974, 1.513944995443875 ], [ 103.655210524790988, 1.513944995443868 ] ] ] ] } },
{ "type": "Feature", "properties": { "id": null, "FloorLevel": "5", "Zone": "Green", "ShopName": "Event Hall", "LotNo": null, "Type": "Event Hall", "Category": "Event Hall", "layer": "Level5_TasekCentral_fixed", "path": "C:/Users/Stephanie/Documents/001 Tasek Mall/04 GIS/Floorplans/Floorplans FINAL/Level5_TasekCentral_fixed.shp" }, "geometry": { "type": "MultiPolygon", "coordinates": [ [ [ [ 103.655589159353994, 1.514108292057801 ], [ 103.655632475163699, 1.514067055173919 ], [ 103.655694583251659, 1.514007927938138 ], [ 103.655581746807627, 1.5138901519997 ], [ 103.655614778474231, 1.513858527762408 ], [ 103.655535804231718, 1.513776096361369 ], [ 103.655535803748194, 1.513776096824267 ], [ 103.655514428937536, 1.513753785347161 ], [ 103.65551442869814, 1.513753785097287 ], [ 103.655549239623141, 1.513720457411001 ], [ 103.655500036290618, 1.513669100161745 ], [ 103.655211165227001, 1.513945663912921 ], [ 103.655218625909427, 1.513953451162815 ], [ 103.655229492315854, 1.513964793211354 ], [ 103.655260368144866, 1.513997020530508 ], [ 103.655285703415203, 1.514023464861752 ], [ 103.655278120838446, 1.514030697572916 ], [ 103.655340913386766, 1.514096481607865 ], [ 103.655375830372591, 1.514133062065637 ], [ 103.655376631250519, 1.514133901097985 ], [ 103.655400541151778, 1.514158950086539 ], [ 103.655449214308504, 1.514209942068819 ], [ 103.655461136882693, 1.514222432643352 ], [ 103.655465006312923, 1.514226486415769 ], [ 103.655589159353994, 1.514108292057801 ] ] ] ] } },
{ "type": "Feature", "properties": { "id": null, "FloorLevel": "5", "Zone": "Purple/Blue", "ShopName": null, "LotNo": null, "Type": "Back of House", "Category": "Cinema", "layer": "Level5_TasekCentral_fixed", "path": "C:/Users/Stephanie/Documents/001 Tasek Mall/04 GIS/Floorplans/Floorplans FINAL/Level5_TasekCentral_fixed.shp" }, "geometry": { "type": "MultiPolygon", "coordinates": [ [ [ [ 103.655935388347956, 1.514123508580447 ], [ 103.655929016599544, 1.51411685792964 ], [ 103.655928773691087, 1.514117090488963 ], [ 103.655946775727358, 1.514135986882414 ], [ 103.655946775727358, 1.514135986882416 ], [ 103.655928773691087, 1.514117090488964 ], [ 103.655631892439644, 1.514401323085536 ], [ 103.655649913703641, 1.514420202889701 ], [ 103.65564991370367, 1.514420202889683 ], [ 103.655649913703655, 1.514420202889701 ], [ 103.655679550475767, 1.51445113671124 ], [ 103.655805874516574, 1.514582989307031 ], [ 103.655879188330374, 1.514513058531722 ], [ 103.655919698932621, 1.514474417270878 ], [ 103.655929091842964, 1.514465457791586 ], [ 103.656031634370692, 1.514367647036454 ], [ 103.65610355949174, 1.514299040856415 ], [ 103.655976709374301, 1.514166638298518 ], [ 103.655961846706361, 1.514151125066387 ], [ 103.655947071792497, 1.514135703429331 ], [ 103.655935388347956, 1.514123508580447 ] ] ] ] } },
{ "type": "Feature", "properties": { "id": null, "FloorLevel": "5", "Zone": "Blue", "ShopName": "Event Hall", "LotNo": null, "Type": "Event Hall", "Category": "Event Hall", "layer": "Level5_TasekCentral_fixed", "path": "C:/Users/Stephanie/Documents/001 Tasek Mall/04 GIS/Floorplans/Floorplans FINAL/Level5_TasekCentral_fixed.shp" }, "geometry": { "type": "MultiPolygon", "coordinates": [ [ [ [ 103.655674952799842, 1.5142894081351 ], [ 103.655666976482507, 1.514297044620546 ], [ 103.655702300471162, 1.514333914798459 ], [ 103.655928773691087, 1.514117090488964 ], [ 103.655893553701262, 1.514080120738714 ], [ 103.655846511402274, 1.514030741336478 ], [ 103.655831291157568, 1.514045231091634 ], [ 103.655813923370857, 1.514027000457643 ], [ 103.655786878351321, 1.514052747462288 ], [ 103.655720591762432, 1.513983167695487 ], [ 103.655589159353994, 1.514108292057801 ], [ 103.65562864512404, 1.514149739514383 ], [ 103.655633040686894, 1.514154353452485 ], [ 103.655643009561501, 1.514164817589223 ], [ 103.655652999862426, 1.514175304216769 ], [ 103.655667990384515, 1.514249256212195 ], [ 103.65566983938831, 1.514258377810272 ], [ 103.65567593819064, 1.514288464726939 ], [ 103.655674952799842, 1.5142894081351 ] ] ] ] } },
{ "type": "Feature", "properties": { "id": null, "FloorLevel": "5", "Zone": null, "ShopName": null, "LotNo": null, "Type": "Walkway", "Category": null, "layer": "Level5_TasekCentral_fixed", "path": "C:/Users/Stephanie/Documents/001 Tasek Mall/04 GIS/Floorplans/Floorplans FINAL/Level5_TasekCentral_fixed.shp" }, "geometry": { "type": "MultiPolygon", "coordinates": [ [ [ [ 103.655614778474231, 1.513858527762408 ], [ 103.655581746807627, 1.5138901519997 ], [ 103.655694583251659, 1.514007927938138 ], [ 103.655720591762432, 1.513983167695487 ], [ 103.655786878351321, 1.514052747462288 ], [ 103.655813923370857, 1.514027000457643 ], [ 103.655831291157568, 1.514045231091634 ], [ 103.655846511402274, 1.514030741336478 ], [ 103.655893553701262, 1.514080120738714 ], [ 103.655893692611357, 1.514079987746883 ], [ 103.655598859130563, 1.513772248873703 ], [ 103.655577211452254, 1.513749653635644 ], [ 103.655577211459942, 1.513749653628284 ], [ 103.655570615401075, 1.51374276988609 ], [ 103.655535804231718, 1.513776096361369 ], [ 103.655614778474231, 1.513858527762408 ] ], [ [ 103.655769918501264, 1.513950796877523 ], [ 103.655752512674795, 1.513967460346675 ], [ 103.655731137291895, 1.513945148276379 ], [ 103.655705469244879, 1.513969722737593 ], [ 103.655705469244879, 1.513969722737593 ], [ 103.655697036881023, 1.5139609212741 ], [ 103.655679861062879, 1.513942993639534 ], [ 103.655695292437954, 1.51392821971707 ], [ 103.655683937306861, 1.513916367551294 ], [ 103.65568026856009, 1.513912538216832 ], [ 103.655664837185, 1.513927312139385 ], [ 103.655635557719549, 1.513896751058569 ], [ 103.655678631198427, 1.513855512721648 ], [ 103.655711579409953, 1.513889903137962 ], [ 103.65574854272333, 1.513928484402435 ], [ 103.655846511402274, 1.514030741336478 ], [ 103.655769918501264, 1.513950796877523 ] ], [ [ 103.655637938252667, 1.51381303856708 ], [ 103.655621330656388, 1.513828938598471 ], [ 103.655582251532238, 1.513788148907739 ], [ 103.655598859130563, 1.513772248873703 ], [ 103.655637938252667, 1.51381303856708 ] ] ] ] } },
{ "type": "Feature", "properties": { "id": null, "FloorLevel": "5", "Zone": null, "ShopName": null, "LotNo": null, "Type": "Escalator", "Category": null, "layer": "Level5_TasekCentral_fixed", "path": "C:/Users/Stephanie/Documents/001 Tasek Mall/04 GIS/Floorplans/Floorplans FINAL/Level5_TasekCentral_fixed.shp" }, "geometry": { "type": "MultiPolygon", "coordinates": [ [ [ [ 103.655627370492439, 1.514242909428064 ], [ 103.655629807442253, 1.514254931511229 ], [ 103.655648698437716, 1.514251104864863 ], [ 103.655635387404629, 1.514185438208461 ], [ 103.655631672971609, 1.514167113980778 ], [ 103.655629242300392, 1.514155122871048 ], [ 103.655622041554366, 1.514156581487134 ], [ 103.655610351304915, 1.514158949517591 ], [ 103.655611983686711, 1.514167002465458 ], [ 103.655624224055927, 1.514227387269435 ], [ 103.655627370492439, 1.514242909428064 ] ] ] ] } },
{ "type": "Feature", "properties": { "id": null, "FloorLevel": "5", "Zone": null, "ShopName": null, "LotNo": null, "Type": "Escalator", "Category": null, "layer": "Level5_TasekCentral_fixed", "path": "C:/Users/Stephanie/Documents/001 Tasek Mall/04 GIS/Floorplans/Floorplans FINAL/Level5_TasekCentral_fixed.shp" }, "geometry": { "type": "MultiPolygon", "coordinates": [ [ [ [ 103.655631672971609, 1.514167113980778 ], [ 103.655635387404629, 1.514185438208461 ], [ 103.655648698437716, 1.514251104864863 ], [ 103.655650948392861, 1.514262204456619 ], [ 103.65566983938831, 1.514258377810272 ], [ 103.655667990384515, 1.514249256212195 ], [ 103.655652999862426, 1.514175304216769 ], [ 103.655643009561501, 1.514164817589223 ], [ 103.655631672971609, 1.514167113980778 ] ] ] ] } },
{ "type": "Feature", "properties": { "id": null, "FloorLevel": "5", "Zone": null, "ShopName": null, "LotNo": null, "Type": "Void", "Category": null, "layer": "Level5_TasekCentral_fixed", "path": "C:/Users/Stephanie/Documents/001 Tasek Mall/04 GIS/Floorplans/Floorplans FINAL/Level5_TasekCentral_fixed.shp" }, "geometry": { "type": "MultiPolygon", "coordinates": [ [ [ [ 103.655611983686711, 1.514167002465458 ], [ 103.655605073580276, 1.514174162041581 ], [ 103.655617545876112, 1.514228907648477 ], [ 103.655624224055927, 1.514227387269435 ], [ 103.655611983686711, 1.514167002465458 ] ] ] ] } },
{ "type": "Feature", "properties": { "id": null, "FloorLevel": "5", "Zone": null, "ShopName": null, "LotNo": null, "Type": "Void", "Category": null, "layer": "Level5_TasekCentral_fixed", "path": "C:/Users/Stephanie/Documents/001 Tasek Mall/04 GIS/Floorplans/Floorplans FINAL/Level5_TasekCentral_fixed.shp" }, "geometry": { "type": "MultiPolygon", "coordinates": [ [ [ [ 103.655622041554366, 1.514156581487134 ], [ 103.655629242300392, 1.514155122871048 ], [ 103.655631672971609, 1.514167113980778 ], [ 103.655643009561501, 1.514164817589223 ], [ 103.655633040686894, 1.514154353452485 ], [ 103.65562864512404, 1.514149739514383 ], [ 103.655622041554366, 1.514156581487134 ] ] ] ] } },
{ "type": "Feature", "properties": { "id": null, "FloorLevel": "5", "Zone": null, "ShopName": null, "LotNo": null, "Type": "Walkway", "Category": null, "layer": "Level5_TasekCentral_fixed", "path": "C:/Users/Stephanie/Documents/001 Tasek Mall/04 GIS/Floorplans/Floorplans FINAL/Level5_TasekCentral_fixed.shp" }, "geometry": { "type": "MultiPolygon", "coordinates": [ [ [ [ 103.655629807442253, 1.514254931511229 ], [ 103.655627370492439, 1.514242909428064 ], [ 103.655624224055927, 1.514227387269435 ], [ 103.655617545876112, 1.514228907648477 ], [ 103.655605073580276, 1.514174162041581 ], [ 103.655611983686711, 1.514167002465458 ], [ 103.655610351304915, 1.514158949517591 ], [ 103.655622041554366, 1.514156581487134 ], [ 103.65562864512404, 1.514149739514383 ], [ 103.655589159353994, 1.514108292057801 ], [ 103.655465006312923, 1.514226486415769 ], [ 103.655509818147564, 1.514273433115511 ], [ 103.655525767879283, 1.514258219318093 ], [ 103.655563495307689, 1.514297744108119 ], [ 103.655547545576738, 1.514312957904584 ], [ 103.655563185111177, 1.51432934251266 ], [ 103.655563131186099, 1.514329394140082 ], [ 103.655569725155829, 1.514336276910726 ], [ 103.655604538017414, 1.514302950120524 ], [ 103.655625913358648, 1.514325263013695 ], [ 103.655611255304166, 1.514339295903192 ], [ 103.655591102142466, 1.514358589533791 ], [ 103.655619778452959, 1.514388521158158 ], [ 103.655619778454152, 1.514388521159402 ], [ 103.655619723180891, 1.51438857407846 ], [ 103.655631892439644, 1.514401323085536 ], [ 103.655694696054439, 1.514341195228016 ], [ 103.655702300471162, 1.514333914798459 ], [ 103.655666976482507, 1.514297044620546 ], [ 103.655674952799842, 1.5142894081351 ], [ 103.65567593819064, 1.514288464726942 ], [ 103.65566983938831, 1.514258377810272 ], [ 103.655650948392861, 1.514262204456619 ], [ 103.655648698437716, 1.514251104864863 ], [ 103.655629807442253, 1.514254931511229 ] ] ] ] } },
{ "type": "Feature", "properties": { "id": null, "FloorLevel": "G", "Zone": null, "ShopName": null, "LotNo": null, "Type": "Back of House", "Category": null, "layer": "LevelG_TasekCentral_fixed", "path": "C:/Users/Stephanie/Documents/001 Tasek Mall/04 GIS/Floorplans/Floorplans FINAL/LevelG_TasekCentral_fixed.shp" }, "geometry": { "type": "MultiPolygon", "coordinates": [ [ [ [ 103.655593547939645, 1.513810531551286 ], [ 103.655599617499362, 1.513816866786964 ], [ 103.655616036693786, 1.51383400556508 ], [ 103.655637869652821, 1.513813103876029 ], [ 103.655609874758284, 1.513783862353948 ], [ 103.655598805521862, 1.51377230019841 ], [ 103.655589045496569, 1.513781644399165 ], [ 103.655576958734883, 1.513793216206001 ], [ 103.655593547939645, 1.513810531551286 ] ] ] ] } },
{ "type": "Feature", "properties": { "id": null, "FloorLevel": "G", "Zone": null, "ShopName": null, "LotNo": null, "Type": "Back of House", "Category": null, "layer": "LevelG_TasekCentral_fixed", "path": "C:/Users/Stephanie/Documents/001 Tasek Mall/04 GIS/Floorplans/Floorplans FINAL/LevelG_TasekCentral_fixed.shp" }, "geometry": { "type": "MultiPolygon", "coordinates": [ [ [ [ 103.654732850747436, 1.514575536878437 ], [ 103.654741013175084, 1.514584078355796 ], [ 103.654720656628854, 1.514603517938282 ], [ 103.654775659261247, 1.514661074800968 ], [ 103.654776852300287, 1.514662323242746 ], [ 103.654811955345366, 1.514629106595655 ], [ 103.654810637743097, 1.514627711245902 ], [ 103.6547599630116, 1.514574046360958 ], [ 103.654756199988512, 1.514570104087817 ], [ 103.654756199988512, 1.514570104087817 ], [ 103.654756199988512, 1.514570104087819 ], [ 103.654756199988498, 1.514570104087829 ], [ 103.654747786684183, 1.514561290019256 ], [ 103.654732850747436, 1.514575536878437 ] ] ] ] } },
{ "type": "Feature", "properties": { "id": null, "FloorLevel": "G", "Zone": "Orange", "ShopName": null, "LotNo": null, "Type": "Lift", "Category": null, "layer": "LevelG_TasekCentral_fixed", "path": "C:/Users/Stephanie/Documents/001 Tasek Mall/04 GIS/Floorplans/Floorplans FINAL/LevelG_TasekCentral_fixed.shp" }, "geometry": { "type": "MultiPolygon", "coordinates": [ [ [ [ 103.654056362803189, 1.514115376463714 ], [ 103.654038284816565, 1.51413268422649 ], [ 103.654060624184766, 1.514156001441768 ], [ 103.654078702171148, 1.51413869367958 ], [ 103.654056362803189, 1.514115376463714 ] ] ] ] } },
{ "type": "Feature", "properties": { "id": null, "FloorLevel": "G", "Zone": "Orange", "ShopName": null, "LotNo": null, "Type": "Lift", "Category": null, "layer": "LevelG_TasekCentral_fixed", "path": "C:/Users/Stephanie/Documents/001 Tasek Mall/04 GIS/Floorplans/Floorplans FINAL/LevelG_TasekCentral_fixed.shp" }, "geometry": { "type": "MultiPolygon", "coordinates": [ [ [ [ 103.654034023435202, 1.514092059247835 ], [ 103.654015945448378, 1.514109367010961 ], [ 103.654038284816565, 1.51413268422649 ], [ 103.654056362803189, 1.514115376463714 ], [ 103.654034023435202, 1.514092059247835 ] ] ] ] } },
{ "type": "Feature", "properties": { "id": null, "FloorLevel": "G", "Zone": null, "ShopName": null, "LotNo": null, "Type": "Escalator", "Category": null, "layer": "LevelG_TasekCentral_fixed", "path": "C:/Users/Stephanie/Documents/001 Tasek Mall/04 GIS/Floorplans/Floorplans FINAL/LevelG_TasekCentral_fixed.shp" }, "geometry": { "type": "MultiPolygon", "coordinates": [ [ [ [ 103.654631536392259, 1.513931243902007 ], [ 103.654537411911619, 1.513832999419322 ], [ 103.65453009818421, 1.513840001546174 ], [ 103.65452278445683, 1.513847003673001 ], [ 103.654533802327052, 1.513858503815555 ], [ 103.654606464838992, 1.513934346897364 ], [ 103.654616879144953, 1.513945217056161 ], [ 103.654616533398979, 1.513944856176271 ], [ 103.654616908938522, 1.513945248153851 ], [ 103.654616908938522, 1.513945248153851 ], [ 103.654624207768592, 1.513938230479096 ], [ 103.654631536392259, 1.513931243902007 ] ] ] ] } },
{ "type": "Feature", "properties": { "id": null, "FloorLevel": "G", "Zone": "Yellow/Pink", "ShopName": null, "LotNo": null, "Type": "Escalator", "Category": null, "layer": "LevelG_TasekCentral_fixed", "path": "C:/Users/Stephanie/Documents/001 Tasek Mall/04 GIS/Floorplans/Floorplans FINAL/LevelG_TasekCentral_fixed.shp" }, "geometry": { "type": "MultiPolygon", "coordinates": [ [ [ [ 103.654866692633618, 1.514303620810478 ], [ 103.654767818846167, 1.514397021283652 ], [ 103.654771699514242, 1.514401126491546 ], [ 103.654779811972659, 1.514409708345772 ], [ 103.654782151757388, 1.51441218351298 ], [ 103.654782986071083, 1.514413066100977 ], [ 103.654794413360236, 1.514401977984829 ], [ 103.65479493051231, 1.514401476182329 ], [ 103.654880608172107, 1.514318341518558 ], [ 103.654878465007059, 1.514316074347435 ], [ 103.654866692633618, 1.514303620810478 ] ] ] ] } },
{ "type": "Feature", "properties": { "id": null, "FloorLevel": "G", "Zone": null, "ShopName": null, "LotNo": null, "Type": "Escalator", "Category": null, "layer": "LevelG_TasekCentral_fixed", "path": "C:/Users/Stephanie/Documents/001 Tasek Mall/04 GIS/Floorplans/Floorplans FINAL/LevelG_TasekCentral_fixed.shp" }, "geometry": { "type": "MultiPolygon", "coordinates": [ [ [ [ 103.654537411911619, 1.513832999419322 ], [ 103.654631536392259, 1.513931243902007 ], [ 103.654638850119142, 1.513924241776052 ], [ 103.654646163846039, 1.513917239650074 ], [ 103.65456789696114, 1.513835546879329 ], [ 103.654552039365058, 1.513818995166815 ], [ 103.654544725638331, 1.51382599729308 ], [ 103.654537411911619, 1.513832999419322 ] ] ] ] } },
{ "type": "Feature", "properties": { "id": null, "FloorLevel": "G", "Zone": "Yellow/Pink", "ShopName": null, "LotNo": null, "Type": "Escalator", "Category": null, "layer": "LevelG_TasekCentral_fixed", "path": "C:/Users/Stephanie/Documents/001 Tasek Mall/04 GIS/Floorplans/Floorplans FINAL/LevelG_TasekCentral_fixed.shp" }, "geometry": { "type": "MultiPolygon", "coordinates": [ [ [ [ 103.654767818846167, 1.514397021283652 ], [ 103.654866692633618, 1.514303620810478 ], [ 103.65485499880532, 1.514291250363216 ], [ 103.654852777095215, 1.514288900102298 ], [ 103.6548376990782, 1.514303530588283 ], [ 103.654771601848097, 1.514367665984732 ], [ 103.654755215184977, 1.514383566274938 ], [ 103.654767818846167, 1.514397021283652 ] ] ] ] } },
{ "type": "Feature", "properties": { "id": null, "FloorLevel": "G", "Zone": null, "ShopName": null, "LotNo": null, "Type": "Lift", "Category": null, "layer": "LevelG_TasekCentral_fixed", "path": "C:/Users/Stephanie/Documents/001 Tasek Mall/04 GIS/Floorplans/Floorplans FINAL/LevelG_TasekCentral_fixed.shp" }, "geometry": { "type": "MultiPolygon", "coordinates": [ [ [ [ 103.654331223674518, 1.514467713707634 ], [ 103.654307477687027, 1.514490447979065 ], [ 103.654325767251336, 1.514509538117708 ], [ 103.654349513238685, 1.51448680384607 ], [ 103.654333449599065, 1.514470037065765 ], [ 103.654331223674518, 1.514467713707634 ] ] ] ] } },
{ "type": "Feature", "properties": { "id": null, "FloorLevel": "G", "Zone": null, "ShopName": null, "LotNo": null, "Type": "Lift", "Category": null, "layer": "LevelG_TasekCentral_fixed", "path": "C:/Users/Stephanie/Documents/001 Tasek Mall/04 GIS/Floorplans/Floorplans FINAL/LevelG_TasekCentral_fixed.shp" }, "geometry": { "type": "MultiPolygon", "coordinates": [ [ [ [ 103.654325767251336, 1.514509538117708 ], [ 103.654307477687027, 1.514490447979065 ], [ 103.654283731699564, 1.514513182250258 ], [ 103.654302021263959, 1.514532272388725 ], [ 103.654325767251336, 1.514509538117708 ] ] ] ] } },
{ "type": "Feature", "properties": { "id": null, "FloorLevel": "G", "Zone": "Orange", "ShopName": null, "LotNo": null, "Type": "Lift", "Category": null, "layer": "LevelG_TasekCentral_fixed", "path": "C:/Users/Stephanie/Documents/001 Tasek Mall/04 GIS/Floorplans/Floorplans FINAL/LevelG_TasekCentral_fixed.shp" }, "geometry": { "type": "MultiPolygon", "coordinates": [ [ [ [ 103.65458954387887, 1.51399010480416 ], [ 103.654608840330368, 1.513971630476802 ], [ 103.654589072931614, 1.513950997823859 ], [ 103.654574726741401, 1.513964732795646 ], [ 103.654574909654244, 1.513964557675798 ], [ 103.654569776479732, 1.513969472151782 ], [ 103.65458954387887, 1.51399010480416 ] ] ] ] } },
{ "type": "Feature", "properties": { "id": null, "FloorLevel": "G", "Zone": "Orange", "ShopName": null, "LotNo": null, "Type": "Back of House", "Category": null, "layer": "LevelG_TasekCentral_fixed", "path": "C:/Users/Stephanie/Documents/001 Tasek Mall/04 GIS/Floorplans/Floorplans FINAL/LevelG_TasekCentral_fixed.shp" }, "geometry": { "type": "MultiPolygon", "coordinates": [ [ [ [ 103.654569776479732, 1.513969472151782 ], [ 103.654574726741401, 1.513964732795646 ], [ 103.654574909654244, 1.513964557675798 ], [ 103.654589072931614, 1.513950997823859 ], [ 103.654606464838992, 1.513934346897364 ], [ 103.65453380232708, 1.513858503815554 ], [ 103.654497113968574, 1.513893629071215 ], [ 103.654515244438883, 1.513912553144966 ], [ 103.654560352303832, 1.513959635462862 ], [ 103.654569776479732, 1.513969472151782 ] ] ] ] } },
{ "type": "Feature", "properties": { "id": null, "FloorLevel": "G", "Zone": "Orange", "ShopName": null, "LotNo": null, "Type": "Back of House", "Category": null, "layer": "LevelG_TasekCentral_fixed", "path": "C:/Users/Stephanie/Documents/001 Tasek Mall/04 GIS/Floorplans/Floorplans FINAL/LevelG_TasekCentral_fixed.shp" }, "geometry": { "type": "MultiPolygon", "coordinates": [ [ [ [ 103.654104276938554, 1.514205749852358 ], [ 103.654076286115625, 1.51417674520377 ], [ 103.654056059407168, 1.514196110140287 ], [ 103.654021560085653, 1.514229573494068 ], [ 103.654018088437212, 1.514232940893625 ], [ 103.654017849793391, 1.514232691807285 ], [ 103.654045938604341, 1.514262009721792 ], [ 103.654104276938554, 1.514205749852358 ] ] ] ] } },
{ "type": "Feature", "properties": { "id": null, "FloorLevel": "G", "Zone": null, "ShopName": null, "LotNo": null, "Type": "Back of House", "Category": null, "layer": "LevelG_TasekCentral_fixed", "path": "C:/Users/Stephanie/Documents/001 Tasek Mall/04 GIS/Floorplans/Floorplans FINAL/LevelG_TasekCentral_fixed.shp" }, "geometry": { "type": "MultiPolygon", "coordinates": [ [ [ [ 103.654550570795593, 1.514833427638081 ], [ 103.654581196131915, 1.51480410689249 ], [ 103.654584965007402, 1.514800498565122 ], [ 103.654414348244217, 1.514622414947542 ], [ 103.654379954725016, 1.514655343360261 ], [ 103.654531011811144, 1.514813012519192 ], [ 103.654531453625793, 1.514813473672954 ], [ 103.654531580553041, 1.514813606156061 ], [ 103.654546024245519, 1.514828682076761 ], [ 103.654550570795593, 1.514833427638081 ] ] ] ] } },
{ "type": "Feature", "properties": { "id": null, "FloorLevel": "G", "Zone": null, "ShopName": null, "LotNo": null, "Type": "Back of House", "Category": null, "layer": "LevelG_TasekCentral_fixed", "path": "C:/Users/Stephanie/Documents/001 Tasek Mall/04 GIS/Floorplans/Floorplans FINAL/LevelG_TasekCentral_fixed.shp" }, "geometry": { "type": "MultiPolygon", "coordinates": [ [ [ [ 103.654573947436418, 1.514751318225895 ], [ 103.654590884353269, 1.514751318225895 ], [ 103.654664289984723, 1.514681982810642 ], [ 103.654664289984737, 1.514681982810635 ], [ 103.654635337281363, 1.514651351906093 ], [ 103.654596332926914, 1.514688191022615 ], [ 103.654596433493225, 1.514688297541026 ], [ 103.654596314037704, 1.514688172857669 ], [ 103.654554156224748, 1.514644170053063 ], [ 103.654476397792038, 1.514563008605591 ], [ 103.654446102195507, 1.514592013660694 ], [ 103.654446102195507, 1.514616062622501 ], [ 103.654573947436418, 1.514751318225895 ] ] ] ] } },
{ "type": "Feature", "properties": { "id": null, "FloorLevel": "G", "Zone": null, "ShopName": null, "LotNo": null, "Type": "Back of House", "Category": null, "layer": "LevelG_TasekCentral_fixed", "path": "C:/Users/Stephanie/Documents/001 Tasek Mall/04 GIS/Floorplans/Floorplans FINAL/LevelG_TasekCentral_fixed.shp" }, "geometry": { "type": "MultiPolygon", "coordinates": [ [ [ [ 103.654573495268892, 1.514812210101108 ], [ 103.654573859545948, 1.514812591867834 ], [ 103.654574230403668, 1.514812967249664 ], [ 103.654574607730112, 1.514813336133257 ], [ 103.654574991411351, 1.51481369840724 ], [ 103.654575381331554, 1.514814053962229 ], [ 103.654575777372969, 1.514814402690874 ], [ 103.654576179416026, 1.514814744487882 ], [ 103.654576587339335, 1.514815079250055 ], [ 103.654577001019732, 1.51481540687632 ], [ 103.654577420332345, 1.514815727267756 ], [ 103.654577845150527, 1.514816040327627 ], [ 103.65457827534604, 1.514816345961412 ], [ 103.654578710788996, 1.514816644076832 ], [ 103.654579151347889, 1.514816934583876 ], [ 103.654579596889747, 1.514817217394832 ], [ 103.654580047280035, 1.514817492424312 ], [ 103.654580502382743, 1.514817759589276 ], [ 103.654580962060479, 1.514818018809059 ], [ 103.65458142617446, 1.514818270005395 ], [ 103.654581894584538, 1.514818513102441 ], [ 103.654582367149317, 1.514818748026799 ], [ 103.654582843726089, 1.514818974707538 ], [ 103.654583324170986, 1.514819193076218 ], [ 103.654583808338913, 1.514819403066905 ], [ 103.654584296083712, 1.514819604616199 ], [ 103.654584787258116, 1.514819797663245 ], [ 103.654585281713807, 1.514819982149757 ], [ 103.654585779301513, 1.514820158020033 ], [ 103.654586279871012, 1.514820325220973 ], [ 103.654586783271128, 1.514820483702094 ], [ 103.654587289349905, 1.514820633415546 ], [ 103.65458779795452, 1.514820774316126 ], [ 103.654588308931409, 1.514820906361292 ], [ 103.654588822126328, 1.514821029511176 ], [ 103.654589337384294, 1.514821143728596 ], [ 103.654589854549741, 1.514821248979066 ], [ 103.654590373466533, 1.514821345230808 ], [ 103.654590893977996, 1.51482143245476 ], [ 103.654591415926944, 1.514821510624588 ], [ 103.654591939155836, 1.514821579716688 ], [ 103.654592463506646, 1.514821639710202 ], [ 103.654592988821079, 1.514821690587014 ], [ 103.65459351494053, 1.514821732331764 ], [ 103.654594041706133, 1.514821764931848 ], [ 103.654594568958842, 1.514821788377422 ], [ 103.654595096539509, 1.514821802661409 ], [ 103.65459562428876, 1.514821807779494 ], [ 103.654596152047333, 1.514821803730134 ], [ 103.654596679655853, 1.514821790514549 ], [ 103.654597206955003, 1.514821768136732 ], [ 103.654597733785607, 1.514821736603437 ], [ 103.65459825998856, 1.514821695924187 ], [ 103.654598785405, 1.514821646111263 ], [ 103.654599309876318, 1.514821587179704 ], [ 103.654599833244134, 1.514821519147306 ], [ 103.654600355350439, 1.514821442034607 ], [ 103.654600876037577, 1.514821355864891 ], [ 103.654601395148347, 1.514821260664175 ], [ 103.654601912526033, 1.514821156461203 ], [ 103.6546024280144, 1.514821043287436 ], [ 103.65460294145781, 1.514820921177046 ], [ 103.654603452701238, 1.5148207901669 ], [ 103.654603961590354, 1.514820650296554 ], [ 103.654604467971467, 1.514820501608241 ], [ 103.654604971691725, 1.514820344146851 ], [ 103.654605472598988, 1.514820177959928 ], [ 103.654605970542079, 1.51482000309765 ], [ 103.65460646537062, 1.514819819612809 ], [ 103.654606956935211, 1.514819627560808 ], [ 103.65460744508745, 1.514819426999631 ], [ 103.654607929679912, 1.514819217989835 ], [ 103.654608410566325, 1.514819000594525 ], [ 103.654608887601484, 1.514818774879338 ], [ 103.654609360641345, 1.514818540912425 ], [ 103.654609829543105, 1.514818298764428 ], [ 103.654610294165181, 1.514818048508457 ], [ 103.654610754367269, 1.514817790220073 ], [ 103.654611210010444, 1.514817523977259 ], [ 103.654611660957144, 1.514817249860403 ], [ 103.654612107071188, 1.514816967952268 ], [ 103.654612470216577, 1.514816729546098 ], [ 103.654737845624069, 1.514697142614645 ], [ 103.65469558032278, 1.514652427467349 ], [ 103.654664289984737, 1.514681982810642 ], [ 103.654675408827401, 1.514671480488444 ], [ 103.654696609980419, 1.514693609486921 ], [ 103.654584965007402, 1.514800498565122 ], [ 103.654581196131915, 1.51480410689249 ], [ 103.654573137682533, 1.514811822064719 ], [ 103.654573137682547, 1.514811822064753 ], [ 103.654573495268892, 1.514812210101108 ] ] ] ] } },
{ "type": "Feature", "properties": { "id": null, "FloorLevel": "G", "Zone": null, "ShopName": null, "LotNo": null, "Type": "Back of House", "Category": null, "layer": "LevelG_TasekCentral_fixed", "path": "C:/Users/Stephanie/Documents/001 Tasek Mall/04 GIS/Floorplans/Floorplans FINAL/LevelG_TasekCentral_fixed.shp" }, "geometry": { "type": "MultiPolygon", "coordinates": [ [ [ [ 103.654317180866173, 1.514321164196657 ], [ 103.654279989349561, 1.514282344781474 ], [ 103.654263763562369, 1.514265408759706 ], [ 103.654234469424523, 1.514293454582749 ], [ 103.654250695440368, 1.514310390822613 ], [ 103.654258687054991, 1.514318732235797 ], [ 103.654287886868758, 1.514349210145296 ], [ 103.654300418789859, 1.514337212137336 ], [ 103.654317180866173, 1.514321164196657 ] ] ] ] } },
{ "type": "Feature", "properties": { "id": null, "FloorLevel": "G", "Zone": "Orange", "ShopName": null, "LotNo": null, "Type": "Back of House", "Category": null, "layer": "LevelG_TasekCentral_fixed", "path": "C:/Users/Stephanie/Documents/001 Tasek Mall/04 GIS/Floorplans/Floorplans FINAL/LevelG_TasekCentral_fixed.shp" }, "geometry": { "type": "MultiPolygon", "coordinates": [ [ [ [ 103.654056059407168, 1.514196110140287 ], [ 103.65399352188588, 1.514130835203576 ], [ 103.653955312272231, 1.514167416872298 ], [ 103.654017849793391, 1.514232691807285 ], [ 103.654056059407168, 1.514196110140287 ] ] ] ] } },
{ "type": "Feature", "properties": { "id": null, "FloorLevel": "G", "Zone": null, "ShopName": null, "LotNo": null, "Type": null, "Category": null, "layer": "LevelG_TasekCentral_fixed", "path": "C:/Users/Stephanie/Documents/001 Tasek Mall/04 GIS/Floorplans/Floorplans FINAL/LevelG_TasekCentral_fixed.shp" }, "geometry": { "type": "MultiPolygon", "coordinates": [ [ [ [ 103.654715082240884, 1.513879683525593 ], [ 103.654715080243733, 1.513879775123046 ], [ 103.654715126844394, 1.513879730081479 ], [ 103.654715082240884, 1.513879683525593 ] ] ] ] } },
{ "type": "Feature", "properties": { "id": null, "FloorLevel": "G", "Zone": null, "ShopName": null, "LotNo": null, "Type": "Back of House", "Category": null, "layer": "LevelG_TasekCentral_fixed", "path": "C:/Users/Stephanie/Documents/001 Tasek Mall/04 GIS/Floorplans/Floorplans FINAL/LevelG_TasekCentral_fixed.shp" }, "geometry": { "type": "MultiPolygon", "coordinates": [ [ [ [ 103.654302021263945, 1.51453227238871 ], [ 103.654302021263931, 1.514532272388724 ], [ 103.654282537455344, 1.514553661940546 ], [ 103.654379954725016, 1.514655343360261 ], [ 103.654414348244217, 1.514622414947542 ], [ 103.654414791902965, 1.51457862496834 ], [ 103.654411414493055, 1.514575099721978 ], [ 103.654423250125745, 1.514563768355798 ], [ 103.654349513238671, 1.514486803846077 ], [ 103.654325767251336, 1.514509538117708 ], [ 103.654302021263959, 1.514532272388725 ], [ 103.654302021263945, 1.51453227238871 ] ] ] ] } },
{ "type": "Feature", "properties": { "id": null, "FloorLevel": "G", "Zone": null, "ShopName": null, "LotNo": null, "Type": null, "Category": null, "layer": "LevelG_TasekCentral_fixed", "path": "C:/Users/Stephanie/Documents/001 Tasek Mall/04 GIS/Floorplans/Floorplans FINAL/LevelG_TasekCentral_fixed.shp" }, "geometry": { "type": "MultiPolygon", "coordinates": [ [ [ [ 103.654283731699564, 1.514513182250258 ], [ 103.654295531546381, 1.514525498602127 ], [ 103.654292407451649, 1.514522237758915 ], [ 103.654283731699564, 1.514513182250258 ] ] ] ] } },
{ "type": "Feature", "properties": { "id": null, "FloorLevel": "G", "Zone": null, "ShopName": null, "LotNo": null, "Type": "Back of House", "Category": null, "layer": "LevelG_TasekCentral_fixed", "path": "C:/Users/Stephanie/Documents/001 Tasek Mall/04 GIS/Floorplans/Floorplans FINAL/LevelG_TasekCentral_fixed.shp" }, "geometry": { "type": "MultiPolygon", "coordinates": [ [ [ [ 103.654295531546381, 1.514525498602127 ], [ 103.654283731699564, 1.514513182250258 ], [ 103.654262634585024, 1.51449116166887 ], [ 103.654241783637175, 1.514511124245712 ], [ 103.654271642162144, 1.51454228973843 ], [ 103.654282537455344, 1.514553661940546 ], [ 103.654302021263931, 1.514532272388724 ], [ 103.654302021263945, 1.51453227238871 ], [ 103.654295531546381, 1.514525498602127 ] ] ] ] } },
{ "type": "Feature", "properties": { "id": null, "FloorLevel": "G", "Zone": null, "ShopName": null, "LotNo": null, "Type": "Walkway", "Category": null, "layer": "LevelG_TasekCentral_fixed", "path": "C:/Users/Stephanie/Documents/001 Tasek Mall/04 GIS/Floorplans/Floorplans FINAL/LevelG_TasekCentral_fixed.shp" }, "geometry": { "type": "MultiPolygon", "coordinates": [ [ [ [ 103.654584965007402, 1.514800498565122 ], [ 103.654696609980419, 1.514693609486921 ], [ 103.654675408827401, 1.514671480488444 ], [ 103.654664289984737, 1.514681982810642 ], [ 103.654664289984737, 1.514681982810635 ], [ 103.654664289984723, 1.514681982810642 ], [ 103.654590884353269, 1.514751318225895 ], [ 103.654573947436418, 1.514751318225895 ], [ 103.654446102195507, 1.514616062622501 ], [ 103.654446102195507, 1.514592013660911 ], [ 103.654476397792038, 1.514563008605591 ], [ 103.654403706827551, 1.514487136394262 ], [ 103.65435510011919, 1.514436402462276 ], [ 103.654397639169929, 1.514395675499649 ], [ 103.654343496421617, 1.514339163245079 ], [ 103.65434995736706, 1.51433297752423 ], [ 103.654291181505798, 1.514271629391042 ], [ 103.654291181505798, 1.514271629391042 ], [ 103.654289231472035, 1.514255551550026 ], [ 103.654263763562369, 1.514265408759706 ], [ 103.654279989281122, 1.514282344846994 ], [ 103.654279989349561, 1.514282344781467 ], [ 103.654279989349575, 1.514282344781466 ], [ 103.654279989349561, 1.514282344781474 ], [ 103.654317180866173, 1.514321164196657 ], [ 103.654300418789859, 1.514337212137336 ], [ 103.654308568128599, 1.514345958608464 ], [ 103.654298613697193, 1.514355227990894 ], [ 103.654336371863096, 1.514395748334868 ], [ 103.654294032743238, 1.514475956410776 ], [ 103.654254469959128, 1.514458194068963 ], [ 103.654217128243587, 1.514499963325652 ], [ 103.654230496950518, 1.514513867323417 ], [ 103.654237754620837, 1.514506918871212 ], [ 103.654239533959867, 1.514508776095503 ], [ 103.654241783637175, 1.514511124245712 ], [ 103.654262634585024, 1.51449116166887 ], [ 103.654283731699564, 1.514513182250258 ], [ 103.654307477687027, 1.514490447979065 ], [ 103.654331223674518, 1.514467713707634 ], [ 103.654333449599065, 1.514470037065765 ], [ 103.654349513238685, 1.51448680384607 ], [ 103.654349513238671, 1.514486803846077 ], [ 103.654423250125745, 1.514563768355798 ], [ 103.654411414493055, 1.514575099721978 ], [ 103.654414791902965, 1.51457862496834 ], [ 103.654414348244217, 1.514622414947542 ], [ 103.654584965007402, 1.514800498565122 ] ] ] ] } },
{ "type": "Feature", "properties": { "id": null, "FloorLevel": "G", "Zone": null, "ShopName": null, "LotNo": null, "Type": null, "Category": null, "layer": "LevelG_TasekCentral_fixed", "path": "C:/Users/Stephanie/Documents/001 Tasek Mall/04 GIS/Floorplans/Floorplans FINAL/LevelG_TasekCentral_fixed.shp" }, "geometry": { "type": "MultiPolygon", "coordinates": [ [ [ [ 103.65442600032128, 1.51377130220241 ], [ 103.65442600032128, 1.51377130220241 ], [ 103.654412341991275, 1.513757046380447 ], [ 103.65442600032128, 1.51377130220241 ] ] ] ] } },
{ "type": "Feature", "properties": { "id": null, "FloorLevel": "G", "Zone": "Orange", "ShopName": null, "LotNo": null, "Type": "Shop", "Category": null, "layer": "LevelG_TasekCentral_fixed", "path": "C:/Users/Stephanie/Documents/001 Tasek Mall/04 GIS/Floorplans/Floorplans FINAL/LevelG_TasekCentral_fixed.shp" }, "geometry": { "type": "MultiPolygon", "coordinates": [ [ [ [ 103.654489544856517, 1.514027426161034 ], [ 103.65450528340844, 1.51401235814982 ], [ 103.654560352303832, 1.513959635462862 ], [ 103.654515244438883, 1.513912553144966 ], [ 103.654497113968574, 1.513893629071215 ], [ 103.65451449879906, 1.513876984919278 ], [ 103.65449711396856, 1.513893629071215 ], [ 103.654426306523021, 1.513961419772132 ], [ 103.654489544856517, 1.514027426161034 ] ] ] ] } },
{ "type": "Feature", "properties": { "id": null, "FloorLevel": "G", "Zone": "Orange", "ShopName": null, "LotNo": null, "Type": "Toilet", "Category": null, "layer": "LevelG_TasekCentral_fixed", "path": "C:/Users/Stephanie/Documents/001 Tasek Mall/04 GIS/Floorplans/Floorplans FINAL/LevelG_TasekCentral_fixed.shp" }, "geometry": { "type": "MultiPolygon", "coordinates": [ [ [ [ 103.654338208874151, 1.514114115335068 ], [ 103.654342248041146, 1.514118331303229 ], [ 103.654344727856099, 1.514143184163771 ], [ 103.654372706033968, 1.514139287067055 ], [ 103.6544044587326, 1.51410888719173 ], [ 103.654361953262864, 1.514064521181769 ], [ 103.654347399531161, 1.514078454852358 ], [ 103.654338157364322, 1.514087303257078 ], [ 103.654351580230596, 1.514101313664974 ], [ 103.654338208874151, 1.514114115335068 ] ] ] ] } },
{ "type": "Feature", "properties": { "id": null, "FloorLevel": "G", "Zone": "Orange", "ShopName": null, "LotNo": null, "Type": "Toilet", "Category": null, "layer": "LevelG_TasekCentral_fixed", "path": "C:/Users/Stephanie/Documents/001 Tasek Mall/04 GIS/Floorplans/Floorplans FINAL/LevelG_TasekCentral_fixed.shp" }, "geometry": { "type": "MultiPolygon", "coordinates": [ [ [ [ 103.6544044587326, 1.51410888719173 ], [ 103.654422606250151, 1.514091512850061 ], [ 103.654436211431261, 1.514078487315978 ], [ 103.654393705959549, 1.514034121307357 ], [ 103.654361953262864, 1.514064521181769 ], [ 103.6544044587326, 1.51410888719173 ] ] ] ] } },
{ "type": "Feature", "properties": { "id": null, "FloorLevel": "G", "Zone": "Orange", "ShopName": null, "LotNo": null, "Type": "Toilet", "Category": null, "layer": "LevelG_TasekCentral_fixed", "path": "C:/Users/Stephanie/Documents/001 Tasek Mall/04 GIS/Floorplans/Floorplans FINAL/LevelG_TasekCentral_fixed.shp" }, "geometry": { "type": "MultiPolygon", "coordinates": [ [ [ [ 103.654328608957456, 1.514104095213826 ], [ 103.654332431906994, 1.514108085500293 ], [ 103.654334532646914, 1.514110278193133 ], [ 103.654338208874151, 1.514114115335068 ], [ 103.654351580230596, 1.514101313664974 ], [ 103.654338157364322, 1.514087303257078 ], [ 103.65432478600799, 1.514100104927352 ], [ 103.654328608957456, 1.514104095213826 ] ] ] ] } },
{ "type": "Feature", "properties": { "id": null, "FloorLevel": "G", "Zone": "Green", "ShopName": null, "LotNo": null, "Type": "Lift", "Category": null, "layer": "LevelG_TasekCentral_fixed", "path": "C:/Users/Stephanie/Documents/001 Tasek Mall/04 GIS/Floorplans/Floorplans FINAL/LevelG_TasekCentral_fixed.shp" }, "geometry": { "type": "MultiPolygon", "coordinates": [ [ [ [ 103.655531833476473, 1.513737120534154 ], [ 103.655514427087738, 1.513753784541654 ], [ 103.655525115417959, 1.513764940682989 ], [ 103.655535803748194, 1.513776096824267 ], [ 103.655553209574578, 1.513759433355212 ], [ 103.655531833476473, 1.513737120534154 ] ] ] ] } },
{ "type": "Feature", "properties": { "id": null, "FloorLevel": "G", "Zone": "Green", "ShopName": null, "LotNo": null, "Type": "Lift", "Category": null, "layer": "LevelG_TasekCentral_fixed", "path": "C:/Users/Stephanie/Documents/001 Tasek Mall/04 GIS/Floorplans/Floorplans FINAL/LevelG_TasekCentral_fixed.shp" }, "geometry": { "type": "MultiPolygon", "coordinates": [ [ [ [ 103.655557192413852, 1.513755620383768 ], [ 103.655570562254539, 1.51374282076846 ], [ 103.655570615957373, 1.513742769353474 ], [ 103.655559927044067, 1.513731612603462 ], [ 103.65554946992269, 1.513720697790422 ], [ 103.655549239623127, 1.513720457411014 ], [ 103.655531833476473, 1.513737120534154 ], [ 103.655553209574578, 1.513759433355204 ], [ 103.655557192413852, 1.513755620383768 ] ] ] ] } },
{ "type": "Feature", "properties": { "id": null, "FloorLevel": "G", "Zone": "Yellow/Pink", "ShopName": null, "LotNo": null, "Type": "Walkway", "Category": null, "layer": "LevelG_TasekCentral_fixed", "path": "C:/Users/Stephanie/Documents/001 Tasek Mall/04 GIS/Floorplans/Floorplans FINAL/LevelG_TasekCentral_fixed.shp" }, "geometry": { "type": "MultiPolygon", "coordinates": [ [ [ [ 103.654903150352695, 1.5143101387468 ], [ 103.654841526964759, 1.514248853065635 ], [ 103.654677427110457, 1.514406064416802 ], [ 103.654736437361152, 1.514467617289071 ], [ 103.654903150352695, 1.5143101387468 ] ], [ [ 103.654782151757388, 1.51441218351298 ], [ 103.654755215184977, 1.514383566274938 ], [ 103.6548376990782, 1.514303530588283 ], [ 103.654852777095201, 1.514288900102298 ], [ 103.65485499880532, 1.514291250363216 ], [ 103.654866692633618, 1.514303620810478 ], [ 103.654878465007059, 1.514316074347435 ], [ 103.654880608172093, 1.514318341518557 ], [ 103.654782986071055, 1.514413066100977 ], [ 103.654782151757388, 1.51441218351298 ] ] ] ] } },
{ "type": "Feature", "properties": { "id": null, "FloorLevel": "G", "Zone": "Green", "ShopName": null, "LotNo": null, "Type": "Walkway", "Category": null, "layer": "LevelG_TasekCentral_fixed", "path": "C:/Users/Stephanie/Documents/001 Tasek Mall/04 GIS/Floorplans/Floorplans FINAL/LevelG_TasekCentral_fixed.shp" }, "geometry": { "type": "MultiPolygon", "coordinates": [ [ [ [ 103.655570562254539, 1.51374282076846 ], [ 103.655535803748194, 1.513776096824267 ], [ 103.6555640477998, 1.513805577072368 ], [ 103.655598805466255, 1.513772300140368 ], [ 103.655570562254539, 1.51374282076846 ] ] ] ] } },
{ "type": "Feature", "properties": { "id": null, "FloorLevel": "G", "Zone": "Pink", "ShopName": null, "LotNo": null, "Type": "Walkway", "Category": null, "layer": "LevelG_TasekCentral_fixed", "path": "C:/Users/Stephanie/Documents/001 Tasek Mall/04 GIS/Floorplans/Floorplans FINAL/LevelG_TasekCentral_fixed.shp" }, "geometry": { "type": "MultiPolygon", "coordinates": [ [ [ [ 103.655305860091801, 1.514106516318261 ], [ 103.655243974235205, 1.514041682394904 ], [ 103.655212932004076, 1.514071292794866 ], [ 103.655228461480149, 1.514087561843351 ], [ 103.655239158412414, 1.514077358310083 ], [ 103.655257779188673, 1.514096865878092 ], [ 103.655210991358018, 1.514141495606284 ], [ 103.65524289031076, 1.514174913706622 ], [ 103.655288255291921, 1.514131641199222 ], [ 103.655283896381107, 1.514126961898838 ], [ 103.655305860091801, 1.514106516318261 ] ] ] ] } },
{ "type": "Feature", "properties": { "id": null, "FloorLevel": "G", "Zone": "Pink", "ShopName": null, "LotNo": null, "Type": "Lift", "Category": null, "layer": "LevelG_TasekCentral_fixed", "path": "C:/Users/Stephanie/Documents/001 Tasek Mall/04 GIS/Floorplans/Floorplans FINAL/LevelG_TasekCentral_fixed.shp" }, "geometry": { "type": "MultiPolygon", "coordinates": [ [ [ [ 103.655192371071408, 1.514121987692874 ], [ 103.655203329644138, 1.514133468340361 ], [ 103.655204757289837, 1.514134964000201 ], [ 103.655208225634766, 1.514138597579682 ], [ 103.65521099162892, 1.514141495347879 ], [ 103.655234385501004, 1.514119180525028 ], [ 103.655215764728652, 1.514099673014216 ], [ 103.655192371071408, 1.514121987692874 ] ] ] ] } },
{ "type": "Feature", "properties": { "id": null, "FloorLevel": "G", "Zone": "Pink", "ShopName": null, "LotNo": null, "Type": "Lift", "Category": null, "layer": "LevelG_TasekCentral_fixed", "path": "C:/Users/Stephanie/Documents/001 Tasek Mall/04 GIS/Floorplans/Floorplans FINAL/LevelG_TasekCentral_fixed.shp" }, "geometry": { "type": "MultiPolygon", "coordinates": [ [ [ [ 103.655239158385939, 1.514077358335333 ], [ 103.655228461480149, 1.514087561843351 ], [ 103.655215764728652, 1.514099673014216 ], [ 103.655234385501004, 1.514119180525028 ], [ 103.655257779188673, 1.514096865878094 ], [ 103.655239158385939, 1.514077358335333 ] ] ] ] } },
{ "type": "Feature", "properties": { "id": null, "FloorLevel": "G", "Zone": "Orange", "ShopName": "La Primeur", "LotNo": "G-11", "Type": "Shop", "Category": "Food and Beverage", "layer": "LevelG_TasekCentral_fixed", "path": "C:/Users/Stephanie/Documents/001 Tasek Mall/04 GIS/Floorplans/Floorplans FINAL/LevelG_TasekCentral_fixed.shp" }, "geometry": { "type": "MultiPolygon", "coordinates": [ [ [ [ 103.654504906657181, 1.513660308161176 ], [ 103.654504906657166, 1.513660308161256 ], [ 103.654482458346976, 1.513681800065361 ], [ 103.654488052218781, 1.513687638791697 ], [ 103.654500171864811, 1.51370028893795 ], [ 103.654650528878108, 1.513857227359756 ], [ 103.654659734683634, 1.513848413766572 ], [ 103.654672977188469, 1.513835735457175 ], [ 103.654690850353688, 1.513818623776048 ], [ 103.654522779822983, 1.513643196478115 ], [ 103.654504906657181, 1.513660308161176 ] ] ] ] } },
{ "type": "Feature", "properties": { "id": null, "FloorLevel": "G", "Zone": "Orange", "ShopName": "80's 90's", "LotNo": "G-07", "Type": "Shop", "Category": "Food and Beverage", "layer": "LevelG_TasekCentral_fixed", "path": "C:/Users/Stephanie/Documents/001 Tasek Mall/04 GIS/Floorplans/Floorplans FINAL/LevelG_TasekCentral_fixed.shp" }, "geometry": { "type": "MultiPolygon", "coordinates": [ [ [ [ 103.654332081270738, 1.513861604036371 ], [ 103.654332081270724, 1.513861604036385 ], [ 103.654303705705075, 1.51388877134768 ], [ 103.654296166701513, 1.513895989334397 ], [ 103.654344119647703, 1.51394604000773 ], [ 103.654474144121224, 1.513821552081521 ], [ 103.65442600032128, 1.51377130220241 ], [ 103.654412341991275, 1.513757046380447 ], [ 103.654408330706431, 1.513752859619472 ], [ 103.654385595825218, 1.513774626432356 ], [ 103.654403456293608, 1.513793268217616 ], [ 103.654352393174392, 1.513842157029634 ], [ 103.654332081270752, 1.513861604036385 ], [ 103.654332081270738, 1.513861604036371 ] ] ] ] } },
{ "type": "Feature", "properties": { "id": null, "FloorLevel": "G", "Zone": null, "ShopName": null, "LotNo": null, "Type": "Back of House", "Category": null, "layer": "LevelG_TasekCentral_fixed", "path": "C:/Users/Stephanie/Documents/001 Tasek Mall/04 GIS/Floorplans/Floorplans FINAL/LevelG_TasekCentral_fixed.shp" }, "geometry": { "type": "MultiPolygon", "coordinates": [ [ [ [ 103.654296166701513, 1.513895989334397 ], [ 103.654303705705075, 1.51388877134768 ], [ 103.654332081270724, 1.513861604036385 ], [ 103.654332081270738, 1.513861604036371 ], [ 103.654297582219556, 1.513825594874939 ], [ 103.654224933548917, 1.513895148308679 ], [ 103.654259433963446, 1.51393115796252 ], [ 103.654296166701513, 1.513895989334397 ] ] ] ] } },
{ "type": "Feature", "properties": { "id": null, "FloorLevel": "G", "Zone": "Orange", "ShopName": null, "LotNo": null, "Type": "Shop", "Category": null, "layer": "LevelG_TasekCentral_fixed", "path": "C:/Users/Stephanie/Documents/001 Tasek Mall/04 GIS/Floorplans/Floorplans FINAL/LevelG_TasekCentral_fixed.shp" }, "geometry": { "type": "MultiPolygon", "coordinates": [ [ [ [ 103.654133145952002, 1.513983025244125 ], [ 103.654190243436616, 1.514042620486737 ], [ 103.654296055426556, 1.513941314061541 ], [ 103.65432141243673, 1.513967780327286 ], [ 103.654344119647703, 1.51394604000773 ], [ 103.654296166701513, 1.513895989334397 ], [ 103.654259433963446, 1.51393115796252 ], [ 103.654224933548917, 1.513895148308679 ], [ 103.654133145952002, 1.513983025244125 ] ] ] ] } },
{ "type": "Feature", "properties": { "id": null, "FloorLevel": "G", "Zone": "Orange", "ShopName": "7-Eleven", "LotNo": "G-03", "Type": "Shop", "Category": "Convenience Store", "layer": "LevelG_TasekCentral_fixed", "path": "C:/Users/Stephanie/Documents/001 Tasek Mall/04 GIS/Floorplans/Floorplans FINAL/LevelG_TasekCentral_fixed.shp" }, "geometry": { "type": "MultiPolygon", "coordinates": [ [ [ [ 103.654091785223997, 1.514022623775381 ], [ 103.654159283994659, 1.514090750386594 ], [ 103.654199482426392, 1.514052263640516 ], [ 103.654190243436616, 1.514042620486737 ], [ 103.654133145952002, 1.513983025244125 ], [ 103.654091785223997, 1.514022623775381 ] ] ] ] } },
{ "type": "Feature", "properties": { "id": null, "FloorLevel": "G", "Zone": "Orange", "ShopName": "Vanakam India", "LotNo": "G-01", "Type": "Shop", "Category": null, "layer": "LevelG_TasekCentral_fixed", "path": "C:/Users/Stephanie/Documents/001 Tasek Mall/04 GIS/Floorplans/Floorplans FINAL/LevelG_TasekCentral_fixed.shp" }, "geometry": { "type": "MultiPolygon", "coordinates": [ [ [ [ 103.654159283994574, 1.514090750386671 ], [ 103.654159283994659, 1.514090750386594 ], [ 103.654091785223997, 1.514022623775381 ], [ 103.654008882241328, 1.514101994630487 ], [ 103.654015945448378, 1.514109367010961 ], [ 103.654015945448378, 1.514109367010961 ], [ 103.654034023435202, 1.514092059247835 ], [ 103.654056362803189, 1.514115376463714 ], [ 103.654078702171148, 1.51413869367958 ], [ 103.654075837836487, 1.514141435977427 ], [ 103.654075837836501, 1.51414143597743 ], [ 103.654073710199768, 1.514143472964841 ], [ 103.654088305208475, 1.514158706831738 ], [ 103.654091568984683, 1.514162113471187 ], [ 103.654119401432055, 1.5141911642106 ], [ 103.654156001862674, 1.514154926718783 ], [ 103.654156002162026, 1.514154926716837 ], [ 103.654189756734297, 1.514121506568147 ], [ 103.654159283994574, 1.514090750386671 ] ] ] ] } },
{ "type": "Feature", "properties": { "id": null, "FloorLevel": "G", "Zone": "Orange", "ShopName": null, "LotNo": null, "Type": "Shop", "Category": null, "layer": "LevelG_TasekCentral_fixed", "path": "C:/Users/Stephanie/Documents/001 Tasek Mall/04 GIS/Floorplans/Floorplans FINAL/LevelG_TasekCentral_fixed.shp" }, "geometry": { "type": "MultiPolygon", "coordinates": [ [ [ [ 103.654338208874151, 1.514114115335068 ], [ 103.654334532646914, 1.514110278193133 ], [ 103.654332431906994, 1.514108085500293 ], [ 103.654314477920153, 1.514125274557877 ], [ 103.654316411932371, 1.514147128305303 ], [ 103.654344727856099, 1.514143184163771 ], [ 103.654342248041146, 1.514118331303229 ], [ 103.654338208874151, 1.514114115335068 ] ] ] ] } },
{ "type": "Feature", "properties": { "id": null, "FloorLevel": "G", "Zone": "Purple", "ShopName": null, "LotNo": null, "Type": "Walkway", "Category": null, "layer": "LevelG_TasekCentral_fixed", "path": "C:/Users/Stephanie/Documents/001 Tasek Mall/04 GIS/Floorplans/Floorplans FINAL/LevelG_TasekCentral_fixed.shp" }, "geometry": { "type": "MultiPolygon", "coordinates": [ [ [ [ 103.6556045380174, 1.51430295012054 ], [ 103.655580390913812, 1.514277743891296 ], [ 103.655545578182327, 1.514311071625782 ], [ 103.655569725689745, 1.514336277468012 ], [ 103.6556045380174, 1.51430295012054 ] ] ] ] } },
{ "type": "Feature", "properties": { "id": null, "FloorLevel": "G", "Zone": "Purple", "ShopName": null, "LotNo": null, "Type": "Lift", "Category": null, "layer": "LevelG_TasekCentral_fixed", "path": "C:/Users/Stephanie/Documents/001 Tasek Mall/04 GIS/Floorplans/Floorplans FINAL/LevelG_TasekCentral_fixed.shp" }, "geometry": { "type": "MultiPolygon", "coordinates": [ [ [ [ 103.655581561545532, 1.514348631360276 ], [ 103.655591102142466, 1.51435858953379 ], [ 103.65560850796885, 1.514341926064733 ], [ 103.655587131853537, 1.514319613794313 ], [ 103.655569725689745, 1.514336277468012 ], [ 103.655581561545532, 1.514348631360276 ] ] ] ] } },
{ "type": "Feature", "properties": { "id": null, "FloorLevel": "G", "Zone": "Purple", "ShopName": null, "LotNo": null, "Type": "Lift", "Category": null, "layer": "LevelG_TasekCentral_fixed", "path": "C:/Users/Stephanie/Documents/001 Tasek Mall/04 GIS/Floorplans/Floorplans FINAL/LevelG_TasekCentral_fixed.shp" }, "geometry": { "type": "MultiPolygon", "coordinates": [ [ [ [ 103.655608507642683, 1.51434192572427 ], [ 103.655625913358563, 1.514325263013673 ], [ 103.655612591889678, 1.514311357246786 ], [ 103.655604538036059, 1.51430295013999 ], [ 103.655604538017414, 1.514302950120525 ], [ 103.6556045380174, 1.514302950120539 ], [ 103.6556045380174, 1.51430295012054 ], [ 103.655587131853537, 1.514319613794313 ], [ 103.655608507642683, 1.51434192572427 ] ] ] ] } },
{ "type": "Feature", "properties": { "id": null, "FloorLevel": "G", "Zone": null, "ShopName": null, "LotNo": null, "Type": "Walkway", "Category": null, "layer": "LevelG_TasekCentral_fixed", "path": "C:/Users/Stephanie/Documents/001 Tasek Mall/04 GIS/Floorplans/Floorplans FINAL/LevelG_TasekCentral_fixed.shp" }, "geometry": { "type": "MultiPolygon", "coordinates": [ [ [ [ 103.654112416931994, 1.514197899868608 ], [ 103.654119401432069, 1.514191164210584 ], [ 103.654119657924568, 1.514191431930362 ], [ 103.654091568984683, 1.514162113471187 ], [ 103.654073710199768, 1.514143472964841 ], [ 103.654060624184766, 1.514156001441769 ], [ 103.654015945448378, 1.514109367010962 ], [ 103.654012923620712, 1.514112260091759 ], [ 103.65399352188588, 1.514130835203576 ], [ 103.654056059407168, 1.514196110140287 ], [ 103.654076286115625, 1.51417674520377 ], [ 103.654104276938554, 1.514205749852358 ], [ 103.654112416931994, 1.514197899868608 ] ] ] ] } },
{ "type": "Feature", "properties": { "id": null, "FloorLevel": "G", "Zone": null, "ShopName": null, "LotNo": null, "Type": "Walkway", "Category": null, "layer": "LevelG_TasekCentral_fixed", "path": "C:/Users/Stephanie/Documents/001 Tasek Mall/04 GIS/Floorplans/Floorplans FINAL/LevelG_TasekCentral_fixed.shp" }, "geometry": { "type": "MultiPolygon", "coordinates": [ [ [ [ 103.654227423383816, 1.514159523572138 ], [ 103.65422758418336, 1.514159501174275 ], [ 103.654316411932371, 1.514147128305303 ], [ 103.654314477920153, 1.514125274557877 ], [ 103.654332431906994, 1.514108085500293 ], [ 103.65432478600799, 1.514100104927352 ], [ 103.654338157364322, 1.514087303257079 ], [ 103.654347399531161, 1.514078454852358 ], [ 103.654361953262864, 1.514064521181769 ], [ 103.654393705959549, 1.514034121307357 ], [ 103.654372973097438, 1.514012480932075 ], [ 103.654426306523021, 1.513961419772132 ], [ 103.65449711396856, 1.513893629071215 ], [ 103.65451449879906, 1.513876984919278 ], [ 103.654533802327066, 1.513858503815569 ], [ 103.654533802327052, 1.513858503815555 ], [ 103.65452278445683, 1.513847003673001 ], [ 103.65453009818421, 1.513840001546174 ], [ 103.654537411911619, 1.513832999419322 ], [ 103.654544725638331, 1.51382599729308 ], [ 103.654552039365058, 1.513818995166815 ], [ 103.65456789696114, 1.513835546879329 ], [ 103.654646163846039, 1.513917239650074 ], [ 103.654638850119142, 1.513924241776052 ], [ 103.654631536392259, 1.513931243902007 ], [ 103.654624207768592, 1.513938230479096 ], [ 103.654616879144953, 1.513945217056161 ], [ 103.654616908938522, 1.513945248153851 ], [ 103.654616533398979, 1.513944856176271 ], [ 103.654606464838992, 1.513934346897364 ], [ 103.654574909654244, 1.513964557675798 ], [ 103.654574726741401, 1.513964732795646 ], [ 103.654574726741416, 1.513964732795643 ], [ 103.654589072931614, 1.513950997823859 ], [ 103.654608840330368, 1.513971630476795 ], [ 103.654653183214208, 1.513929176818221 ], [ 103.654654105822743, 1.513916492566979 ], [ 103.654659850069848, 1.513910993053025 ], [ 103.654681855477861, 1.513889925183538 ], [ 103.654704158295161, 1.513868574519402 ], [ 103.654704303788975, 1.51386843328057 ], [ 103.654688192881565, 1.513851617169215 ], [ 103.654672977188469, 1.513835735457175 ], [ 103.654659734683634, 1.513848413766572 ], [ 103.654650528878108, 1.513857227359756 ], [ 103.654500171864811, 1.51370028893795 ], [ 103.65442600032128, 1.51377130220241 ], [ 103.654474144121224, 1.513821552081521 ], [ 103.654344119647703, 1.51394604000773 ], [ 103.65432141243673, 1.513967780327286 ], [ 103.654296055426556, 1.513941314061541 ], [ 103.654190243436616, 1.514042620486737 ], [ 103.654199482426392, 1.514052263640516 ], [ 103.654159283994574, 1.514090750386671 ], [ 103.654189756734297, 1.514121506568147 ], [ 103.654215507768441, 1.514147497124341 ], [ 103.654227423383816, 1.514159523572138 ] ], [ [ 103.654320140510421, 1.513983042756609 ], [ 103.654329642106745, 1.513993094132997 ], [ 103.654339143703069, 1.514003145509386 ], [ 103.654348645299379, 1.514013196885774 ], [ 103.654358146895703, 1.514023248262163 ], [ 103.654259543349923, 1.514116934602936 ], [ 103.654250041753613, 1.514106883226548 ], [ 103.654250012275099, 1.514106852042799 ], [ 103.654243680351527, 1.514100153742274 ], [ 103.654240540157289, 1.514096831850159 ], [ 103.65423103856098, 1.514086780473771 ], [ 103.654221536964656, 1.514076729097382 ], [ 103.654320140510421, 1.513983042756609 ] ] ] ] } },
{ "type": "Feature", "properties": { "id": null, "FloorLevel": "G", "Zone": "Orange", "ShopName": "Wa Cee", "LotNo": "G-16", "Type": "Shop", "Category": null, "layer": "LevelG_TasekCentral_fixed", "path": "C:/Users/Stephanie/Documents/001 Tasek Mall/04 GIS/Floorplans/Floorplans FINAL/LevelG_TasekCentral_fixed.shp" }, "geometry": { "type": "MultiPolygon", "coordinates": [ [ [ [ 103.654489544856517, 1.514027426161034 ], [ 103.654426306523021, 1.513961419772132 ], [ 103.654372973097438, 1.514012480932075 ], [ 103.65437833912631, 1.514018081841332 ], [ 103.654393705959549, 1.514034121307357 ], [ 103.654436211431261, 1.514078487315978 ], [ 103.654489544856517, 1.514027426161034 ] ] ] ] } },
{ "type": "Feature", "properties": { "id": null, "FloorLevel": "G", "Zone": null, "ShopName": null, "LotNo": null, "Type": "Carpark", "Category": null, "layer": "LevelG_TasekCentral_fixed", "path": "C:/Users/Stephanie/Documents/001 Tasek Mall/04 GIS/Floorplans/Floorplans FINAL/LevelG_TasekCentral_fixed.shp" }, "geometry": { "type": "MultiPolygon", "coordinates": [ [ [ [ 103.655288312234987, 1.514131588192083 ], [ 103.655283896381107, 1.514126961898838 ], [ 103.655288255291921, 1.514131641199222 ], [ 103.655288312234987, 1.514131588192083 ] ] ], [ [ [ 103.654610754367269, 1.514817790220073 ], [ 103.654610294165181, 1.514818048508457 ], [ 103.654609829543105, 1.514818298764428 ], [ 103.654609360641345, 1.514818540912425 ], [ 103.654608887601484, 1.514818774879338 ], [ 103.654608410566325, 1.514819000594525 ], [ 103.654607929679912, 1.514819217989835 ], [ 103.65460744508745, 1.514819426999631 ], [ 103.654606956935211, 1.514819627560808 ], [ 103.65460646537062, 1.514819819612809 ], [ 103.654605970542079, 1.51482000309765 ], [ 103.654605472598988, 1.514820177959928 ], [ 103.654604971691725, 1.514820344146851 ], [ 103.654604467971467, 1.514820501608241 ], [ 103.654603961590354, 1.514820650296554 ], [ 103.654603452701238, 1.5148207901669 ], [ 103.65460294145781, 1.514820921177046 ], [ 103.6546024280144, 1.514821043287436 ], [ 103.654601912526033, 1.514821156461203 ], [ 103.654601395148347, 1.514821260664175 ], [ 103.654600876037577, 1.514821355864891 ], [ 103.654600355350439, 1.514821442034607 ], [ 103.654599833244134, 1.514821519147306 ], [ 103.654599309876318, 1.514821587179704 ], [ 103.654598785405, 1.514821646111263 ], [ 103.65459825998856, 1.514821695924187 ], [ 103.654597733785607, 1.514821736603437 ], [ 103.654597206955003, 1.514821768136732 ], [ 103.654596679655853, 1.514821790514549 ], [ 103.654596152047333, 1.514821803730134 ], [ 103.65459562428876, 1.514821807779494 ], [ 103.654595096539509, 1.514821802661409 ], [ 103.654594568958842, 1.514821788377422 ], [ 103.654594041706133, 1.514821764931848 ], [ 103.65459351494053, 1.514821732331764 ], [ 103.654592988821079, 1.514821690587014 ], [ 103.654592463506646, 1.514821639710202 ], [ 103.654591939155836, 1.514821579716688 ], [ 103.654591415926944, 1.514821510624588 ], [ 103.654590893977996, 1.51482143245476 ], [ 103.654590373466533, 1.514821345230808 ], [ 103.654589854549741, 1.514821248979066 ], [ 103.654589337384294, 1.514821143728596 ], [ 103.654588822126328, 1.514821029511176 ], [ 103.654588308931409, 1.514820906361292 ], [ 103.65458779795452, 1.514820774316126 ], [ 103.654587289349905, 1.514820633415546 ], [ 103.654586783271128, 1.514820483702094 ], [ 103.654586279871012, 1.514820325220973 ], [ 103.654585779301513, 1.514820158020033 ], [ 103.654585281713807, 1.514819982149757 ], [ 103.654584787258116, 1.514819797663245 ], [ 103.654584296083712, 1.514819604616199 ], [ 103.654583808338913, 1.514819403066905 ], [ 103.654583324170986, 1.514819193076218 ], [ 103.654582843726089, 1.514818974707538 ], [ 103.654582367149317, 1.514818748026799 ], [ 103.654581894584538, 1.514818513102441 ], [ 103.65458142617446, 1.514818270005395 ], [ 103.654580962060479, 1.514818018809059 ], [ 103.654580502382743, 1.514817759589276 ], [ 103.654580047280035, 1.514817492424312 ], [ 103.654579596889747, 1.514817217394832 ], [ 103.654579151347889, 1.514816934583876 ], [ 103.654578710788996, 1.514816644076832 ], [ 103.65457827534604, 1.514816345961412 ], [ 103.654577845150527, 1.514816040327627 ], [ 103.654577420332345, 1.514815727267756 ], [ 103.654577001019732, 1.51481540687632 ], [ 103.654576587339335, 1.514815079250055 ], [ 103.654576179416026, 1.514814744487882 ], [ 103.654575777372969, 1.514814402690874 ], [ 103.654575381331554, 1.514814053962229 ], [ 103.654574991411351, 1.51481369840724 ], [ 103.654574607730112, 1.514813336133257 ], [ 103.654574230403668, 1.514812967249664 ], [ 103.654573859545948, 1.514812591867834 ], [ 103.654573495268892, 1.514812210101108 ], [ 103.654573137682547, 1.514811822064753 ], [ 103.654550570795593, 1.514833427638081 ], [ 103.654571767945427, 1.514855552627973 ], [ 103.654585711121683, 1.514870106123907 ], [ 103.654616050359948, 1.514869288373702 ], [ 103.654765666298573, 1.514726575873566 ], [ 103.654838593402559, 1.5146570137037 ], [ 103.654842693814572, 1.514653102488816 ], [ 103.654843766536956, 1.514652079262921 ], [ 103.654862689089853, 1.514634029815643 ], [ 103.654877706279265, 1.514619705534422 ], [ 103.655187164860436, 1.514324525660372 ], [ 103.655187428919916, 1.514324801277344 ], [ 103.655336597886333, 1.514181987237351 ], [ 103.655288255291921, 1.514131641199222 ], [ 103.65524289031076, 1.514174913706622 ], [ 103.65521099162892, 1.514141495347881 ], [ 103.655208225634766, 1.514138597579682 ], [ 103.655204757289837, 1.514134964000201 ], [ 103.655203329644138, 1.514133468340361 ], [ 103.655192371071408, 1.514121987692874 ], [ 103.655215764728652, 1.514099673014216 ], [ 103.655228461480149, 1.514087561843351 ], [ 103.655212932004076, 1.514071292794866 ], [ 103.655243974235205, 1.514041682394904 ], [ 103.655305569031796, 1.514106212518971 ], [ 103.655305607508552, 1.514106252829351 ], [ 103.655305860091801, 1.514106516318261 ], [ 103.655726416859977, 1.514545480220642 ], [ 103.655748977235561, 1.514523880969553 ], [ 103.655821698543122, 1.514599785170607 ], [ 103.656123564283973, 1.514310779602069 ], [ 103.65605059811891, 1.514234619816381 ], [ 103.656070894143994, 1.514215188446445 ], [ 103.655376691778002, 1.513490602035219 ], [ 103.655352833376384, 1.513513799935664 ], [ 103.655249344077092, 1.513407438291886 ], [ 103.654910964266989, 1.513736450311216 ], [ 103.654896908280847, 1.513722004203097 ], [ 103.65472459764996, 1.5138895445256 ], [ 103.654724562474954, 1.513889578726824 ], [ 103.654715126844394, 1.513879730081479 ], [ 103.654715080243733, 1.513879775123046 ], [ 103.654715082240884, 1.513879683525593 ], [ 103.654704303788961, 1.51386843328058 ], [ 103.654704158295161, 1.513868574519402 ], [ 103.654681855477861, 1.513889925183538 ], [ 103.654659850069848, 1.513910993053025 ], [ 103.654654105822743, 1.513916492566979 ], [ 103.654653183214208, 1.513929176818221 ], [ 103.654608840330368, 1.513971630476795 ], [ 103.65458954387887, 1.51399010480416 ], [ 103.654569776479732, 1.513969472151782 ], [ 103.654560352303832, 1.513959635462862 ], [ 103.65450528340844, 1.51401235814982 ], [ 103.654489544856517, 1.514027426161034 ], [ 103.654436211431261, 1.514078487315978 ], [ 103.654422606250151, 1.514091512850061 ], [ 103.6544044587326, 1.51410888719173 ], [ 103.654372706033968, 1.514139287067055 ], [ 103.654344727856099, 1.514143184163771 ], [ 103.654316411932371, 1.514147128305303 ], [ 103.65422758418336, 1.514159501174275 ], [ 103.654227423383816, 1.514159523572138 ], [ 103.654215507768441, 1.514147497124341 ], [ 103.654189756734297, 1.514121506568147 ], [ 103.654156002162026, 1.514154926716837 ], [ 103.654119401432055, 1.5141911642106 ], [ 103.654112416931994, 1.514197899868608 ], [ 103.654104276938554, 1.514205749852358 ], [ 103.654045938604341, 1.514262009721792 ], [ 103.654018088437212, 1.514232940893625 ], [ 103.654021560085653, 1.514229573494068 ], [ 103.654017849798677, 1.514232691802217 ], [ 103.653973508880242, 1.5142751435855 ], [ 103.654215749034108, 1.514527986894543 ], [ 103.65423049694455, 1.514513867317215 ], [ 103.654217128243587, 1.514499963325652 ], [ 103.654254469959128, 1.514458194068963 ], [ 103.654294032743238, 1.514475956410776 ], [ 103.654336371863096, 1.514395748334868 ], [ 103.654298613697193, 1.514355227990894 ], [ 103.654308568128599, 1.514345958608464 ], [ 103.654300418789859, 1.514337212137336 ], [ 103.654287886868758, 1.514349210145296 ], [ 103.654258687054991, 1.514318732235797 ], [ 103.654250695440368, 1.514310390822613 ], [ 103.654234469424523, 1.514293454582749 ], [ 103.654263763562369, 1.514265408759706 ], [ 103.654289231472035, 1.514255551550026 ], [ 103.654291181505798, 1.514271629391042 ], [ 103.65434995736706, 1.51433297752423 ], [ 103.654343496421617, 1.514339163245079 ], [ 103.654397639169929, 1.514395675499649 ], [ 103.65435510011919, 1.514436402462276 ], [ 103.654403706827551, 1.514487136394262 ], [ 103.654476397792038, 1.514563008605591 ], [ 103.654554156224748, 1.514644170053063 ], [ 103.654596314037704, 1.514688172857669 ], [ 103.65459632678548, 1.514688186163339 ], [ 103.654596332926914, 1.514688191022615 ], [ 103.654635337281363, 1.514651351906093 ], [ 103.654664289984737, 1.514681982810635 ], [ 103.65469558032278, 1.514652427467349 ], [ 103.654737850831424, 1.514697137647712 ], [ 103.654737845624069, 1.514697142614645 ], [ 103.654612470216577, 1.514816729546098 ], [ 103.654612107071188, 1.514816967952268 ], [ 103.654611660957144, 1.514817249860403 ], [ 103.654611210010444, 1.514817523977259 ], [ 103.654610754367269, 1.514817790220073 ] ], [ [ 103.655570562254539, 1.51374282076846 ], [ 103.655598805521862, 1.51377230019841 ], [ 103.655609874758284, 1.513783862353948 ], [ 103.655637869652821, 1.513813103876029 ], [ 103.655616036693786, 1.51383400556508 ], [ 103.655599617499362, 1.513816866786964 ], [ 103.655593547939645, 1.513810531551286 ], [ 103.655576958734883, 1.513793216206001 ], [ 103.6555640477998, 1.513805577072368 ], [ 103.655535803748194, 1.513776096824267 ], [ 103.655525115417959, 1.513764940682989 ], [ 103.655514427087738, 1.513753784541654 ], [ 103.655531833476473, 1.513737120534154 ], [ 103.655549239623127, 1.513720457411014 ], [ 103.65554946992269, 1.513720697790422 ], [ 103.655559927044067, 1.513731612603462 ], [ 103.655570615957373, 1.513742769353474 ], [ 103.655570562254539, 1.51374282076846 ] ], [ [ 103.655608507642683, 1.51434192572427 ], [ 103.655591102142466, 1.51435858953379 ], [ 103.655581561545532, 1.514348631360276 ], [ 103.655569725689745, 1.514336277468012 ], [ 103.655545578182327, 1.514311071625782 ], [ 103.655580390913812, 1.514277743891296 ], [ 103.6556045380174, 1.51430295012054 ], [ 103.655603401552568, 1.514304038107496 ], [ 103.655604538036059, 1.51430295013999 ], [ 103.655612591889678, 1.514311357246786 ], [ 103.655625913358563, 1.514325263013673 ], [ 103.655608507642683, 1.51434192572427 ] ], [ [ 103.654677427110457, 1.514406064416802 ], [ 103.654841526964759, 1.514248853065635 ], [ 103.654903150352695, 1.5143101387468 ], [ 103.654736437361152, 1.514467617289071 ], [ 103.654677427110457, 1.514406064416802 ] ], [ [ 103.654810637743097, 1.514627711245904 ], [ 103.654811955345366, 1.514629106595655 ], [ 103.654776852300287, 1.514662323242746 ], [ 103.654775659261247, 1.514661074800968 ], [ 103.654720656628854, 1.514603517938282 ], [ 103.654741013175084, 1.514584078355796 ], [ 103.654732850747436, 1.514575536878437 ], [ 103.654747786684183, 1.514561290019256 ], [ 103.654756199988498, 1.514570104087829 ], [ 103.6547599630116, 1.514574046360958 ], [ 103.654810637743097, 1.514627711245902 ], [ 103.654810637743097, 1.514627711245904 ] ] ] ] } },
{ "type": "Feature", "properties": { "id": null, "FloorLevel": "G", "Zone": null, "ShopName": null, "LotNo": null, "Type": "Escalator", "Category": null, "layer": "LevelG_TasekCentral_fixed", "path": "C:/Users/Stephanie/Documents/001 Tasek Mall/04 GIS/Floorplans/Floorplans FINAL/LevelG_TasekCentral_fixed.shp" }, "geometry": { "type": "MultiPolygon", "coordinates": [ [ [ [ 103.654358146895703, 1.514023248262163 ], [ 103.654348645299379, 1.514013196885774 ], [ 103.654292481053915, 1.514066252051723 ], [ 103.654250041753613, 1.514106883226548 ], [ 103.654259543349923, 1.514116934602936 ], [ 103.654301982650239, 1.514076303427885 ], [ 103.654301982650239, 1.514076303427885 ], [ 103.654358146895703, 1.514023248262163 ] ] ] ] } },
{ "type": "Feature", "properties": { "id": null, "FloorLevel": "G", "Zone": null, "ShopName": null, "LotNo": null, "Type": "Escalator", "Category": null, "layer": "LevelG_TasekCentral_fixed", "path": "C:/Users/Stephanie/Documents/001 Tasek Mall/04 GIS/Floorplans/Floorplans FINAL/LevelG_TasekCentral_fixed.shp" }, "geometry": { "type": "MultiPolygon", "coordinates": [ [ [ [ 103.654348645299393, 1.514013196885774 ], [ 103.654339143703069, 1.514003145509386 ], [ 103.654282979457605, 1.514056200675335 ], [ 103.654240540157289, 1.514096831850159 ], [ 103.654250041753613, 1.514106883226548 ], [ 103.654292481053929, 1.514066252051497 ], [ 103.654292481053929, 1.514066252051497 ], [ 103.654348645299393, 1.514013196885774 ] ] ] ] } },
{ "type": "Feature", "properties": { "id": null, "FloorLevel": "G", "Zone": null, "ShopName": null, "LotNo": null, "Type": "Escalator", "Category": null, "layer": "LevelG_TasekCentral_fixed", "path": "C:/Users/Stephanie/Documents/001 Tasek Mall/04 GIS/Floorplans/Floorplans FINAL/LevelG_TasekCentral_fixed.shp" }, "geometry": { "type": "MultiPolygon", "coordinates": [ [ [ [ 103.654339143703069, 1.514003145509386 ], [ 103.654329642106745, 1.513993094132997 ], [ 103.654273477861281, 1.514046149298946 ], [ 103.65423103856098, 1.514086780473771 ], [ 103.654240540157289, 1.514096831850159 ], [ 103.654282979457605, 1.514056200675109 ], [ 103.654282979457605, 1.514056200675108 ], [ 103.654339143703069, 1.514003145509386 ] ] ] ] } },
{ "type": "Feature", "properties": { "id": null, "FloorLevel": "G", "Zone": null, "ShopName": null, "LotNo": null, "Type": "Escalator", "Category": null, "layer": "LevelG_TasekCentral_fixed", "path": "C:/Users/Stephanie/Documents/001 Tasek Mall/04 GIS/Floorplans/Floorplans FINAL/LevelG_TasekCentral_fixed.shp" }, "geometry": { "type": "MultiPolygon", "coordinates": [ [ [ [ 103.654329642106745, 1.513993094132997 ], [ 103.654320140510421, 1.513983042756609 ], [ 103.654263976264957, 1.514036097922558 ], [ 103.654221536964656, 1.514076729097382 ], [ 103.654231038560965, 1.514086780473771 ], [ 103.654273477861281, 1.51404614929872 ], [ 103.654273477861281, 1.51404614929872 ], [ 103.654329642106745, 1.513993094132997 ] ] ] ] } }
]
}
