{
"type": "FeatureCollection",
"name": "nodes",
"crs": { "type": "name", "properties": { "name": "urn:ogc:def:crs:OGC:1.3:CRS84" } },
"xy_coordinate_resolution": 1e-15,
"features": [
{ "type": "Feature", "properties": { "nodeID": "n_G_0001", "Type": "Entrance", "FloorLevel": "G", "LotNo": null, "ShopName": null, "Category": null, "layer": "Nodes_G", "path": "C:/Users/Stephanie/Documents/001 Tasek Mall/04 GIS/Test_Claude_02/Nodes_G.geojson" }, "geometry": { "type": "Point", "coordinates": [ 103.654688192881522, 1.513851617169215 ] } },
{ "type": "Feature", "properties": { "nodeID": "n_G_0002", "Type": "Corridor", "FloorLevel": "G", "LotNo": null, "ShopName": null, "Category": null, "layer": "Nodes_G", "path": "C:/Users/Stephanie/Documents/001 Tasek Mall/04 GIS/Test_Claude_02/Nodes_G.geojson" }, "geometry": { "type": "Point", "coordinates": [ 103.654649139867672, 1.513889007922556 ] } },
{ "type": "Feature", "properties": { "nodeID": "n_G_0003", "Type": "Corridor", "FloorLevel": "G", "LotNo": null, "ShopName": null, "Category": null, "layer": "Nodes_G", "path": "C:/Users/Stephanie/Documents/001 Tasek Mall/04 GIS/Test_Claude_02/Nodes_G.geojson" }, "geometry": { "type": "Point", "coordinates": [ 103.654535970118175, 1.513770890765671 ] } },
{ "type": "Feature", "properties": { "nodeID": "n_G_0004", "Type": "Shop", "FloorLevel": "G", "LotNo": "G-11", "ShopName": "La Primeur", "Category": "Food and Beverage", "layer": "Nodes_G", "path": "C:/Users/Stephanie/Documents/001 Tasek Mall/04 GIS/Test_Claude_02/Nodes_G.geojson" }, "geometry": { "type": "Point", "coordinates": [ 103.654552578903647, 1.513754989932481 ] } },
{ "type": "Feature", "properties": { "nodeID": "n_G_0005", "Type": "Entrance", "FloorLevel": "G", "LotNo": null, "ShopName": null, "Category": null, "layer": "Nodes_G", "path": "C:/Users/Stephanie/Documents/001 Tasek Mall/04 GIS/Test_Claude_02/Nodes_G.geojson" }, "geometry": { "type": "Point", "coordinates": [ 103.654463086093003, 1.513735795570471 ] } },
{ "type": "Feature", "properties": { "nodeID": "n_G_0006", "Type": "Corridor", "FloorLevel": "G", "LotNo": null, "ShopName": null, "Category": null, "layer": "Nodes_G", "path": "C:/Users/Stephanie/Documents/001 Tasek Mall/04 GIS/Test_Claude_02/Nodes_G.geojson" }, "geometry": { "type": "Point", "coordinates": [ 103.65451549279571, 1.51379049523869 ] } },
{ "type": "Feature", "properties": { "nodeID": "n_G_0007", "Type": "Corridor", "FloorLevel": "G", "LotNo": null, "ShopName": null, "Category": null, "layer": "Nodes_G", "path": "C:/Users/Stephanie/Documents/001 Tasek Mall/04 GIS/Test_Claude_02/Nodes_G.geojson" }, "geometry": { "type": "Point", "coordinates": [ 103.654534730230012, 1.513810574359683 ] } },
{ "type": "Feature", "properties": { "nodeID": "n_G_0008", "Type": "Shop", "FloorLevel": "G", "LotNo": "G-07", "ShopName": "80's 90's", "Category": "Food and Beverage", "layer": "Nodes_G", "path": "C:/Users/Stephanie/Documents/001 Tasek Mall/04 GIS/Test_Claude_02/Nodes_G.geojson" }, "geometry": { "type": "Point", "coordinates": [ 103.654361849355013, 1.513929065246122 ] } },
{ "type": "Feature", "properties": { "nodeID": "n_G_0009", "Type": "Corridor", "FloorLevel": "G", "LotNo": null, "ShopName": null, "Category": null, "layer": "Nodes_G", "path": "C:/Users/Stephanie/Documents/001 Tasek Mall/04 GIS/Test_Claude_02/Nodes_G.geojson" }, "geometry": { "type": "Point", "coordinates": [ 103.654385352713902, 1.513953595997037 ] } },
{ "type": "Feature", "properties": { "nodeID": "n_G_0010", "Type": "Corridor", "FloorLevel": "G", "LotNo": null, "ShopName": null, "Category": null, "layer": "Nodes_G", "path": "C:/Users/Stephanie/Documents/001 Tasek Mall/04 GIS/Test_Claude_02/Nodes_G.geojson" }, "geometry": { "type": "Point", "coordinates": [ 103.654376137403275, 1.513962419204179 ] } },
{ "type": "Feature", "properties": { "nodeID": "n_G_0011", "Type": "Shop", "FloorLevel": "G", "LotNo": "G-16", "ShopName": "Wa Cee", "Category": null, "layer": "Nodes_G", "path": "C:/Users/Stephanie/Documents/001 Tasek Mall/04 GIS/Test_Claude_02/Nodes_G.geojson" }, "geometry": { "type": "Point", "coordinates": [ 103.654399639810208, 1.513986950352254 ] } },
{ "type": "Feature", "properties": { "nodeID": "n_G_0012", "Type": "Corridor", "FloorLevel": "G", "LotNo": null, "ShopName": null, "Category": null, "layer": "Nodes_G", "path": "C:/Users/Stephanie/Documents/001 Tasek Mall/04 GIS/Test_Claude_02/Nodes_G.geojson" }, "geometry": { "type": "Point", "coordinates": [ 103.654341810309916, 1.513995285709141 ] } },
{ "type": "Feature", "properties": { "nodeID": "n_G_0013", "Type": "Corridor", "FloorLevel": "G", "LotNo": null, "ShopName": null, "Category": null, "layer": "Nodes_G", "path": "C:/Users/Stephanie/Documents/001 Tasek Mall/04 GIS/Test_Claude_02/Nodes_G.geojson" }, "geometry": { "type": "Point", "coordinates": [ 103.654356317760758, 1.514058637431465 ] } },
{ "type": "Feature", "properties": { "nodeID": "n_G_0014", "Type": "Corridor", "FloorLevel": "G", "LotNo": null, "ShopName": null, "Category": null, "layer": "Nodes_G", "path": "C:/Users/Stephanie/Documents/001 Tasek Mall/04 GIS/Test_Claude_02/Nodes_G.geojson" }, "geometry": { "type": "Point", "coordinates": [ 103.654202789123602, 1.514078140168 ] } },
{ "type": "Feature", "properties": { "nodeID": "n_G_0015", "Type": "Corridor", "FloorLevel": "G", "LotNo": null, "ShopName": null, "Category": null, "layer": "Nodes_G", "path": "C:/Users/Stephanie/Documents/001 Tasek Mall/04 GIS/Test_Claude_02/Nodes_G.geojson" }, "geometry": { "type": "Point", "coordinates": [ 103.654194038435605, 1.514086804045603 ] } },
{ "type": "Feature", "properties": { "nodeID": "n_G_0016", "Type": "Shop", "FloorLevel": "G", "LotNo": "G-03", "ShopName": "7-Eleven", "Category": "Convenience Store", "layer": "Nodes_G", "path": "C:/Users/Stephanie/Documents/001 Tasek Mall/04 GIS/Test_Claude_02/Nodes_G.geojson" }, "geometry": { "type": "Point", "coordinates": [ 103.654179383210504, 1.51407150701364 ] } },
{ "type": "Feature", "properties": { "nodeID": "n_G_0017", "Type": "Shop", "FloorLevel": "G", "LotNo": "G-01", "ShopName": "Vanakam India", "Category": null, "layer": "Nodes_G", "path": "C:/Users/Stephanie/Documents/001 Tasek Mall/04 GIS/Test_Claude_02/Nodes_G.geojson" }, "geometry": { "type": "Point", "coordinates": [ 103.654174520364435, 1.514106128477465 ] } },
{ "type": "Feature", "properties": { "nodeID": "n_G_0018", "Type": "Corridor", "FloorLevel": "G", "LotNo": null, "ShopName": null, "Category": null, "layer": "Nodes_G", "path": "C:/Users/Stephanie/Documents/001 Tasek Mall/04 GIS/Test_Claude_02/Nodes_G.geojson" }, "geometry": { "type": "Point", "coordinates": [ 103.654266927493623, 1.514145688296719 ] } },
{ "type": "Feature", "properties": { "nodeID": "n_G_0019", "Type": "Toilet", "FloorLevel": "G", "LotNo": null, "ShopName": null, "Category": null, "layer": "Nodes_G", "path": "C:/Users/Stephanie/Documents/001 Tasek Mall/04 GIS/Test_Claude_02/Nodes_G.geojson" }, "geometry": { "type": "Point", "coordinates": [ 103.654344868797452, 1.514094308461037 ] } },
{ "type": "Feature", "properties": { "nodeID": "n_G_0020", "Type": "Toilet", "FloorLevel": "G", "LotNo": null, "ShopName": null, "Category": null, "layer": "Nodes_G", "path": "C:/Users/Stephanie/Documents/001 Tasek Mall/04 GIS/Test_Claude_02/Nodes_G.geojson" }, "geometry": { "type": "Point", "coordinates": [ 103.654365250923391, 1.514088225392556 ] } },
{ "type": "Feature", "properties": { "nodeID": "n_G_0021", "Type": "Toilet", "FloorLevel": "G", "LotNo": null, "ShopName": null, "Category": null, "layer": "Nodes_G", "path": "C:/Users/Stephanie/Documents/001 Tasek Mall/04 GIS/Test_Claude_02/Nodes_G.geojson" }, "geometry": { "type": "Point", "coordinates": [ 103.6543912524333, 1.514063331607154 ] } },
{ "type": "Feature", "properties": { "nodeID": "n_G_0022", "Type": "Entrance", "FloorLevel": "G", "LotNo": null, "ShopName": null, "Category": null, "layer": "Nodes_G", "path": "C:/Users/Stephanie/Documents/001 Tasek Mall/04 GIS/Test_Claude_02/Nodes_G.geojson" }, "geometry": { "type": "Point", "coordinates": [ 103.654005722944703, 1.514119153978503 ] } },
{ "type": "Feature", "properties": { "nodeID": "n_G_0023", "Type": "Entrance", "FloorLevel": "G", "LotNo": null, "ShopName": null, "Category": null, "layer": "Nodes_G", "path": "C:/Users/Stephanie/Documents/001 Tasek Mall/04 GIS/Test_Claude_02/Nodes_G.geojson" }, "geometry": { "type": "Point", "coordinates": [ 103.654111326228659, 1.514198951712623 ] } },
{ "type": "Feature", "properties": { "nodeID": "n_G_0024", "Type": "Entrance", "FloorLevel": "G", "LotNo": null, "ShopName": null, "Category": null, "layer": "Nodes_G", "path": "C:/Users/Stephanie/Documents/001 Tasek Mall/04 GIS/Test_Claude_02/Nodes_G.geojson" }, "geometry": { "type": "Point", "coordinates": [ 103.654208385979842, 1.514140311915495 ] } },
{ "type": "Feature", "properties": { "nodeID": "n_G_0025", "Type": "Corridor", "FloorLevel": "G", "LotNo": null, "ShopName": null, "Category": null, "layer": "Nodes_G", "path": "C:/Users/Stephanie/Documents/001 Tasek Mall/04 GIS/Test_Claude_02/Nodes_G.geojson" }, "geometry": { "type": "Point", "coordinates": [ 103.654235999869201, 1.514112802442499 ] } },
{ "type": "Feature", "properties": { "nodeID": "n_G_0026", "Type": "Corridor", "FloorLevel": "G", "LotNo": null, "ShopName": null, "Category": null, "layer": "Nodes_G", "path": "C:/Users/Stephanie/Documents/001 Tasek Mall/04 GIS/Test_Claude_02/Nodes_G.geojson" }, "geometry": { "type": "Point", "coordinates": [ 103.654643557975021, 1.51392948380568 ] } },
{ "type": "Feature", "properties": { "nodeID": "n_G_0027", "Type": "Corridor", "FloorLevel": "G", "LotNo": null, "ShopName": null, "Category": null, "layer": "Nodes_G", "path": "C:/Users/Stephanie/Documents/001 Tasek Mall/04 GIS/Test_Claude_02/Nodes_G.geojson" }, "geometry": { "type": "Point", "coordinates": [ 103.654358350147916, 1.514012755783011 ] } },
{ "type": "Feature", "properties": { "nodeID": "n_G_0028", "Type": "Corridor", "FloorLevel": "G", "LotNo": null, "ShopName": null, "Category": null, "layer": "Nodes_G", "path": "C:/Users/Stephanie/Documents/001 Tasek Mall/04 GIS/Test_Claude_02/Nodes_G.geojson" }, "geometry": { "type": "Point", "coordinates": [ 103.654330043381165, 1.513983779614823 ] } },
{ "type": "Feature", "properties": { "nodeID": "n_G_0029", "Type": "Corridor", "FloorLevel": "G", "LotNo": null, "ShopName": null, "Category": null, "layer": "Nodes_G", "path": "C:/Users/Stephanie/Documents/001 Tasek Mall/04 GIS/Test_Claude_02/Nodes_G.geojson" }, "geometry": { "type": "Point", "coordinates": [ 103.654517209921451, 1.51382654914021 ] } },
{ "type": "Feature", "properties": { "nodeID": "n_G_0030", "Type": "Corridor", "FloorLevel": "G", "LotNo": null, "ShopName": null, "Category": null, "layer": "Nodes_G", "path": "C:/Users/Stephanie/Documents/001 Tasek Mall/04 GIS/Test_Claude_02/Nodes_G.geojson" }, "geometry": { "type": "Point", "coordinates": [ 103.654348848799557, 1.514002720058529 ] } },
{ "type": "Feature", "properties": { "nodeID": "n_G_0031", "Type": "Corridor", "FloorLevel": "G", "LotNo": null, "ShopName": null, "Category": null, "layer": "Nodes_G", "path": "C:/Users/Stephanie/Documents/001 Tasek Mall/04 GIS/Test_Claude_02/Nodes_G.geojson" }, "geometry": { "type": "Point", "coordinates": [ 103.654339269443796, 1.513992801165738 ] } },
{ "type": "Feature", "properties": { "nodeID": "n_1_0001", "Type": "Corridor", "FloorLevel": "1", "LotNo": null, "ShopName": null, "Category": null, "layer": "Nodes_L1", "path": "C:/Users/Stephanie/Documents/001 Tasek Mall/04 GIS/Test_Claude_02/Nodes_L1.geojson" }, "geometry": { "type": "Point", "coordinates": [ 103.655405445016726, 1.513863758413372 ] } },
{ "type": "Feature", "properties": { "nodeID": "n_1_0002", "Type": "Shop", "FloorLevel": "1", "LotNo": "1-01", "ShopName": "Kedai Emas Pioneer", "Category": "Optical and Jewellery", "layer": "Nodes_L1", "path": "C:/Users/Stephanie/Documents/001 Tasek Mall/04 GIS/Test_Claude_02/Nodes_L1.geojson" }, "geometry": { "type": "Point", "coordinates": [ 103.655452186624544, 1.513912559157941 ] } },
{ "type": "Feature", "properties": { "nodeID": "n_1_0003", "Type": "Shop", "FloorLevel": "1", "LotNo": "1-02", "ShopName": "Hai-O", "Category": "Beauty and Wellness", "layer": "Nodes_L1", "path": "C:/Users/Stephanie/Documents/001 Tasek Mall/04 GIS/Test_Claude_02/Nodes_L1.geojson" }, "geometry": { "type": "Point", "coordinates": [ 103.655490082794969, 1.51387628427518 ] } },
{ "type": "Feature", "properties": { "nodeID": "n_1_0004", "Type": "Corridor", "FloorLevel": "1", "LotNo": null, "ShopName": null, "Category": null, "layer": "Nodes_L1", "path": "C:/Users/Stephanie/Documents/001 Tasek Mall/04 GIS/Test_Claude_02/Nodes_L1.geojson" }, "geometry": { "type": "Point", "coordinates": [ 103.655443398868343, 1.513827556727388 ] } },
{ "type": "Feature", "properties": { "nodeID": "n_1_0005", "Type": "Shop", "FloorLevel": "1", "LotNo": "1-03", "ShopName": "Optik Raya", "Category": "Optical and Jewellery", "layer": "Nodes_L1", "path": "C:/Users/Stephanie/Documents/001 Tasek Mall/04 GIS/Test_Claude_02/Nodes_L1.geojson" }, "geometry": { "type": "Point", "coordinates": [ 103.655530792707566, 1.513837365742722 ] } },
{ "type": "Feature", "properties": { "nodeID": "n_1_0006", "Type": "Entrance", "FloorLevel": "1", "LotNo": null, "ShopName": null, "Category": null, "layer": "Nodes_L1", "path": "C:/Users/Stephanie/Documents/001 Tasek Mall/04 GIS/Test_Claude_02/Nodes_L1.geojson" }, "geometry": { "type": "Point", "coordinates": [ 103.655523990341294, 1.513694757055446 ] } },
{ "type": "Feature", "properties": { "nodeID": "n_1_0007", "Type": "Corridor", "FloorLevel": "1", "LotNo": null, "ShopName": null, "Category": null, "layer": "Nodes_L1", "path": "C:/Users/Stephanie/Documents/001 Tasek Mall/04 GIS/Test_Claude_02/Nodes_L1.geojson" }, "geometry": { "type": "Point", "coordinates": [ 103.655269207521286, 1.513932623144308 ] } },
{ "type": "Feature", "properties": { "nodeID": "n_1_0008", "Type": "Shop", "FloorLevel": "1", "LotNo": null, "ShopName": "The Store", "Category": "Department Store", "layer": "Nodes_L1", "path": "C:/Users/Stephanie/Documents/001 Tasek Mall/04 GIS/Test_Claude_02/Nodes_L1.geojson" }, "geometry": { "type": "Point", "coordinates": [ 103.655247315725092, 1.513909771890176 ] } },
{ "type": "Feature", "properties": { "nodeID": "n_1_0009", "Type": "Corridor", "FloorLevel": "1", "LotNo": null, "ShopName": null, "Category": null, "layer": "Nodes_L1", "path": "C:/Users/Stephanie/Documents/001 Tasek Mall/04 GIS/Test_Claude_02/Nodes_L1.geojson" }, "geometry": { "type": "Point", "coordinates": [ 103.655219396580989, 1.514056226612486 ] } },
{ "type": "Feature", "properties": { "nodeID": "n_1_0010", "Type": "Shop", "FloorLevel": "1", "LotNo": "1-SAC-06", "ShopName": "Ai-Cha", "Category": "Food and Beverages", "layer": "Nodes_L1", "path": "C:/Users/Stephanie/Documents/001 Tasek Mall/04 GIS/Test_Claude_02/Nodes_L1.geojson" }, "geometry": { "type": "Point", "coordinates": [ 103.655204705562795, 1.514040892519618 ] } },
{ "type": "Feature", "properties": { "nodeID": "n_1_0011", "Type": "Corridor", "FloorLevel": "1", "LotNo": null, "ShopName": null, "Category": null, "layer": "Nodes_L1", "path": "C:/Users/Stephanie/Documents/001 Tasek Mall/04 GIS/Test_Claude_02/Nodes_L1.geojson" }, "geometry": { "type": "Point", "coordinates": [ 103.65519554659268, 1.514078493038337 ] } },
{ "type": "Feature", "properties": { "nodeID": "n_1_0012", "Type": "Corridor", "FloorLevel": "1", "LotNo": null, "ShopName": null, "Category": null, "layer": "Nodes_L1", "path": "C:/Users/Stephanie/Documents/001 Tasek Mall/04 GIS/Test_Claude_02/Nodes_L1.geojson" }, "geometry": { "type": "Point", "coordinates": [ 103.655106260336922, 1.514149131005675 ] } },
{ "type": "Feature", "properties": { "nodeID": "n_1_0013", "Type": "Shop", "FloorLevel": "1", "LotNo": "1-08", "ShopName": "AEON Wellness", "Category": "Beauty and Wellness", "layer": "Nodes_L1", "path": "C:/Users/Stephanie/Documents/001 Tasek Mall/04 GIS/Test_Claude_02/Nodes_L1.geojson" }, "geometry": { "type": "Point", "coordinates": [ 103.655132386203121, 1.514176499714005 ] } },
{ "type": "Feature", "properties": { "nodeID": "n_1_0014", "Type": "Shop", "FloorLevel": "1", "LotNo": "1-11", "ShopName": "Shihlin", "Category": "Food and Beverages", "layer": "Nodes_L1", "path": "C:/Users/Stephanie/Documents/001 Tasek Mall/04 GIS/Test_Claude_02/Nodes_L1.geojson" }, "geometry": { "type": "Point", "coordinates": [ 103.655022474347703, 1.514281343940522 ] } },
{ "type": "Feature", "properties": { "nodeID": "n_1_0015", "Type": "Corridor", "FloorLevel": "1", "LotNo": null, "ShopName": null, "Category": null, "layer": "Nodes_L1", "path": "C:/Users/Stephanie/Documents/001 Tasek Mall/04 GIS/Test_Claude_02/Nodes_L1.geojson" }, "geometry": { "type": "Point", "coordinates": [ 103.654996222802524, 1.514254088555999 ] } },
{ "type": "Feature", "properties": { "nodeID": "n_1_0016", "Type": "Corridor", "FloorLevel": "1", "LotNo": null, "ShopName": null, "Category": null, "layer": "Nodes_L1", "path": "C:/Users/Stephanie/Documents/001 Tasek Mall/04 GIS/Test_Claude_02/Nodes_L1.geojson" }, "geometry": { "type": "Point", "coordinates": [ 103.654957306174879, 1.51429120856047 ] } },
{ "type": "Feature", "properties": { "nodeID": "n_1_0017", "Type": "Shop", "FloorLevel": "1", "LotNo": "1-12", "ShopName": "COOLBLOG", "Category": "Food and Beverages", "layer": "Nodes_L1", "path": "C:/Users/Stephanie/Documents/001 Tasek Mall/04 GIS/Test_Claude_02/Nodes_L1.geojson" }, "geometry": { "type": "Point", "coordinates": [ 103.654983434399142, 1.514318581975189 ] } },
{ "type": "Feature", "properties": { "nodeID": "n_1_0018", "Type": "Corridor", "FloorLevel": "1", "LotNo": null, "ShopName": null, "Category": null, "layer": "Nodes_L1", "path": "C:/Users/Stephanie/Documents/001 Tasek Mall/04 GIS/Test_Claude_02/Nodes_L1.geojson" }, "geometry": { "type": "Point", "coordinates": [ 103.654920938245283, 1.514325897530098 ] } },
{ "type": "Feature", "properties": { "nodeID": "n_1_0019", "Type": "Toilet", "FloorLevel": "1", "LotNo": null, "ShopName": null, "Category": null, "layer": "Nodes_L1", "path": "C:/Users/Stephanie/Documents/001 Tasek Mall/04 GIS/Test_Claude_02/Nodes_L1.geojson" }, "geometry": { "type": "Point", "coordinates": [ 103.655000493213052, 1.514372958973432 ] } },
{ "type": "Feature", "properties": { "nodeID": "n_1_0020", "Type": "Toilet", "FloorLevel": "1", "LotNo": null, "ShopName": null, "Category": null, "layer": "Nodes_L1", "path": "C:/Users/Stephanie/Documents/001 Tasek Mall/04 GIS/Test_Claude_02/Nodes_L1.geojson" }, "geometry": { "type": "Point", "coordinates": [ 103.655018413834597, 1.514391734676529 ] } },
{ "type": "Feature", "properties": { "nodeID": "n_1_0021", "Type": "Toilet", "FloorLevel": "1", "LotNo": null, "ShopName": null, "Category": null, "layer": "Nodes_L1", "path": "C:/Users/Stephanie/Documents/001 Tasek Mall/04 GIS/Test_Claude_02/Nodes_L1.geojson" }, "geometry": { "type": "Point", "coordinates": [ 103.655002140432231, 1.514423655490202 ] } },
{ "type": "Feature", "properties": { "nodeID": "n_1_0022", "Type": "Corridor", "FloorLevel": "1", "LotNo": null, "ShopName": null, "Category": null, "layer": "Nodes_L1", "path": "C:/Users/Stephanie/Documents/001 Tasek Mall/04 GIS/Test_Claude_02/Nodes_L1.geojson" }, "geometry": { "type": "Point", "coordinates": [ 103.65499137160856, 1.514399688322393 ] } },
{ "type": "Feature", "properties": { "nodeID": "n_1_0023", "Type": "Shop", "FloorLevel": "1", "LotNo": "1-80", "ShopName": "Chagee", "Category": "Food and Beverages", "layer": "Nodes_L1", "path": "C:/Users/Stephanie/Documents/001 Tasek Mall/04 GIS/Test_Claude_02/Nodes_L1.geojson" }, "geometry": { "type": "Point", "coordinates": [ 103.65483441720535, 1.514150360151256 ] } },
{ "type": "Feature", "properties": { "nodeID": "n_1_0024", "Type": "Corridor", "FloorLevel": "1", "LotNo": null, "ShopName": null, "Category": null, "layer": "Nodes_L1", "path": "C:/Users/Stephanie/Documents/001 Tasek Mall/04 GIS/Test_Claude_02/Nodes_L1.geojson" }, "geometry": { "type": "Point", "coordinates": [ 103.654820770348621, 1.514163425136086 ] } },
{ "type": "Feature", "properties": { "nodeID": "n_1_0025", "Type": "Corridor", "FloorLevel": "1", "LotNo": null, "ShopName": null, "Category": null, "layer": "Nodes_L1", "path": "C:/Users/Stephanie/Documents/001 Tasek Mall/04 GIS/Test_Claude_02/Nodes_L1.geojson" }, "geometry": { "type": "Point", "coordinates": [ 103.654891533703861, 1.514237290305184 ] } },
{ "type": "Feature", "properties": { "nodeID": "n_1_0026", "Type": "Corridor", "FloorLevel": "1", "LotNo": null, "ShopName": null, "Category": null, "layer": "Nodes_L1", "path": "C:/Users/Stephanie/Documents/001 Tasek Mall/04 GIS/Test_Claude_02/Nodes_L1.geojson" }, "geometry": { "type": "Point", "coordinates": [ 103.654814522825674, 1.514427400182019 ] } },
{ "type": "Feature", "properties": { "nodeID": "n_1_0027", "Type": "Corridor", "FloorLevel": "1", "LotNo": null, "ShopName": null, "Category": null, "layer": "Nodes_L1", "path": "C:/Users/Stephanie/Documents/001 Tasek Mall/04 GIS/Test_Claude_02/Nodes_L1.geojson" }, "geometry": { "type": "Point", "coordinates": [ 103.654893557363224, 1.51435201434849 ] } },
{ "type": "Feature", "properties": { "nodeID": "n_1_0028", "Type": "Shop", "FloorLevel": "1", "LotNo": "1-13A", "ShopName": "Potadish", "Category": "Food and Beverages", "layer": "Nodes_L1", "path": "C:/Users/Stephanie/Documents/001 Tasek Mall/04 GIS/Test_Claude_02/Nodes_L1.geojson" }, "geometry": { "type": "Point", "coordinates": [ 103.654916470133074, 1.51437601932795 ] } },
{ "type": "Feature", "properties": { "nodeID": "n_1_0029", "Type": "Shop", "FloorLevel": "1", "LotNo": "1-13", "ShopName": "Watsons", "Category": "Beauty and Wellness", "layer": "Nodes_L1", "path": "C:/Users/Stephanie/Documents/001 Tasek Mall/04 GIS/Test_Claude_02/Nodes_L1.geojson" }, "geometry": { "type": "Point", "coordinates": [ 103.654837435983993, 1.514451406435647 ] } },
{ "type": "Feature", "properties": { "nodeID": "n_1_0030", "Type": "Shop", "FloorLevel": "1", "LotNo": "1-17", "ShopName": "BL Home Living", "Category": "Homes", "layer": "Nodes_L1", "path": "C:/Users/Stephanie/Documents/001 Tasek Mall/04 GIS/Test_Claude_02/Nodes_L1.geojson" }, "geometry": { "type": "Point", "coordinates": [ 103.654755028920562, 1.514530010999338 ] } },
{ "type": "Feature", "properties": { "nodeID": "n_1_0031", "Type": "Corridor", "FloorLevel": "1", "LotNo": null, "ShopName": null, "Category": null, "layer": "Nodes_L1", "path": "C:/Users/Stephanie/Documents/001 Tasek Mall/04 GIS/Test_Claude_02/Nodes_L1.geojson" }, "geometry": { "type": "Point", "coordinates": [ 103.654732114181172, 1.514506004350898 ] } },
{ "type": "Feature", "properties": { "nodeID": "n_1_0032", "Type": "Corridor", "FloorLevel": "1", "LotNo": null, "ShopName": null, "Category": null, "layer": "Nodes_L1", "path": "C:/Users/Stephanie/Documents/001 Tasek Mall/04 GIS/Test_Claude_02/Nodes_L1.geojson" }, "geometry": { "type": "Point", "coordinates": [ 103.654649173892679, 1.51465285977949 ] } },
{ "type": "Feature", "properties": { "nodeID": "n_1_0033", "Type": "Shop", "FloorLevel": "1", "LotNo": "1-18", "ShopName": "Hot Market", "Category": "Fashion, Accessories and Footwear", "layer": "Nodes_L1", "path": "C:/Users/Stephanie/Documents/001 Tasek Mall/04 GIS/Test_Claude_02/Nodes_L1.geojson" }, "geometry": { "type": "Point", "coordinates": [ 103.654670847405256, 1.514675788987637 ] } },
{ "type": "Feature", "properties": { "nodeID": "n_1_0034", "Type": "Corridor", "FloorLevel": "1", "LotNo": null, "ShopName": null, "Category": null, "layer": "Nodes_L1", "path": "C:/Users/Stephanie/Documents/001 Tasek Mall/04 GIS/Test_Claude_02/Nodes_L1.geojson" }, "geometry": { "type": "Point", "coordinates": [ 103.65450737894227, 1.514556499630292 ] } },
{ "type": "Feature", "properties": { "nodeID": "n_1_0035", "Type": "Shop", "FloorLevel": "1", "LotNo": "1-24", "ShopName": "The Toast", "Category": "Food and Beverages", "layer": "Nodes_L1", "path": "C:/Users/Stephanie/Documents/001 Tasek Mall/04 GIS/Test_Claude_02/Nodes_L1.geojson" }, "geometry": { "type": "Point", "coordinates": [ 103.65448796774939, 1.514575083980861 ] } },
{ "type": "Feature", "properties": { "nodeID": "n_1_0036", "Type": "Entrance", "FloorLevel": "1", "LotNo": null, "ShopName": null, "Category": null, "layer": "Nodes_L1", "path": "C:/Users/Stephanie/Documents/001 Tasek Mall/04 GIS/Test_Claude_02/Nodes_L1.geojson" }, "geometry": { "type": "Point", "coordinates": [ 103.654459220103135, 1.51470813082837 ] } },
{ "type": "Feature", "properties": { "nodeID": "n_1_0037", "Type": "Corridor", "FloorLevel": "1", "LotNo": null, "ShopName": null, "Category": null, "layer": "Nodes_L1", "path": "C:/Users/Stephanie/Documents/001 Tasek Mall/04 GIS/Test_Claude_02/Nodes_L1.geojson" }, "geometry": { "type": "Point", "coordinates": [ 103.654560109649822, 1.514611538413316 ] } },
{ "type": "Feature", "properties": { "nodeID": "n_1_0038", "Type": "Corridor", "FloorLevel": "1", "LotNo": null, "ShopName": null, "Category": null, "layer": "Nodes_L1", "path": "C:/Users/Stephanie/Documents/001 Tasek Mall/04 GIS/Test_Claude_02/Nodes_L1.geojson" }, "geometry": { "type": "Point", "coordinates": [ 103.654397486720271, 1.514441797312043 ] } },
{ "type": "Feature", "properties": { "nodeID": "n_1_0039", "Type": "Shop", "FloorLevel": "1", "LotNo": "1-28", "ShopName": "Squid Boy", "Category": "Food and Beverages", "layer": "Nodes_L1", "path": "C:/Users/Stephanie/Documents/001 Tasek Mall/04 GIS/Test_Claude_02/Nodes_L1.geojson" }, "geometry": { "type": "Point", "coordinates": [ 103.654378075496396, 1.51446038150408 ] } },
{ "type": "Feature", "properties": { "nodeID": "n_1_0040", "Type": "Corridor", "FloorLevel": "1", "LotNo": null, "ShopName": null, "Category": null, "layer": "Nodes_L1", "path": "C:/Users/Stephanie/Documents/001 Tasek Mall/04 GIS/Test_Claude_02/Nodes_L1.geojson" }, "geometry": { "type": "Point", "coordinates": [ 103.654364679858489, 1.514407554458828 ] } },
{ "type": "Feature", "properties": { "nodeID": "n_1_0041", "Type": "Corridor", "FloorLevel": "1", "LotNo": null, "ShopName": null, "Category": null, "layer": "Nodes_L1", "path": "C:/Users/Stephanie/Documents/001 Tasek Mall/04 GIS/Test_Claude_02/Nodes_L1.geojson" }, "geometry": { "type": "Point", "coordinates": [ 103.654293422213712, 1.51447577707996 ] } },
{ "type": "Feature", "properties": { "nodeID": "n_1_0042", "Type": "Entrance", "FloorLevel": "1", "LotNo": null, "ShopName": null, "Category": null, "layer": "Nodes_L1", "path": "C:/Users/Stephanie/Documents/001 Tasek Mall/04 GIS/Test_Claude_02/Nodes_L1.geojson" }, "geometry": { "type": "Point", "coordinates": [ 103.654263788993944, 1.514504148153518 ] } },
{ "type": "Feature", "properties": { "nodeID": "n_1_0043", "Type": "Corridor", "FloorLevel": "1", "LotNo": null, "ShopName": null, "Category": null, "layer": "Nodes_L1", "path": "C:/Users/Stephanie/Documents/001 Tasek Mall/04 GIS/Test_Claude_02/Nodes_L1.geojson" }, "geometry": { "type": "Point", "coordinates": [ 103.654302750658104, 1.514342914549559 ] } },
{ "type": "Feature", "properties": { "nodeID": "n_1_0044", "Type": "Corridor", "FloorLevel": "1", "LotNo": null, "ShopName": null, "Category": null, "layer": "Nodes_L1", "path": "C:/Users/Stephanie/Documents/001 Tasek Mall/04 GIS/Test_Claude_02/Nodes_L1.geojson" }, "geometry": { "type": "Point", "coordinates": [ 103.654270874908832, 1.514373430469195 ] } },
{ "type": "Feature", "properties": { "nodeID": "n_1_0045", "Type": "Corridor", "FloorLevel": "1", "LotNo": null, "ShopName": null, "Category": null, "layer": "Nodes_L1", "path": "C:/Users/Stephanie/Documents/001 Tasek Mall/04 GIS/Test_Claude_02/Nodes_L1.geojson" }, "geometry": { "type": "Point", "coordinates": [ 103.654235144888005, 1.514407636235423 ] } },
{ "type": "Feature", "properties": { "nodeID": "n_1_0046", "Type": "Toilet", "FloorLevel": "1", "LotNo": null, "ShopName": null, "Category": null, "layer": "Nodes_L1", "path": "C:/Users/Stephanie/Documents/001 Tasek Mall/04 GIS/Test_Claude_02/Nodes_L1.geojson" }, "geometry": { "type": "Point", "coordinates": [ 103.654237744216715, 1.514424116218527 ] } },
{ "type": "Feature", "properties": { "nodeID": "n_1_0047", "Type": "Toilet", "FloorLevel": "1", "LotNo": null, "ShopName": null, "Category": null, "layer": "Nodes_L1", "path": "C:/Users/Stephanie/Documents/001 Tasek Mall/04 GIS/Test_Claude_02/Nodes_L1.geojson" }, "geometry": { "type": "Point", "coordinates": [ 103.654251502658042, 1.514410944273956 ] } },
{ "type": "Feature", "properties": { "nodeID": "n_1_0048", "Type": "Toilet", "FloorLevel": "1", "LotNo": null, "ShopName": null, "Category": null, "layer": "Nodes_L1", "path": "C:/Users/Stephanie/Documents/001 Tasek Mall/04 GIS/Test_Claude_02/Nodes_L1.geojson" }, "geometry": { "type": "Point", "coordinates": [ 103.654289000261713, 1.514381592071114 ] } },
{ "type": "Feature", "properties": { "nodeID": "n_1_0049", "Type": "Toilet", "FloorLevel": "1", "LotNo": null, "ShopName": null, "Category": null, "layer": "Nodes_L1", "path": "C:/Users/Stephanie/Documents/001 Tasek Mall/04 GIS/Test_Claude_02/Nodes_L1.geojson" }, "geometry": { "type": "Point", "coordinates": [ 103.654306928226276, 1.514411063978285 ] } },
{ "type": "Feature", "properties": { "nodeID": "n_1_0050", "Type": "Corridor", "FloorLevel": "1", "LotNo": null, "ShopName": null, "Category": null, "layer": "Nodes_L1", "path": "C:/Users/Stephanie/Documents/001 Tasek Mall/04 GIS/Test_Claude_02/Nodes_L1.geojson" }, "geometry": { "type": "Point", "coordinates": [ 103.65458272519075, 1.513812321870495 ] } },
{ "type": "Feature", "properties": { "nodeID": "n_1_0051", "Type": "Corridor", "FloorLevel": "1", "LotNo": null, "ShopName": null, "Category": null, "layer": "Nodes_L1", "path": "C:/Users/Stephanie/Documents/001 Tasek Mall/04 GIS/Test_Claude_02/Nodes_L1.geojson" }, "geometry": { "type": "Point", "coordinates": [ 103.654452467200613, 1.513858186774003 ] } },
{ "type": "Feature", "properties": { "nodeID": "n_1_0052", "Type": "Corridor", "FloorLevel": "1", "LotNo": null, "ShopName": null, "Category": null, "layer": "Nodes_L1", "path": "C:/Users/Stephanie/Documents/001 Tasek Mall/04 GIS/Test_Claude_02/Nodes_L1.geojson" }, "geometry": { "type": "Point", "coordinates": [ 103.654473310988593, 1.513879646298216 ] } },
{ "type": "Feature", "properties": { "nodeID": "n_1_0053", "Type": "Corridor", "FloorLevel": "1", "LotNo": null, "ShopName": null, "Category": null, "layer": "Nodes_L1", "path": "C:/Users/Stephanie/Documents/001 Tasek Mall/04 GIS/Test_Claude_02/Nodes_L1.geojson" }, "geometry": { "type": "Point", "coordinates": [ 103.654269660537807, 1.514142736845308 ] } },
{ "type": "Feature", "properties": { "nodeID": "n_1_0054", "Type": "Corridor", "FloorLevel": "1", "LotNo": null, "ShopName": null, "Category": null, "layer": "Nodes_L1", "path": "C:/Users/Stephanie/Documents/001 Tasek Mall/04 GIS/Test_Claude_02/Nodes_L1.geojson" }, "geometry": { "type": "Point", "coordinates": [ 103.654216069236867, 1.514087636648793 ] } },
{ "type": "Feature", "properties": { "nodeID": "n_1_0055", "Type": "Corridor", "FloorLevel": "1", "LotNo": null, "ShopName": null, "Category": null, "layer": "Nodes_L1", "path": "C:/Users/Stephanie/Documents/001 Tasek Mall/04 GIS/Test_Claude_02/Nodes_L1.geojson" }, "geometry": { "type": "Point", "coordinates": [ 103.655484203312596, 1.513788636047667 ] } },
{ "type": "Feature", "properties": { "nodeID": "n_1_0056", "Type": "Corridor", "FloorLevel": "1", "LotNo": null, "ShopName": null, "Category": null, "layer": "Nodes_L1", "path": "C:/Users/Stephanie/Documents/001 Tasek Mall/04 GIS/Test_Claude_02/Nodes_L1.geojson" }, "geometry": { "type": "Point", "coordinates": [ 103.655455543320087, 1.513758659424829 ] } },
{ "type": "Feature", "properties": { "nodeID": "n_1_0057", "Type": "Corridor", "FloorLevel": "1", "LotNo": null, "ShopName": null, "Category": null, "layer": "Nodes_L1", "path": "C:/Users/Stephanie/Documents/001 Tasek Mall/04 GIS/Test_Claude_02/Nodes_L1.geojson" }, "geometry": { "type": "Point", "coordinates": [ 103.6552997849045, 1.513964540650716 ] } },
{ "type": "Feature", "properties": { "nodeID": "n_1_0058", "Type": "Entrance", "FloorLevel": "1", "LotNo": null, "ShopName": null, "Category": null, "layer": "Nodes_L1", "path": "C:/Users/Stephanie/Documents/001 Tasek Mall/04 GIS/Test_Claude_02/Nodes_L1.geojson" }, "geometry": { "type": "Point", "coordinates": [ 103.655012418464111, 1.514198553663266 ] } },
{ "type": "Feature", "properties": { "nodeID": "n_1_0059", "Type": "Corridor", "FloorLevel": "1", "LotNo": null, "ShopName": null, "Category": null, "layer": "Nodes_L1", "path": "C:/Users/Stephanie/Documents/001 Tasek Mall/04 GIS/Test_Claude_02/Nodes_L1.geojson" }, "geometry": { "type": "Point", "coordinates": [ 103.655032485940254, 1.514219499539969 ] } },
{ "type": "Feature", "properties": { "nodeID": "n_1_0060", "Type": "Corridor", "FloorLevel": "1", "LotNo": null, "ShopName": null, "Category": null, "layer": "Nodes_L1", "path": "C:/Users/Stephanie/Documents/001 Tasek Mall/04 GIS/Test_Claude_02/Nodes_L1.geojson" }, "geometry": { "type": "Point", "coordinates": [ 103.654663666856862, 1.514571291735367 ] } },
{ "type": "Feature", "properties": { "nodeID": "n_1_0061", "Type": "Corridor", "FloorLevel": "1", "LotNo": null, "ShopName": null, "Category": null, "layer": "Nodes_L1", "path": "C:/Users/Stephanie/Documents/001 Tasek Mall/04 GIS/Test_Claude_02/Nodes_L1.geojson" }, "geometry": { "type": "Point", "coordinates": [ 103.654640992586536, 1.513987788052499 ] } },
{ "type": "Feature", "properties": { "nodeID": "n_1_0062", "Type": "Corridor", "FloorLevel": "1", "LotNo": null, "ShopName": null, "Category": null, "layer": "Nodes_L1", "path": "C:/Users/Stephanie/Documents/001 Tasek Mall/04 GIS/Test_Claude_02/Nodes_L1.geojson" }, "geometry": { "type": "Point", "coordinates": [ 103.654607652578349, 1.513952988693172 ] } },
{ "type": "Feature", "properties": { "nodeID": "n_1_0063", "Type": "Entrance", "FloorLevel": "1", "LotNo": null, "ShopName": null, "Category": null, "layer": "Nodes_L1", "path": "C:/Users/Stephanie/Documents/001 Tasek Mall/04 GIS/Test_Claude_02/Nodes_L1.geojson" }, "geometry": { "type": "Point", "coordinates": [ 103.654908151629513, 1.513772474682975 ] } },
{ "type": "Feature", "properties": { "nodeID": "n_1_0064", "Type": "Corridor", "FloorLevel": "1", "LotNo": null, "ShopName": null, "Category": null, "layer": "Nodes_L1", "path": "C:/Users/Stephanie/Documents/001 Tasek Mall/04 GIS/Test_Claude_02/Nodes_L1.geojson" }, "geometry": { "type": "Point", "coordinates": [ 103.655381907929467, 1.513886208894523 ] } },
{ "type": "Feature", "properties": { "nodeID": "n_1_0065", "Type": "Corridor", "FloorLevel": "1", "LotNo": null, "ShopName": null, "Category": null, "layer": "Nodes_L1", "path": "C:/Users/Stephanie/Documents/001 Tasek Mall/04 GIS/Test_Claude_02/Nodes_L1.geojson" }, "geometry": { "type": "Point", "coordinates": [ 103.655317264844982, 1.513887756668916 ] } },
{ "type": "Feature", "properties": { "nodeID": "n_1_0066", "Type": "Corridor", "FloorLevel": "1", "LotNo": null, "ShopName": null, "Category": null, "layer": "Nodes_L1", "path": "C:/Users/Stephanie/Documents/001 Tasek Mall/04 GIS/Test_Claude_02/Nodes_L1.geojson" }, "geometry": { "type": "Point", "coordinates": [ 103.654537574348964, 1.513819501597627 ] } },
{ "type": "Feature", "properties": { "nodeID": "n_1_0067", "Type": "Corridor", "FloorLevel": "1", "LotNo": null, "ShopName": null, "Category": null, "layer": "Nodes_L1", "path": "C:/Users/Stephanie/Documents/001 Tasek Mall/04 GIS/Test_Claude_02/Nodes_L1.geojson" }, "geometry": { "type": "Point", "coordinates": [ 103.654522712483427, 1.513833410961486 ] } },
{ "type": "Feature", "properties": { "nodeID": "n_1_0068", "Type": "Corridor", "FloorLevel": "1", "LotNo": null, "ShopName": null, "Category": null, "layer": "Nodes_L1", "path": "C:/Users/Stephanie/Documents/001 Tasek Mall/04 GIS/Test_Claude_02/Nodes_L1.geojson" }, "geometry": { "type": "Point", "coordinates": [ 103.654666272210889, 1.513963752738555 ] } },
{ "type": "Feature", "properties": { "nodeID": "n_1_0069", "Type": "Corridor", "FloorLevel": "1", "LotNo": null, "ShopName": null, "Category": null, "layer": "Nodes_L1", "path": "C:/Users/Stephanie/Documents/001 Tasek Mall/04 GIS/Test_Claude_02/Nodes_L1.geojson" }, "geometry": { "type": "Point", "coordinates": [ 103.654361487950183, 1.513988184996346 ] } },
{ "type": "Feature", "properties": { "nodeID": "n_1_0070", "Type": "Corridor", "FloorLevel": "1", "LotNo": null, "ShopName": null, "Category": null, "layer": "Nodes_L1", "path": "C:/Users/Stephanie/Documents/001 Tasek Mall/04 GIS/Test_Claude_02/Nodes_L1.geojson" }, "geometry": { "type": "Point", "coordinates": [ 103.654340643243074, 1.513966724067923 ] } },
{ "type": "Feature", "properties": { "nodeID": "n_1_0071", "Type": "Corridor", "FloorLevel": "1", "LotNo": null, "ShopName": null, "Category": null, "layer": "Nodes_L1", "path": "C:/Users/Stephanie/Documents/001 Tasek Mall/04 GIS/Test_Claude_02/Nodes_L1.geojson" }, "geometry": { "type": "Point", "coordinates": [ 103.65443419649776, 1.514480113915165 ] } },
{ "type": "Feature", "properties": { "nodeID": "n_1_0072", "Type": "Corridor", "FloorLevel": "1", "LotNo": null, "ShopName": null, "Category": null, "layer": "Nodes_L1", "path": "C:/Users/Stephanie/Documents/001 Tasek Mall/04 GIS/Test_Claude_02/Nodes_L1.geojson" }, "geometry": { "type": "Point", "coordinates": [ 103.654496515501179, 1.514420451054569 ] } },
{ "type": "Feature", "properties": { "nodeID": "n_1_0073", "Type": "Corridor", "FloorLevel": "1", "LotNo": null, "ShopName": null, "Category": null, "layer": "Nodes_L1", "path": "C:/Users/Stephanie/Documents/001 Tasek Mall/04 GIS/Test_Claude_02/Nodes_L1.geojson" }, "geometry": { "type": "Point", "coordinates": [ 103.654328261914884, 1.514318491610828 ] } },
{ "type": "Feature", "properties": { "nodeID": "n_1_0074", "Type": "Corridor", "FloorLevel": "1", "LotNo": null, "ShopName": null, "Category": null, "layer": "Nodes_L1", "path": "C:/Users/Stephanie/Documents/001 Tasek Mall/04 GIS/Test_Claude_02/Nodes_L1.geojson" }, "geometry": { "type": "Point", "coordinates": [ 103.654761626046977, 1.514418764943665 ] } },
{ "type": "Feature", "properties": { "nodeID": "n_1_0075", "Type": "Corridor", "FloorLevel": "1", "LotNo": null, "ShopName": null, "Category": null, "layer": "Nodes_L1", "path": "C:/Users/Stephanie/Documents/001 Tasek Mall/04 GIS/Test_Claude_02/Nodes_L1.geojson" }, "geometry": { "type": "Point", "coordinates": [ 103.654747373153413, 1.514403832641189 ] } },
{ "type": "Feature", "properties": { "nodeID": "n_1_0076", "Type": "Corridor", "FloorLevel": "1", "LotNo": null, "ShopName": null, "Category": null, "layer": "Nodes_L1", "path": "C:/Users/Stephanie/Documents/001 Tasek Mall/04 GIS/Test_Claude_02/Nodes_L1.geojson" }, "geometry": { "type": "Point", "coordinates": [ 103.654862750293077, 1.514264935863183 ] } },
{ "type": "Feature", "properties": { "nodeID": "n_1_0077", "Type": "Corridor", "FloorLevel": "1", "LotNo": null, "ShopName": null, "Category": null, "layer": "Nodes_L1", "path": "C:/Users/Stephanie/Documents/001 Tasek Mall/04 GIS/Test_Claude_02/Nodes_L1.geojson" }, "geometry": { "type": "Point", "coordinates": [ 103.654876301350157, 1.514279132874869 ] } },
{ "type": "Feature", "properties": { "nodeID": "n_1_0078", "Type": "Corridor", "FloorLevel": "1", "LotNo": null, "ShopName": null, "Category": null, "layer": "Nodes_L1", "path": "C:/Users/Stephanie/Documents/001 Tasek Mall/04 GIS/Test_Claude_02/Nodes_L1.geojson" }, "geometry": { "type": "Point", "coordinates": [ 103.654891030014625, 1.514294563628248 ] } },
{ "type": "Feature", "properties": { "nodeID": "n_1_0079", "Type": "Corridor", "FloorLevel": "1", "LotNo": null, "ShopName": null, "Category": null, "layer": "Nodes_L1", "path": "C:/Users/Stephanie/Documents/001 Tasek Mall/04 GIS/Test_Claude_02/Nodes_L1.geojson" }, "geometry": { "type": "Point", "coordinates": [ 103.654800556378603, 1.514182777226835 ] } },
{ "type": "Feature", "properties": { "nodeID": "n_1_0080", "Type": "Corridor", "FloorLevel": "1", "LotNo": null, "ShopName": null, "Category": null, "layer": "Nodes_L1", "path": "C:/Users/Stephanie/Documents/001 Tasek Mall/04 GIS/Test_Claude_02/Nodes_L1.geojson" }, "geometry": { "type": "Point", "coordinates": [ 103.654871254823206, 1.514256767530336 ] } },
{ "type": "Feature", "properties": { "nodeID": "n_1_0081", "Type": "Corridor", "FloorLevel": "1", "LotNo": null, "ShopName": null, "Category": null, "layer": "Nodes_L1", "path": "C:/Users/Stephanie/Documents/001 Tasek Mall/04 GIS/Test_Claude_02/Nodes_L1.geojson" }, "geometry": { "type": "Point", "coordinates": [ 103.654771529098184, 1.514152398514398 ] } },
{ "type": "Feature", "properties": { "nodeID": "n_1_0082", "Type": "Corridor", "FloorLevel": "1", "LotNo": null, "ShopName": null, "Category": null, "layer": "Nodes_L1", "path": "C:/Users/Stephanie/Documents/001 Tasek Mall/04 GIS/Test_Claude_02/Nodes_L1.geojson" }, "geometry": { "type": "Point", "coordinates": [ 103.654358766561316, 1.513985383156487 ] } },
{ "type": "Feature", "properties": { "nodeID": "n_1_0083", "Type": "Corridor", "FloorLevel": "1", "LotNo": null, "ShopName": null, "Category": null, "layer": "Nodes_L1", "path": "C:/Users/Stephanie/Documents/001 Tasek Mall/04 GIS/Test_Claude_02/Nodes_L1.geojson" }, "geometry": { "type": "Point", "coordinates": [ 103.654373068246883, 1.514000136909318 ] } },
{ "type": "Feature", "properties": { "nodeID": "n_1_0084", "Type": "Corridor", "FloorLevel": "1", "LotNo": null, "ShopName": null, "Category": null, "layer": "Nodes_L1", "path": "C:/Users/Stephanie/Documents/001 Tasek Mall/04 GIS/Test_Claude_02/Nodes_L1.geojson" }, "geometry": { "type": "Point", "coordinates": [ 103.65423340258819, 1.51410545803128 ] } },
{ "type": "Feature", "properties": { "nodeID": "n_1_0085", "Type": "Corridor", "FloorLevel": "1", "LotNo": null, "ShopName": null, "Category": null, "layer": "Nodes_L1", "path": "C:/Users/Stephanie/Documents/001 Tasek Mall/04 GIS/Test_Claude_02/Nodes_L1.geojson" }, "geometry": { "type": "Point", "coordinates": [ 103.654246914744604, 1.514119350630671 ] } },
{ "type": "Feature", "properties": { "nodeID": "n_1_0086", "Type": "Corridor", "FloorLevel": "1", "LotNo": null, "ShopName": null, "Category": null, "layer": "Nodes_L1", "path": "C:/Users/Stephanie/Documents/001 Tasek Mall/04 GIS/Test_Claude_02/Nodes_L1.geojson" }, "geometry": { "type": "Point", "coordinates": [ 103.654474130262756, 1.514441882195921 ] } },
{ "type": "Feature", "properties": { "nodeID": "n_1_0087", "Type": "Corridor", "FloorLevel": "1", "LotNo": null, "ShopName": null, "Category": null, "layer": "Nodes_L1", "path": "C:/Users/Stephanie/Documents/001 Tasek Mall/04 GIS/Test_Claude_02/Nodes_L1.geojson" }, "geometry": { "type": "Point", "coordinates": [ 103.65526316559496, 1.513848144263144 ] } },
{ "type": "Feature", "properties": { "nodeID": "n_1_0088", "Type": "Corridor", "FloorLevel": "1", "LotNo": null, "ShopName": null, "Category": null, "layer": "Nodes_L1", "path": "C:/Users/Stephanie/Documents/001 Tasek Mall/04 GIS/Test_Claude_02/Nodes_L1.geojson" }, "geometry": { "type": "Point", "coordinates": [ 103.655274194091803, 1.513837586195328 ] } },
{ "type": "Feature", "properties": { "nodeID": "n_2_0001", "Type": "Shop", "FloorLevel": "2", "LotNo": null, "ShopName": "The Store", "Category": "Department Store", "layer": "Nodes_L2", "path": "C:/Users/Stephanie/Documents/001 Tasek Mall/04 GIS/Test_Claude_02/Nodes_L2.geojson" }, "geometry": { "type": "Point", "coordinates": [ 103.655343054102858, 1.513917857693954 ] } },
{ "type": "Feature", "properties": { "nodeID": "n_2_0002", "Type": "Corridor", "FloorLevel": "2", "LotNo": null, "ShopName": null, "Category": null, "layer": "Nodes_L2", "path": "C:/Users/Stephanie/Documents/001 Tasek Mall/04 GIS/Test_Claude_02/Nodes_L2.geojson" }, "geometry": { "type": "Point", "coordinates": [ 103.65535373831149, 1.513929009610729 ] } },
{ "type": "Feature", "properties": { "nodeID": "n_2_0003", "Type": "Shop", "FloorLevel": "2", "LotNo": "2-17", "ShopName": "Sacci Collectoin", "Category": "Fashion, Accessories and Footwear", "layer": "Nodes_L2", "path": "C:/Users/Stephanie/Documents/001 Tasek Mall/04 GIS/Test_Claude_02/Nodes_L2.geojson" }, "geometry": { "type": "Point", "coordinates": [ 103.655429615318539, 1.513902628174968 ] } },
{ "type": "Feature", "properties": { "nodeID": "n_2_0004", "Type": "Corridor", "FloorLevel": "2", "LotNo": null, "ShopName": null, "Category": null, "layer": "Nodes_L2", "path": "C:/Users/Stephanie/Documents/001 Tasek Mall/04 GIS/Test_Claude_02/Nodes_L2.geojson" }, "geometry": { "type": "Point", "coordinates": [ 103.655423683154154, 1.513908307579126 ] } },
{ "type": "Feature", "properties": { "nodeID": "n_2_0005", "Type": "Shop", "FloorLevel": "2", "LotNo": "2-15", "ShopName": "Kedai Emas Yi Mei", "Category": "Fashion, Accessories and Footwear", "layer": "Nodes_L2", "path": "C:/Users/Stephanie/Documents/001 Tasek Mall/04 GIS/Test_Claude_02/Nodes_L2.geojson" }, "geometry": { "type": "Point", "coordinates": [ 103.655469665203398, 1.513944431268046 ] } },
{ "type": "Feature", "properties": { "nodeID": "n_2_0006", "Type": "Corridor", "FloorLevel": "2", "LotNo": null, "ShopName": null, "Category": null, "layer": "Nodes_L2", "path": "C:/Users/Stephanie/Documents/001 Tasek Mall/04 GIS/Test_Claude_02/Nodes_L2.geojson" }, "geometry": { "type": "Point", "coordinates": [ 103.655463733723977, 1.513950110016567 ] } },
{ "type": "Feature", "properties": { "nodeID": "n_2_0007", "Type": "Corridor", "FloorLevel": "2", "LotNo": null, "ShopName": null, "Category": null, "layer": "Nodes_L2", "path": "C:/Users/Stephanie/Documents/001 Tasek Mall/04 GIS/Test_Claude_02/Nodes_L2.geojson" }, "geometry": { "type": "Point", "coordinates": [ 103.65540056593909, 1.513884179184563 ] } },
{ "type": "Feature", "properties": { "nodeID": "n_2_0008", "Type": "Corridor", "FloorLevel": "2", "LotNo": null, "ShopName": null, "Category": null, "layer": "Nodes_L2", "path": "C:/Users/Stephanie/Documents/001 Tasek Mall/04 GIS/Test_Claude_02/Nodes_L2.geojson" }, "geometry": { "type": "Point", "coordinates": [ 103.655396050621547, 1.51402277520303 ] } },
{ "type": "Feature", "properties": { "nodeID": "n_2_0009", "Type": "Shop", "FloorLevel": "2", "LotNo": "L2-CA-01", "ShopName": "Be Top Fashion", "Category": "Fashion, Accessories and Footwear", "layer": "Nodes_L2", "path": "C:/Users/Stephanie/Documents/001 Tasek Mall/04 GIS/Test_Claude_02/Nodes_L2.geojson" }, "geometry": { "type": "Point", "coordinates": [ 103.65538812984741, 1.51403033050646 ] } },
{ "type": "Feature", "properties": { "nodeID": "n_2_0010", "Type": "Corridor", "FloorLevel": "2", "LotNo": null, "ShopName": null, "Category": null, "layer": "Nodes_L2", "path": "C:/Users/Stephanie/Documents/001 Tasek Mall/04 GIS/Test_Claude_02/Nodes_L2.geojson" }, "geometry": { "type": "Point", "coordinates": [ 103.655429385910494, 1.514057571274445 ] } },
{ "type": "Feature", "properties": { "nodeID": "n_2_0011", "Type": "Shop", "FloorLevel": "2", "LotNo": "2-03", "ShopName": "Dressup Fashion", "Category": "Fashion, Accessories and Footwear", "layer": "Nodes_L2", "path": "C:/Users/Stephanie/Documents/001 Tasek Mall/04 GIS/Test_Claude_02/Nodes_L2.geojson" }, "geometry": { "type": "Point", "coordinates": [ 103.655421401514872, 1.514065187264005 ] } },
{ "type": "Feature", "properties": { "nodeID": "n_2_0012", "Type": "Corridor", "FloorLevel": "2", "LotNo": null, "ShopName": null, "Category": null, "layer": "Nodes_L2", "path": "C:/Users/Stephanie/Documents/001 Tasek Mall/04 GIS/Test_Claude_02/Nodes_L2.geojson" }, "geometry": { "type": "Point", "coordinates": [ 103.655454383475771, 1.514083664255211 ] } },
{ "type": "Feature", "properties": { "nodeID": "n_2_0013", "Type": "Shop", "FloorLevel": "2", "LotNo": "2-04", "ShopName": "Cyrstal Discoveries", "Category": "Optical and Jewellery", "layer": "Nodes_L2", "path": "C:/Users/Stephanie/Documents/001 Tasek Mall/04 GIS/Test_Claude_02/Nodes_L2.geojson" }, "geometry": { "type": "Point", "coordinates": [ 103.655446351371936, 1.514091325751783 ] } },
{ "type": "Feature", "properties": { "nodeID": "n_2_0014", "Type": "Corridor", "FloorLevel": "2", "LotNo": null, "ShopName": null, "Category": null, "layer": "Nodes_L2", "path": "C:/Users/Stephanie/Documents/001 Tasek Mall/04 GIS/Test_Claude_02/Nodes_L2.geojson" }, "geometry": { "type": "Point", "coordinates": [ 103.655496717087303, 1.514127852962485 ] } },
{ "type": "Feature", "properties": { "nodeID": "n_2_0015", "Type": "Shop", "FloorLevel": "2", "LotNo": "2-05", "ShopName": "Vivier Shoes", "Category": "Fashion, Accessories and Footwear", "layer": "Nodes_L2", "path": "C:/Users/Stephanie/Documents/001 Tasek Mall/04 GIS/Test_Claude_02/Nodes_L2.geojson" }, "geometry": { "type": "Point", "coordinates": [ 103.655488604188619, 1.514135591525543 ] } },
{ "type": "Feature", "properties": { "nodeID": "n_2_0016", "Type": "Corridor", "FloorLevel": "2", "LotNo": null, "ShopName": null, "Category": null, "layer": "Nodes_L2", "path": "C:/Users/Stephanie/Documents/001 Tasek Mall/04 GIS/Test_Claude_02/Nodes_L2.geojson" }, "geometry": { "type": "Point", "coordinates": [ 103.655526142601659, 1.51415856792797 ] } },
{ "type": "Feature", "properties": { "nodeID": "n_2_0017", "Type": "Corridor", "FloorLevel": "2", "LotNo": null, "ShopName": null, "Category": null, "layer": "Nodes_L2", "path": "C:/Users/Stephanie/Documents/001 Tasek Mall/04 GIS/Test_Claude_02/Nodes_L2.geojson" }, "geometry": { "type": "Point", "coordinates": [ 103.655597763176388, 1.514090002102165 ] } },
{ "type": "Feature", "properties": { "nodeID": "n_2_0018", "Type": "Corridor", "FloorLevel": "2", "LotNo": null, "ShopName": null, "Category": null, "layer": "Nodes_L2", "path": "C:/Users/Stephanie/Documents/001 Tasek Mall/04 GIS/Test_Claude_02/Nodes_L2.geojson" }, "geometry": { "type": "Point", "coordinates": [ 103.655570456926512, 1.514061501436351 ] } },
{ "type": "Feature", "properties": { "nodeID": "n_2_0019", "Type": "Corridor", "FloorLevel": "2", "LotNo": null, "ShopName": null, "Category": null, "layer": "Nodes_L2", "path": "C:/Users/Stephanie/Documents/001 Tasek Mall/04 GIS/Test_Claude_02/Nodes_L2.geojson" }, "geometry": { "type": "Point", "coordinates": [ 103.655494406521569, 1.513982124484422 ] } },
{ "type": "Feature", "properties": { "nodeID": "n_2_0020", "Type": "Corridor", "FloorLevel": "2", "LotNo": null, "ShopName": null, "Category": null, "layer": "Nodes_L2", "path": "C:/Users/Stephanie/Documents/001 Tasek Mall/04 GIS/Test_Claude_02/Nodes_L2.geojson" }, "geometry": { "type": "Point", "coordinates": [ 103.655498880156543, 1.513986793802261 ] } },
{ "type": "Feature", "properties": { "nodeID": "n_2_0021", "Type": "Corridor", "FloorLevel": "2", "LotNo": null, "ShopName": null, "Category": null, "layer": "Nodes_L2", "path": "C:/Users/Stephanie/Documents/001 Tasek Mall/04 GIS/Test_Claude_02/Nodes_L2.geojson" }, "geometry": { "type": "Point", "coordinates": [ 103.655422789383977, 1.514050685682212 ] } },
{ "type": "Feature", "properties": { "nodeID": "n_2_0022", "Type": "Corridor", "FloorLevel": "2", "LotNo": null, "ShopName": null, "Category": null, "layer": "Nodes_L2", "path": "C:/Users/Stephanie/Documents/001 Tasek Mall/04 GIS/Test_Claude_02/Nodes_L2.geojson" }, "geometry": { "type": "Point", "coordinates": [ 103.655545990098162, 1.514179285158443 ] } },
{ "type": "Feature", "properties": { "nodeID": "n_2_0023", "Type": "Shop", "FloorLevel": "2", "LotNo": "2-08", "ShopName": "Kedai Emas Poh May", "Category": "Optical and Jewellery", "layer": "Nodes_L2", "path": "C:/Users/Stephanie/Documents/001 Tasek Mall/04 GIS/Test_Claude_02/Nodes_L2.geojson" }, "geometry": { "type": "Point", "coordinates": [ 103.65553778316044, 1.514187113421302 ] } },
{ "type": "Feature", "properties": { "nodeID": "n_2_0024", "Type": "Corridor", "FloorLevel": "2", "LotNo": null, "ShopName": null, "Category": null, "layer": "Nodes_L2", "path": "C:/Users/Stephanie/Documents/001 Tasek Mall/04 GIS/Test_Claude_02/Nodes_L2.geojson" }, "geometry": { "type": "Point", "coordinates": [ 103.655575293510452, 1.514209872670553 ] } },
{ "type": "Feature", "properties": { "nodeID": "n_2_0025", "Type": "Shop", "FloorLevel": "2", "LotNo": "2-09", "ShopName": "Season Bakery", "Category": "Food and Beverage", "layer": "Nodes_L2", "path": "C:/Users/Stephanie/Documents/001 Tasek Mall/04 GIS/Test_Claude_02/Nodes_L2.geojson" }, "geometry": { "type": "Point", "coordinates": [ 103.65556703064631, 1.514217754279259 ] } },
{ "type": "Feature", "properties": { "nodeID": "n_2_0026", "Type": "Corridor", "FloorLevel": "2", "LotNo": null, "ShopName": null, "Category": null, "layer": "Nodes_L2", "path": "C:/Users/Stephanie/Documents/001 Tasek Mall/04 GIS/Test_Claude_02/Nodes_L2.geojson" }, "geometry": { "type": "Point", "coordinates": [ 103.655624498991685, 1.514261234375767 ] } },
{ "type": "Feature", "properties": { "nodeID": "n_2_0027", "Type": "Corridor", "FloorLevel": "2", "LotNo": null, "ShopName": null, "Category": null, "layer": "Nodes_L2", "path": "C:/Users/Stephanie/Documents/001 Tasek Mall/04 GIS/Test_Claude_02/Nodes_L2.geojson" }, "geometry": { "type": "Point", "coordinates": [ 103.655659441184994, 1.514356920754411 ] } },
{ "type": "Feature", "properties": { "nodeID": "n_2_0028", "Type": "Shop", "FloorLevel": "2", "LotNo": "2-28A", "ShopName": "Marrybrown", "Category": "Food and Beverage", "layer": "Nodes_L2", "path": "C:/Users/Stephanie/Documents/001 Tasek Mall/04 GIS/Test_Claude_02/Nodes_L2.geojson" }, "geometry": { "type": "Point", "coordinates": [ 103.655686505665344, 1.514385169709876 ] } },
{ "type": "Feature", "properties": { "nodeID": "n_2_0029", "Type": "Entrance", "FloorLevel": "2", "LotNo": null, "ShopName": null, "Category": null, "layer": "Nodes_L2", "path": "C:/Users/Stephanie/Documents/001 Tasek Mall/04 GIS/Test_Claude_02/Nodes_L2.geojson" }, "geometry": { "type": "Point", "coordinates": [ 103.6556226032246, 1.514391590796928 ] } },
{ "type": "Feature", "properties": { "nodeID": "n_2_0030", "Type": "Corridor", "FloorLevel": "2", "LotNo": null, "ShopName": null, "Category": null, "layer": "Nodes_L2", "path": "C:/Users/Stephanie/Documents/001 Tasek Mall/04 GIS/Test_Claude_02/Nodes_L2.geojson" }, "geometry": { "type": "Point", "coordinates": [ 103.655689271847763, 1.514328845628913 ] } },
{ "type": "Feature", "properties": { "nodeID": "n_2_0031", "Type": "Corridor", "FloorLevel": "2", "LotNo": null, "ShopName": null, "Category": null, "layer": "Nodes_L2", "path": "C:/Users/Stephanie/Documents/001 Tasek Mall/04 GIS/Test_Claude_02/Nodes_L2.geojson" }, "geometry": { "type": "Point", "coordinates": [ 103.655721596545277, 1.514298423242458 ] } },
{ "type": "Feature", "properties": { "nodeID": "n_2_0032", "Type": "Shop", "FloorLevel": "2", "LotNo": "2-28B", "ShopName": "Burger King", "Category": "Food and Beverage", "layer": "Nodes_L2", "path": "C:/Users/Stephanie/Documents/001 Tasek Mall/04 GIS/Test_Claude_02/Nodes_L2.geojson" }, "geometry": { "type": "Point", "coordinates": [ 103.655748156273447, 1.514326145357814 ] } },
{ "type": "Feature", "properties": { "nodeID": "n_2_0033", "Type": "Corridor", "FloorLevel": "2", "LotNo": null, "ShopName": null, "Category": null, "layer": "Nodes_L2", "path": "C:/Users/Stephanie/Documents/001 Tasek Mall/04 GIS/Test_Claude_02/Nodes_L2.geojson" }, "geometry": { "type": "Point", "coordinates": [ 103.655761483439946, 1.514260883694164 ] } },
{ "type": "Feature", "properties": { "nodeID": "n_2_0034", "Type": "Corridor", "FloorLevel": "2", "LotNo": null, "ShopName": null, "Category": null, "layer": "Nodes_L2", "path": "C:/Users/Stephanie/Documents/001 Tasek Mall/04 GIS/Test_Claude_02/Nodes_L2.geojson" }, "geometry": { "type": "Point", "coordinates": [ 103.655788989860454, 1.514234996027954 ] } },
{ "type": "Feature", "properties": { "nodeID": "n_2_0035", "Type": "Corridor", "FloorLevel": "2", "LotNo": null, "ShopName": null, "Category": null, "layer": "Nodes_L2", "path": "C:/Users/Stephanie/Documents/001 Tasek Mall/04 GIS/Test_Claude_02/Nodes_L2.geojson" }, "geometry": { "type": "Point", "coordinates": [ 103.655800537007337, 1.51422412843117 ] } },
{ "type": "Feature", "properties": { "nodeID": "n_2_0036", "Type": "Shop", "FloorLevel": "2", "LotNo": "2-29", "ShopName": "YFS Concept Store", "Category": "Fashion, Accessories and Footwear", "layer": "Nodes_L2", "path": "C:/Users/Stephanie/Documents/001 Tasek Mall/04 GIS/Test_Claude_02/Nodes_L2.geojson" }, "geometry": { "type": "Point", "coordinates": [ 103.655826455676007, 1.514251181429424 ] } },
{ "type": "Feature", "properties": { "nodeID": "n_2_0037", "Type": "Shop", "FloorLevel": "2", "LotNo": "2-27", "ShopName": "Betty Fashion", "Category": "Fashion, Accessories and Footwear", "layer": "Nodes_L2", "path": "C:/Users/Stephanie/Documents/001 Tasek Mall/04 GIS/Test_Claude_02/Nodes_L2.geojson" }, "geometry": { "type": "Point", "coordinates": [ 103.655809565147067, 1.514164515277778 ] } },
{ "type": "Feature", "properties": { "nodeID": "n_2_0038", "Type": "Corridor", "FloorLevel": "2", "LotNo": null, "ShopName": null, "Category": null, "layer": "Nodes_L2", "path": "C:/Users/Stephanie/Documents/001 Tasek Mall/04 GIS/Test_Claude_02/Nodes_L2.geojson" }, "geometry": { "type": "Point", "coordinates": [ 103.655835086084394, 1.514191612568492 ] } },
{ "type": "Feature", "properties": { "nodeID": "n_2_0039", "Type": "Corridor", "FloorLevel": "2", "LotNo": null, "ShopName": null, "Category": null, "layer": "Nodes_L2", "path": "C:/Users/Stephanie/Documents/001 Tasek Mall/04 GIS/Test_Claude_02/Nodes_L2.geojson" }, "geometry": { "type": "Point", "coordinates": [ 103.655867977935671, 1.514160656403335 ] } },
{ "type": "Feature", "properties": { "nodeID": "n_2_0040", "Type": "Corridor", "FloorLevel": "2", "LotNo": null, "ShopName": null, "Category": null, "layer": "Nodes_L2", "path": "C:/Users/Stephanie/Documents/001 Tasek Mall/04 GIS/Test_Claude_02/Nodes_L2.geojson" }, "geometry": { "type": "Point", "coordinates": [ 103.655885947617122, 1.51414374423784 ] } },
{ "type": "Feature", "properties": { "nodeID": "n_2_0041", "Type": "Shop", "FloorLevel": "2", "LotNo": "2-30", "ShopName": "Texas Chicken", "Category": "Food and Beverage", "layer": "Nodes_L2", "path": "C:/Users/Stephanie/Documents/001 Tasek Mall/04 GIS/Test_Claude_02/Nodes_L2.geojson" }, "geometry": { "type": "Point", "coordinates": [ 103.655911172681044, 1.514170073277568 ] } },
{ "type": "Feature", "properties": { "nodeID": "n_2_0042", "Type": "Entrance", "FloorLevel": "2", "LotNo": null, "ShopName": null, "Category": null, "layer": "Nodes_L2", "path": "C:/Users/Stephanie/Documents/001 Tasek Mall/04 GIS/Test_Claude_02/Nodes_L2.geojson" }, "geometry": { "type": "Point", "coordinates": [ 103.655922140729075, 1.514109681090514 ] } },
{ "type": "Feature", "properties": { "nodeID": "n_2_0043", "Type": "Corridor", "FloorLevel": "2", "LotNo": null, "ShopName": null, "Category": null, "layer": "Nodes_L2", "path": "C:/Users/Stephanie/Documents/001 Tasek Mall/04 GIS/Test_Claude_02/Nodes_L2.geojson" }, "geometry": { "type": "Point", "coordinates": [ 103.655733113181725, 1.514017450054357 ] } },
{ "type": "Feature", "properties": { "nodeID": "n_2_0044", "Type": "Corridor", "FloorLevel": "2", "LotNo": null, "ShopName": null, "Category": null, "layer": "Nodes_L2", "path": "C:/Users/Stephanie/Documents/001 Tasek Mall/04 GIS/Test_Claude_02/Nodes_L2.geojson" }, "geometry": { "type": "Point", "coordinates": [ 103.655583060895623, 1.513859337636942 ] } },
{ "type": "Feature", "properties": { "nodeID": "n_2_0045", "Type": "Corridor", "FloorLevel": "2", "LotNo": null, "ShopName": null, "Category": null, "layer": "Nodes_L2", "path": "C:/Users/Stephanie/Documents/001 Tasek Mall/04 GIS/Test_Claude_02/Nodes_L2.geojson" }, "geometry": { "type": "Point", "coordinates": [ 103.65532895326244, 1.513952737575383 ] } },
{ "type": "Feature", "properties": { "nodeID": "n_2_0046", "Type": "Corridor", "FloorLevel": "2", "LotNo": null, "ShopName": null, "Category": null, "layer": "Nodes_L2", "path": "C:/Users/Stephanie/Documents/001 Tasek Mall/04 GIS/Test_Claude_02/Nodes_L2.geojson" }, "geometry": { "type": "Point", "coordinates": [ 103.655196626850255, 1.514079420257114 ] } },
{ "type": "Feature", "properties": { "nodeID": "n_2_0047", "Type": "Corridor", "FloorLevel": "2", "LotNo": null, "ShopName": null, "Category": null, "layer": "Nodes_L2", "path": "C:/Users/Stephanie/Documents/001 Tasek Mall/04 GIS/Test_Claude_02/Nodes_L2.geojson" }, "geometry": { "type": "Point", "coordinates": [ 103.655133354125255, 1.514139994394983 ] } },
{ "type": "Feature", "properties": { "nodeID": "n_2_0048", "Type": "Shop", "FloorLevel": "2", "LotNo": "2-33", "ShopName": "Mixue", "Category": "Food and Beverage", "layer": "Nodes_L2", "path": "C:/Users/Stephanie/Documents/001 Tasek Mall/04 GIS/Test_Claude_02/Nodes_L2.geojson" }, "geometry": { "type": "Point", "coordinates": [ 103.655224354849992, 1.514155495202838 ] } },
{ "type": "Feature", "properties": { "nodeID": "n_2_0049", "Type": "Entrance", "FloorLevel": "2", "LotNo": null, "ShopName": null, "Category": null, "layer": "Nodes_L2", "path": "C:/Users/Stephanie/Documents/001 Tasek Mall/04 GIS/Test_Claude_02/Nodes_L2.geojson" }, "geometry": { "type": "Point", "coordinates": [ 103.655197862486247, 1.514207534898738 ] } },
{ "type": "Feature", "properties": { "nodeID": "n_2_0050", "Type": "Corridor", "FloorLevel": "2", "LotNo": null, "ShopName": null, "Category": null, "layer": "Nodes_L2", "path": "C:/Users/Stephanie/Documents/001 Tasek Mall/04 GIS/Test_Claude_02/Nodes_L2.geojson" }, "geometry": { "type": "Point", "coordinates": [ 103.65518448340427, 1.514193526948287 ] } },
{ "type": "Feature", "properties": { "nodeID": "n_2_0051", "Type": "Corridor", "FloorLevel": "2", "LotNo": null, "ShopName": null, "Category": null, "layer": "Nodes_L2", "path": "C:/Users/Stephanie/Documents/001 Tasek Mall/04 GIS/Test_Claude_02/Nodes_L2.geojson" }, "geometry": { "type": "Point", "coordinates": [ 103.655177152955716, 1.514185851940324 ] } },
{ "type": "Feature", "properties": { "nodeID": "n_2_0052", "Type": "Shop", "FloorLevel": "2", "LotNo": "2-34", "ShopName": "Starbucks", "Category": "Food and Beverage", "layer": "Nodes_L2", "path": "C:/Users/Stephanie/Documents/001 Tasek Mall/04 GIS/Test_Claude_02/Nodes_L2.geojson" }, "geometry": { "type": "Point", "coordinates": [ 103.655137292915967, 1.514223873924729 ] } },
{ "type": "Feature", "properties": { "nodeID": "n_2_0053", "Type": "Shop", "FloorLevel": "2", "LotNo": "2-34", "ShopName": "Starbucks", "Category": "Food and Beverage", "layer": "Nodes_L2", "path": "C:/Users/Stephanie/Documents/001 Tasek Mall/04 GIS/Test_Claude_02/Nodes_L2.geojson" }, "geometry": { "type": "Point", "coordinates": [ 103.655030773311111, 1.514273427990104 ] } },
{ "type": "Feature", "properties": { "nodeID": "n_2_0054", "Type": "Corridor", "FloorLevel": "2", "LotNo": null, "ShopName": null, "Category": null, "layer": "Nodes_L2", "path": "C:/Users/Stephanie/Documents/001 Tasek Mall/04 GIS/Test_Claude_02/Nodes_L2.geojson" }, "geometry": { "type": "Point", "coordinates": [ 103.655013203221046, 1.514255020848205 ] } },
{ "type": "Feature", "properties": { "nodeID": "n_2_0055", "Type": "Corridor", "FloorLevel": "2", "LotNo": null, "ShopName": null, "Category": null, "layer": "Nodes_L2", "path": "C:/Users/Stephanie/Documents/001 Tasek Mall/04 GIS/Test_Claude_02/Nodes_L2.geojson" }, "geometry": { "type": "Point", "coordinates": [ 103.654994764401536, 1.514272673249217 ] } },
{ "type": "Feature", "properties": { "nodeID": "n_2_0056", "Type": "Corridor", "FloorLevel": "2", "LotNo": null, "ShopName": null, "Category": null, "layer": "Nodes_L2", "path": "C:/Users/Stephanie/Documents/001 Tasek Mall/04 GIS/Test_Claude_02/Nodes_L2.geojson" }, "geometry": { "type": "Point", "coordinates": [ 103.654966100155093, 1.514242754302234 ] } },
{ "type": "Feature", "properties": { "nodeID": "n_2_0057", "Type": "Corridor", "FloorLevel": "2", "LotNo": null, "ShopName": null, "Category": null, "layer": "Nodes_L2", "path": "C:/Users/Stephanie/Documents/001 Tasek Mall/04 GIS/Test_Claude_02/Nodes_L2.geojson" }, "geometry": { "type": "Point", "coordinates": [ 103.654971335049652, 1.514295103335465 ] } },
{ "type": "Feature", "properties": { "nodeID": "n_2_0058", "Type": "Shop", "FloorLevel": "2", "LotNo": "2-36", "ShopName": "Angry Fries", "Category": "Food and Beverage", "layer": "Nodes_L2", "path": "C:/Users/Stephanie/Documents/001 Tasek Mall/04 GIS/Test_Claude_02/Nodes_L2.geojson" }, "geometry": { "type": "Point", "coordinates": [ 103.654988832121646, 1.514313433979745 ] } },
{ "type": "Feature", "properties": { "nodeID": "n_2_0059", "Type": "Corridor", "FloorLevel": "2", "LotNo": null, "ShopName": null, "Category": null, "layer": "Nodes_L2", "path": "C:/Users/Stephanie/Documents/001 Tasek Mall/04 GIS/Test_Claude_02/Nodes_L2.geojson" }, "geometry": { "type": "Point", "coordinates": [ 103.654958598999926, 1.514307296190497 ] } },
{ "type": "Feature", "properties": { "nodeID": "n_2_0060", "Type": "Shop", "FloorLevel": "2", "LotNo": "2-102B", "ShopName": "U Network", "Category": "Digital and Gadget", "layer": "Nodes_L2", "path": "C:/Users/Stephanie/Documents/001 Tasek Mall/04 GIS/Test_Claude_02/Nodes_L2.geojson" }, "geometry": { "type": "Point", "coordinates": [ 103.654893277560888, 1.514211796963006 ] } },
{ "type": "Feature", "properties": { "nodeID": "n_2_0061", "Type": "Corridor", "FloorLevel": "2", "LotNo": null, "ShopName": null, "Category": null, "layer": "Nodes_L2", "path": "C:/Users/Stephanie/Documents/001 Tasek Mall/04 GIS/Test_Claude_02/Nodes_L2.geojson" }, "geometry": { "type": "Point", "coordinates": [ 103.654879629113722, 1.514224863908393 ] } },
{ "type": "Feature", "properties": { "nodeID": "n_2_0062", "Type": "Corridor", "FloorLevel": "2", "LotNo": null, "ShopName": null, "Category": null, "layer": "Nodes_L2", "path": "C:/Users/Stephanie/Documents/001 Tasek Mall/04 GIS/Test_Claude_02/Nodes_L2.geojson" }, "geometry": { "type": "Point", "coordinates": [ 103.654891533703861, 1.514237290305184 ] } },
{ "type": "Feature", "properties": { "nodeID": "n_2_0063", "Type": "Corridor", "FloorLevel": "2", "LotNo": null, "ShopName": null, "Category": null, "layer": "Nodes_L2", "path": "C:/Users/Stephanie/Documents/001 Tasek Mall/04 GIS/Test_Claude_02/Nodes_L2.geojson" }, "geometry": { "type": "Point", "coordinates": [ 103.654930920687846, 1.514333794017664 ] } },
{ "type": "Feature", "properties": { "nodeID": "n_2_0064", "Type": "Shop", "FloorLevel": "2", "LotNo": "2-86", "ShopName": "The Green Party", "Category": "Fashion, Accessories and Footwear", "layer": "Nodes_L2", "path": "C:/Users/Stephanie/Documents/001 Tasek Mall/04 GIS/Test_Claude_02/Nodes_L2.geojson" }, "geometry": { "type": "Point", "coordinates": [ 103.654821701726704, 1.514285748884567 ] } },
{ "type": "Feature", "properties": { "nodeID": "n_2_0065", "Type": "Corridor", "FloorLevel": "2", "LotNo": null, "ShopName": null, "Category": null, "layer": "Nodes_L2", "path": "C:/Users/Stephanie/Documents/001 Tasek Mall/04 GIS/Test_Claude_02/Nodes_L2.geojson" }, "geometry": { "type": "Point", "coordinates": [ 103.654830618731879, 1.514295056207396 ] } },
{ "type": "Feature", "properties": { "nodeID": "n_2_0066", "Type": "Corridor", "FloorLevel": "2", "LotNo": null, "ShopName": null, "Category": null, "layer": "Nodes_L2", "path": "C:/Users/Stephanie/Documents/001 Tasek Mall/04 GIS/Test_Claude_02/Nodes_L2.geojson" }, "geometry": { "type": "Point", "coordinates": [ 103.654884733563662, 1.514378011271141 ] } },
{ "type": "Feature", "properties": { "nodeID": "n_2_0067", "Type": "Shop", "FloorLevel": "2", "LotNo": "2-37", "ShopName": "Joptic Eyeware", "Category": "Optical and Jewellery", "layer": "Nodes_L2", "path": "C:/Users/Stephanie/Documents/001 Tasek Mall/04 GIS/Test_Claude_02/Nodes_L2.geojson" }, "geometry": { "type": "Point", "coordinates": [ 103.654902079891798, 1.514396183383194 ] } },
{ "type": "Feature", "properties": { "nodeID": "n_2_0068", "Type": "Corridor", "FloorLevel": "2", "LotNo": null, "ShopName": null, "Category": null, "layer": "Nodes_L2", "path": "C:/Users/Stephanie/Documents/001 Tasek Mall/04 GIS/Test_Claude_02/Nodes_L2.geojson" }, "geometry": { "type": "Point", "coordinates": [ 103.65482409119663, 1.514436067243844 ] } },
{ "type": "Feature", "properties": { "nodeID": "n_2_0069", "Type": "Shop", "FloorLevel": "2", "LotNo": "2-38", "ShopName": "Charcoal BBQ", "Category": "Food and Beverage", "layer": "Nodes_L2", "path": "C:/Users/Stephanie/Documents/001 Tasek Mall/04 GIS/Test_Claude_02/Nodes_L2.geojson" }, "geometry": { "type": "Point", "coordinates": [ 103.654841332607816, 1.51445412773056 ] } },
{ "type": "Feature", "properties": { "nodeID": "n_2_0070", "Type": "Shop", "FloorLevel": "2", "LotNo": "2-97", "ShopName": "Xiaomi", "Category": "Digital and Gadget", "layer": "Nodes_L2", "path": "C:/Users/Stephanie/Documents/001 Tasek Mall/04 GIS/Test_Claude_02/Nodes_L2.geojson" }, "geometry": { "type": "Point", "coordinates": [ 103.654761763746606, 1.514343133165004 ] } },
{ "type": "Feature", "properties": { "nodeID": "n_2_0071", "Type": "Corridor", "FloorLevel": "2", "LotNo": null, "ShopName": null, "Category": null, "layer": "Nodes_L2", "path": "C:/Users/Stephanie/Documents/001 Tasek Mall/04 GIS/Test_Claude_02/Nodes_L2.geojson" }, "geometry": { "type": "Point", "coordinates": [ 103.654770406596967, 1.514352155605011 ] } },
{ "type": "Feature", "properties": { "nodeID": "n_2_0072", "Type": "Shop", "FloorLevel": "2", "LotNo": null, "ShopName": null, "Category": "Unoccupied", "layer": "Nodes_L2", "path": "C:/Users/Stephanie/Documents/001 Tasek Mall/04 GIS/Test_Claude_02/Nodes_L2.geojson" }, "geometry": { "type": "Point", "coordinates": [ 103.654734891666394, 1.514368860339774 ] } },
{ "type": "Feature", "properties": { "nodeID": "n_2_0073", "Type": "Corridor", "FloorLevel": "2", "LotNo": null, "ShopName": null, "Category": null, "layer": "Nodes_L2", "path": "C:/Users/Stephanie/Documents/001 Tasek Mall/04 GIS/Test_Claude_02/Nodes_L2.geojson" }, "geometry": { "type": "Point", "coordinates": [ 103.654743412530081, 1.514377754181297 ] } },
{ "type": "Feature", "properties": { "nodeID": "n_2_0074", "Type": "Corridor", "FloorLevel": "2", "LotNo": null, "ShopName": null, "Category": null, "layer": "Nodes_L2", "path": "C:/Users/Stephanie/Documents/001 Tasek Mall/04 GIS/Test_Claude_02/Nodes_L2.geojson" }, "geometry": { "type": "Point", "coordinates": [ 103.654800803415284, 1.514458361801917 ] } },
{ "type": "Feature", "properties": { "nodeID": "n_2_0075", "Type": "Corridor", "FloorLevel": "2", "LotNo": null, "ShopName": null, "Category": null, "layer": "Nodes_L2", "path": "C:/Users/Stephanie/Documents/001 Tasek Mall/04 GIS/Test_Claude_02/Nodes_L2.geojson" }, "geometry": { "type": "Point", "coordinates": [ 103.654778789643132, 1.514479436674149 ] } },
{ "type": "Feature", "properties": { "nodeID": "n_2_0076", "Type": "Shop", "FloorLevel": "2", "LotNo": "2-39", "ShopName": "Shi Fen Feng Weig", "Category": "Food and Beverage", "layer": "Nodes_L2", "path": "C:/Users/Stephanie/Documents/001 Tasek Mall/04 GIS/Test_Claude_02/Nodes_L2.geojson" }, "geometry": { "type": "Point", "coordinates": [ 103.654795951067058, 1.51449741532477 ] } },
{ "type": "Feature", "properties": { "nodeID": "n_2_0077", "Type": "Shop", "FloorLevel": "2", "LotNo": "2-40", "ShopName": "Nong Fu Tun gu Tang Huo Guo", "Category": "Food and Beverage", "layer": "Nodes_L2", "path": "C:/Users/Stephanie/Documents/001 Tasek Mall/04 GIS/Test_Claude_02/Nodes_L2.geojson" }, "geometry": { "type": "Point", "coordinates": [ 103.654758098158936, 1.514533521663479 ] } },
{ "type": "Feature", "properties": { "nodeID": "n_2_0078", "Type": "Corridor", "FloorLevel": "2", "LotNo": null, "ShopName": null, "Category": null, "layer": "Nodes_L2", "path": "C:/Users/Stephanie/Documents/001 Tasek Mall/04 GIS/Test_Claude_02/Nodes_L2.geojson" }, "geometry": { "type": "Point", "coordinates": [ 103.654741003673976, 1.514515611049703 ] } },
{ "type": "Feature", "properties": { "nodeID": "n_2_0079", "Type": "Shop", "FloorLevel": "2", "LotNo": "2-91", "ShopName": "Colegacy", "Category": "Fashion, Accessories and Footwear", "layer": "Nodes_L2", "path": "C:/Users/Stephanie/Documents/001 Tasek Mall/04 GIS/Test_Claude_02/Nodes_L2.geojson" }, "geometry": { "type": "Point", "coordinates": [ 103.654706483743112, 1.514493601515529 ] } },
{ "type": "Feature", "properties": { "nodeID": "n_2_0080", "Type": "Corridor", "FloorLevel": "2", "LotNo": null, "ShopName": null, "Category": null, "layer": "Nodes_L2", "path": "C:/Users/Stephanie/Documents/001 Tasek Mall/04 GIS/Test_Claude_02/Nodes_L2.geojson" }, "geometry": { "type": "Point", "coordinates": [ 103.654733942497714, 1.514522371062614 ] } },
{ "type": "Feature", "properties": { "nodeID": "n_2_0081", "Type": "Corridor", "FloorLevel": "2", "LotNo": null, "ShopName": null, "Category": null, "layer": "Nodes_L2", "path": "C:/Users/Stephanie/Documents/001 Tasek Mall/04 GIS/Test_Claude_02/Nodes_L2.geojson" }, "geometry": { "type": "Point", "coordinates": [ 103.654648429532358, 1.51467299479878 ] } },
{ "type": "Feature", "properties": { "nodeID": "n_2_0082", "Type": "Entrance", "FloorLevel": "2", "LotNo": null, "ShopName": null, "Category": null, "layer": "Nodes_L2", "path": "C:/Users/Stephanie/Documents/001 Tasek Mall/04 GIS/Test_Claude_02/Nodes_L2.geojson" }, "geometry": { "type": "Point", "coordinates": [ 103.654662599728709, 1.514740134953903 ] } },
{ "type": "Feature", "properties": { "nodeID": "n_2_0083", "Type": "Corridor", "FloorLevel": "2", "LotNo": null, "ShopName": null, "Category": null, "layer": "Nodes_L2", "path": "C:/Users/Stephanie/Documents/001 Tasek Mall/04 GIS/Test_Claude_02/Nodes_L2.geojson" }, "geometry": { "type": "Point", "coordinates": [ 103.654552623927728, 1.514621833085642 ] } },
{ "type": "Feature", "properties": { "nodeID": "n_2_0084", "Type": "Shop", "FloorLevel": "2", "LotNo": "2-44", "ShopName": "OC Sports", "Category": "Fashion, Accessories and Footwear", "layer": "Nodes_L2", "path": "C:/Users/Stephanie/Documents/001 Tasek Mall/04 GIS/Test_Claude_02/Nodes_L2.geojson" }, "geometry": { "type": "Point", "coordinates": [ 103.654542222073601, 1.514631713129814 ] } },
{ "type": "Feature", "properties": { "nodeID": "n_2_0085", "Type": "Corridor", "FloorLevel": "2", "LotNo": null, "ShopName": null, "Category": null, "layer": "Nodes_L2", "path": "C:/Users/Stephanie/Documents/001 Tasek Mall/04 GIS/Test_Claude_02/Nodes_L2.geojson" }, "geometry": { "type": "Point", "coordinates": [ 103.654361090070026, 1.514411620774754 ] } },
{ "type": "Feature", "properties": { "nodeID": "n_2_0086", "Type": "Corridor", "FloorLevel": "2", "LotNo": null, "ShopName": null, "Category": null, "layer": "Nodes_L2", "path": "C:/Users/Stephanie/Documents/001 Tasek Mall/04 GIS/Test_Claude_02/Nodes_L2.geojson" }, "geometry": { "type": "Point", "coordinates": [ 103.65429967721505, 1.514347523108473 ] } },
{ "type": "Feature", "properties": { "nodeID": "n_2_0087", "Type": "Toilet", "FloorLevel": "2", "LotNo": null, "ShopName": null, "Category": null, "layer": "Nodes_L2", "path": "C:/Users/Stephanie/Documents/001 Tasek Mall/04 GIS/Test_Claude_02/Nodes_L2.geojson" }, "geometry": { "type": "Point", "coordinates": [ 103.65426877840747, 1.514393858789772 ] } },
{ "type": "Feature", "properties": { "nodeID": "n_2_0088", "Type": "Toilet", "FloorLevel": "2", "LotNo": null, "ShopName": null, "Category": null, "layer": "Nodes_L2", "path": "C:/Users/Stephanie/Documents/001 Tasek Mall/04 GIS/Test_Claude_02/Nodes_L2.geojson" }, "geometry": { "type": "Point", "coordinates": [ 103.654284938933543, 1.51443197928818 ] } },
{ "type": "Feature", "properties": { "nodeID": "n_2_0089", "Type": "Toilet", "FloorLevel": "2", "LotNo": null, "ShopName": null, "Category": null, "layer": "Nodes_L2", "path": "C:/Users/Stephanie/Documents/001 Tasek Mall/04 GIS/Test_Claude_02/Nodes_L2.geojson" }, "geometry": { "type": "Point", "coordinates": [ 103.654231022250698, 1.514423048342157 ] } },
{ "type": "Feature", "properties": { "nodeID": "n_2_0090", "Type": "Toilet", "FloorLevel": "2", "LotNo": null, "ShopName": null, "Category": null, "layer": "Nodes_L2", "path": "C:/Users/Stephanie/Documents/001 Tasek Mall/04 GIS/Test_Claude_02/Nodes_L2.geojson" }, "geometry": { "type": "Point", "coordinates": [ 103.654222442835476, 1.514431262224616 ] } },
{ "type": "Feature", "properties": { "nodeID": "n_2_0091", "Type": "Corridor", "FloorLevel": "2", "LotNo": null, "ShopName": null, "Category": null, "layer": "Nodes_L2", "path": "C:/Users/Stephanie/Documents/001 Tasek Mall/04 GIS/Test_Claude_02/Nodes_L2.geojson" }, "geometry": { "type": "Point", "coordinates": [ 103.65424978656263, 1.514395290020182 ] } },
{ "type": "Feature", "properties": { "nodeID": "n_2_0092", "Type": "Corridor", "FloorLevel": "2", "LotNo": null, "ShopName": null, "Category": null, "layer": "Nodes_L2", "path": "C:/Users/Stephanie/Documents/001 Tasek Mall/04 GIS/Test_Claude_02/Nodes_L2.geojson" }, "geometry": { "type": "Point", "coordinates": [ 103.654366157658671, 1.514284378182415 ] } },
{ "type": "Feature", "properties": { "nodeID": "n_2_0093", "Type": "Corridor", "FloorLevel": "2", "LotNo": null, "ShopName": null, "Category": null, "layer": "Nodes_L2", "path": "C:/Users/Stephanie/Documents/001 Tasek Mall/04 GIS/Test_Claude_02/Nodes_L2.geojson" }, "geometry": { "type": "Point", "coordinates": [ 103.654112488044902, 1.514152150499833 ] } },
{ "type": "Feature", "properties": { "nodeID": "n_2_0094", "Type": "Corridor", "FloorLevel": "2", "LotNo": null, "ShopName": null, "Category": null, "layer": "Nodes_L2", "path": "C:/Users/Stephanie/Documents/001 Tasek Mall/04 GIS/Test_Claude_02/Nodes_L2.geojson" }, "geometry": { "type": "Point", "coordinates": [ 103.654196172681893, 1.514106948422591 ] } },
{ "type": "Feature", "properties": { "nodeID": "n_2_0095", "Type": "Shop", "FloorLevel": "2", "LotNo": "2-58", "ShopName": "Mr DIY", "Category": "Digital and Gadget", "layer": "Nodes_L2", "path": "C:/Users/Stephanie/Documents/001 Tasek Mall/04 GIS/Test_Claude_02/Nodes_L2.geojson" }, "geometry": { "type": "Point", "coordinates": [ 103.654430119549517, 1.51386085888888 ] } },
{ "type": "Feature", "properties": { "nodeID": "n_2_0096", "Type": "Corridor", "FloorLevel": "2", "LotNo": null, "ShopName": null, "Category": null, "layer": "Nodes_L2", "path": "C:/Users/Stephanie/Documents/001 Tasek Mall/04 GIS/Test_Claude_02/Nodes_L2.geojson" }, "geometry": { "type": "Point", "coordinates": [ 103.654439561013817, 1.513870713629801 ] } },
{ "type": "Feature", "properties": { "nodeID": "n_2_0097", "Type": "Corridor", "FloorLevel": "2", "LotNo": null, "ShopName": null, "Category": null, "layer": "Nodes_L2", "path": "C:/Users/Stephanie/Documents/001 Tasek Mall/04 GIS/Test_Claude_02/Nodes_L2.geojson" }, "geometry": { "type": "Point", "coordinates": [ 103.654249266771345, 1.51416236786015 ] } },
{ "type": "Feature", "properties": { "nodeID": "n_2_0098", "Type": "Corridor", "FloorLevel": "2", "LotNo": null, "ShopName": null, "Category": null, "layer": "Nodes_L2", "path": "C:/Users/Stephanie/Documents/001 Tasek Mall/04 GIS/Test_Claude_02/Nodes_L2.geojson" }, "geometry": { "type": "Point", "coordinates": [ 103.654452467200613, 1.513858186774003 ] } },
{ "type": "Feature", "properties": { "nodeID": "n_2_0099", "Type": "Corridor", "FloorLevel": "2", "LotNo": null, "ShopName": null, "Category": null, "layer": "Nodes_L2", "path": "C:/Users/Stephanie/Documents/001 Tasek Mall/04 GIS/Test_Claude_02/Nodes_L2.geojson" }, "geometry": { "type": "Point", "coordinates": [ 103.654473310988593, 1.513879646298216 ] } },
{ "type": "Feature", "properties": { "nodeID": "n_2_0100", "Type": "Corridor", "FloorLevel": "2", "LotNo": null, "ShopName": null, "Category": null, "layer": "Nodes_L2", "path": "C:/Users/Stephanie/Documents/001 Tasek Mall/04 GIS/Test_Claude_02/Nodes_L2.geojson" }, "geometry": { "type": "Point", "coordinates": [ 103.654564964399171, 1.513793866984191 ] } },
{ "type": "Feature", "properties": { "nodeID": "n_2_0101", "Type": "Shop", "FloorLevel": "2", "LotNo": "2-70", "ShopName": "Fortune House Design", "Category": "Home", "layer": "Nodes_L2", "path": "C:/Users/Stephanie/Documents/001 Tasek Mall/04 GIS/Test_Claude_02/Nodes_L2.geojson" }, "geometry": { "type": "Point", "coordinates": [ 103.654720277538374, 1.513916459057632 ] } },
{ "type": "Feature", "properties": { "nodeID": "n_2_0102", "Type": "Corridor", "FloorLevel": "2", "LotNo": null, "ShopName": null, "Category": null, "layer": "Nodes_L2", "path": "C:/Users/Stephanie/Documents/001 Tasek Mall/04 GIS/Test_Claude_02/Nodes_L2.geojson" }, "geometry": { "type": "Point", "coordinates": [ 103.654700847933313, 1.51393506086579 ] } },
{ "type": "Feature", "properties": { "nodeID": "n_2_0103", "Type": "Corridor", "FloorLevel": "2", "LotNo": null, "ShopName": null, "Category": null, "layer": "Nodes_L2", "path": "C:/Users/Stephanie/Documents/001 Tasek Mall/04 GIS/Test_Claude_02/Nodes_L2.geojson" }, "geometry": { "type": "Point", "coordinates": [ 103.654643429799364, 1.5139900327034 ] } },
{ "type": "Feature", "properties": { "nodeID": "n_2_0104", "Type": "Shop", "FloorLevel": "2", "LotNo": "2-85", "ShopName": "VIVO", "Category": "Digital and Gadget", "layer": "Nodes_L2", "path": "C:/Users/Stephanie/Documents/001 Tasek Mall/04 GIS/Test_Claude_02/Nodes_L2.geojson" }, "geometry": { "type": "Point", "coordinates": [ 103.654699750418061, 1.514049155204085 ] } },
{ "type": "Feature", "properties": { "nodeID": "n_2_0105", "Type": "Shop", "FloorLevel": "2", "LotNo": "2-85", "ShopName": "OPPO", "Category": "Digital and Gadget", "layer": "Nodes_L2", "path": "C:/Users/Stephanie/Documents/001 Tasek Mall/04 GIS/Test_Claude_02/Nodes_L2.geojson" }, "geometry": { "type": "Point", "coordinates": [ 103.654749172320479, 1.514100740389069 ] } },
{ "type": "Feature", "properties": { "nodeID": "n_2_0106", "Type": "Corridor", "FloorLevel": "2", "LotNo": null, "ShopName": null, "Category": null, "layer": "Nodes_L2", "path": "C:/Users/Stephanie/Documents/001 Tasek Mall/04 GIS/Test_Claude_02/Nodes_L2.geojson" }, "geometry": { "type": "Point", "coordinates": [ 103.654685716984687, 1.514062590743043 ] } },
{ "type": "Feature", "properties": { "nodeID": "n_2_0107", "Type": "Corridor", "FloorLevel": "2", "LotNo": null, "ShopName": null, "Category": null, "layer": "Nodes_L2", "path": "C:/Users/Stephanie/Documents/001 Tasek Mall/04 GIS/Test_Claude_02/Nodes_L2.geojson" }, "geometry": { "type": "Point", "coordinates": [ 103.654735070052226, 1.514114241830251 ] } },
{ "type": "Feature", "properties": { "nodeID": "n_2_0108", "Type": "Corridor", "FloorLevel": "2", "LotNo": null, "ShopName": null, "Category": null, "layer": "Nodes_L2", "path": "C:/Users/Stephanie/Documents/001 Tasek Mall/04 GIS/Test_Claude_02/Nodes_L2.geojson" }, "geometry": { "type": "Point", "coordinates": [ 103.654677534806765, 1.514054027579462 ] } },
{ "type": "Feature", "properties": { "nodeID": "n_2_0109", "Type": "Corridor", "FloorLevel": "2", "LotNo": null, "ShopName": null, "Category": null, "layer": "Nodes_L2", "path": "C:/Users/Stephanie/Documents/001 Tasek Mall/04 GIS/Test_Claude_02/Nodes_L2.geojson" }, "geometry": { "type": "Point", "coordinates": [ 103.654771529734276, 1.514152399178358 ] } },
{ "type": "Feature", "properties": { "nodeID": "n_2_0110", "Type": "Shop", "FloorLevel": "2", "LotNo": "2-71", "ShopName": "Wan To Play", "Category": "Entertainment and Leisure", "layer": "Nodes_L2", "path": "C:/Users/Stephanie/Documents/001 Tasek Mall/04 GIS/Test_Claude_02/Nodes_L2.geojson" }, "geometry": { "type": "Point", "coordinates": [ 103.654489774417499, 1.514206990845745 ] } },
{ "type": "Feature", "properties": { "nodeID": "n_2_0111", "Type": "Corridor", "FloorLevel": "2", "LotNo": null, "ShopName": null, "Category": null, "layer": "Nodes_L2", "path": "C:/Users/Stephanie/Documents/001 Tasek Mall/04 GIS/Test_Claude_02/Nodes_L2.geojson" }, "geometry": { "type": "Point", "coordinates": [ 103.654503163399511, 1.514220965885871 ] } },
{ "type": "Feature", "properties": { "nodeID": "n_2_0112", "Type": "Corridor", "FloorLevel": "2", "LotNo": null, "ShopName": null, "Category": null, "layer": "Nodes_L2", "path": "C:/Users/Stephanie/Documents/001 Tasek Mall/04 GIS/Test_Claude_02/Nodes_L2.geojson" }, "geometry": { "type": "Point", "coordinates": [ 103.654472057740747, 1.514250745571886 ] } },
{ "type": "Feature", "properties": { "nodeID": "n_2_0113", "Type": "Corridor", "FloorLevel": "2", "LotNo": null, "ShopName": null, "Category": null, "layer": "Nodes_L2", "path": "C:/Users/Stephanie/Documents/001 Tasek Mall/04 GIS/Test_Claude_02/Nodes_L2.geojson" }, "geometry": { "type": "Point", "coordinates": [ 103.654547961312943, 1.514366443856321 ] } },
{ "type": "Feature", "properties": { "nodeID": "n_2_0114", "Type": "Corridor", "FloorLevel": "2", "LotNo": null, "ShopName": null, "Category": null, "layer": "Nodes_L2", "path": "C:/Users/Stephanie/Documents/001 Tasek Mall/04 GIS/Test_Claude_02/Nodes_L2.geojson" }, "geometry": { "type": "Point", "coordinates": [ 103.654571770016886, 1.514343649375258 ] } },
{ "type": "Feature", "properties": { "nodeID": "n_2_0115", "Type": "Shop", "FloorLevel": "2", "LotNo": "2-91", "ShopName": "Colegacy", "Category": "Fashion, Accessories and Footwear", "layer": "Nodes_L2", "path": "C:/Users/Stephanie/Documents/001 Tasek Mall/04 GIS/Test_Claude_02/Nodes_L2.geojson" }, "geometry": { "type": "Point", "coordinates": [ 103.654585148044845, 1.514357612990665 ] } },
{ "type": "Feature", "properties": { "nodeID": "n_2_0116", "Type": "Shop", "FloorLevel": "2", "LotNo": "2-97", "ShopName": "Xiaomi", "Category": "Digital and Gadget", "layer": "Nodes_L2", "path": "C:/Users/Stephanie/Documents/001 Tasek Mall/04 GIS/Test_Claude_02/Nodes_L2.geojson" }, "geometry": { "type": "Point", "coordinates": [ 103.6546845032871, 1.514262490847375 ] } },
{ "type": "Feature", "properties": { "nodeID": "n_2_0117", "Type": "Corridor", "FloorLevel": "2", "LotNo": null, "ShopName": null, "Category": null, "layer": "Nodes_L2", "path": "C:/Users/Stephanie/Documents/001 Tasek Mall/04 GIS/Test_Claude_02/Nodes_L2.geojson" }, "geometry": { "type": "Point", "coordinates": [ 103.654671124916121, 1.514248526875743 ] } },
{ "type": "Feature", "properties": { "nodeID": "n_2_0118", "Type": "Corridor", "FloorLevel": "2", "LotNo": null, "ShopName": null, "Category": null, "layer": "Nodes_L2", "path": "C:/Users/Stephanie/Documents/001 Tasek Mall/04 GIS/Test_Claude_02/Nodes_L2.geojson" }, "geometry": { "type": "Point", "coordinates": [ 103.654692028478422, 1.514228513779625 ] } },
{ "type": "Feature", "properties": { "nodeID": "n_2_0119", "Type": "Corridor", "FloorLevel": "2", "LotNo": null, "ShopName": null, "Category": null, "layer": "Nodes_L2", "path": "C:/Users/Stephanie/Documents/001 Tasek Mall/04 GIS/Test_Claude_02/Nodes_L2.geojson" }, "geometry": { "type": "Point", "coordinates": [ 103.654585309572823, 1.51414232143955 ] } },
{ "type": "Feature", "properties": { "nodeID": "n_2_0120", "Type": "Corridor", "FloorLevel": "2", "LotNo": null, "ShopName": null, "Category": null, "layer": "Nodes_L2", "path": "C:/Users/Stephanie/Documents/001 Tasek Mall/04 GIS/Test_Claude_02/Nodes_L2.geojson" }, "geometry": { "type": "Point", "coordinates": [ 103.654734108456736, 1.514188226356371 ] } },
{ "type": "Feature", "properties": { "nodeID": "n_2_0121", "Type": "Shop", "FloorLevel": "2", "LotNo": "2-86", "ShopName": "The Green Party", "Category": "Fashion, Accessories and Footwear", "layer": "Nodes_L2", "path": "C:/Users/Stephanie/Documents/001 Tasek Mall/04 GIS/Test_Claude_02/Nodes_L2.geojson" }, "geometry": { "type": "Point", "coordinates": [ 103.654747487043309, 1.5142021905551 ] } },
{ "type": "Feature", "properties": { "nodeID": "n_2_0122", "Type": "Corridor", "FloorLevel": "2", "LotNo": null, "ShopName": null, "Category": null, "layer": "Nodes_L2", "path": "C:/Users/Stephanie/Documents/001 Tasek Mall/04 GIS/Test_Claude_02/Nodes_L2.geojson" }, "geometry": { "type": "Point", "coordinates": [ 103.65449853360127, 1.514413833807564 ] } },
{ "type": "Feature", "properties": { "nodeID": "n_2_0123", "Type": "Corridor", "FloorLevel": "2", "LotNo": null, "ShopName": null, "Category": null, "layer": "Nodes_L2", "path": "C:/Users/Stephanie/Documents/001 Tasek Mall/04 GIS/Test_Claude_02/Nodes_L2.geojson" }, "geometry": { "type": "Point", "coordinates": [ 103.654427919606164, 1.514481371923374 ] } },
{ "type": "Feature", "properties": { "nodeID": "n_2_0124", "Type": "Corridor", "FloorLevel": "2", "LotNo": null, "ShopName": null, "Category": null, "layer": "Nodes_L2", "path": "C:/Users/Stephanie/Documents/001 Tasek Mall/04 GIS/Test_Claude_02/Nodes_L2.geojson" }, "geometry": { "type": "Point", "coordinates": [ 103.654628096590173, 1.514550148956221 ] } },
{ "type": "Feature", "properties": { "nodeID": "n_2_0125", "Type": "Corridor", "FloorLevel": "2", "LotNo": null, "ShopName": null, "Category": null, "layer": "Nodes_L2", "path": "C:/Users/Stephanie/Documents/001 Tasek Mall/04 GIS/Test_Claude_02/Nodes_L2.geojson" }, "geometry": { "type": "Point", "coordinates": [ 103.654690781112265, 1.514563691588988 ] } },
{ "type": "Feature", "properties": { "nodeID": "n_2_0126", "Type": "Surau", "FloorLevel": "2", "LotNo": null, "ShopName": null, "Category": null, "layer": "Nodes_L2", "path": "C:/Users/Stephanie/Documents/001 Tasek Mall/04 GIS/Test_Claude_02/Nodes_L2.geojson" }, "geometry": { "type": "Point", "coordinates": [ 103.655014928588741, 1.514435023217796 ] } },
{ "type": "Feature", "properties": { "nodeID": "n_2_0127", "Type": "Corridor", "FloorLevel": "2", "LotNo": null, "ShopName": null, "Category": null, "layer": "Nodes_L2", "path": "C:/Users/Stephanie/Documents/001 Tasek Mall/04 GIS/Test_Claude_02/Nodes_L2.geojson" }, "geometry": { "type": "Point", "coordinates": [ 103.654977422885025, 1.514382404609499 ] } },
{ "type": "Feature", "properties": { "nodeID": "n_2_0128", "Type": "Toilet", "FloorLevel": "2", "LotNo": null, "ShopName": null, "Category": null, "layer": "Nodes_L2", "path": "C:/Users/Stephanie/Documents/001 Tasek Mall/04 GIS/Test_Claude_02/Nodes_L2.geojson" }, "geometry": { "type": "Point", "coordinates": [ 103.655002868427815, 1.514384688575374 ] } },
{ "type": "Feature", "properties": { "nodeID": "n_2_0129", "Type": "Toilet", "FloorLevel": "2", "LotNo": null, "ShopName": null, "Category": null, "layer": "Nodes_L2", "path": "C:/Users/Stephanie/Documents/001 Tasek Mall/04 GIS/Test_Claude_02/Nodes_L2.geojson" }, "geometry": { "type": "Point", "coordinates": [ 103.655011703257486, 1.514393944301819 ] } },
{ "type": "Feature", "properties": { "nodeID": "n_2_0130", "Type": "Toilet", "FloorLevel": "2", "LotNo": null, "ShopName": null, "Category": null, "layer": "Nodes_L2", "path": "C:/Users/Stephanie/Documents/001 Tasek Mall/04 GIS/Test_Claude_02/Nodes_L2.geojson" }, "geometry": { "type": "Point", "coordinates": [ 103.654989601476274, 1.514370789577883 ] } },
{ "type": "Feature", "properties": { "nodeID": "n_2_0131", "Type": "Corridor", "FloorLevel": "2", "LotNo": null, "ShopName": null, "Category": null, "layer": "Nodes_L2", "path": "C:/Users/Stephanie/Documents/001 Tasek Mall/04 GIS/Test_Claude_02/Nodes_L2.geojson" }, "geometry": { "type": "Point", "coordinates": [ 103.65499070515223, 1.514396289090223 ] } },
{ "type": "Feature", "properties": { "nodeID": "n_2_0132", "Type": "Corridor", "FloorLevel": "2", "LotNo": null, "ShopName": null, "Category": null, "layer": "Nodes_L2", "path": "C:/Users/Stephanie/Documents/001 Tasek Mall/04 GIS/Test_Claude_02/Nodes_L2.geojson" }, "geometry": { "type": "Point", "coordinates": [ 103.654999551731166, 1.514405536766333 ] } },
{ "type": "Feature", "properties": { "nodeID": "n_2_0133", "Type": "Toilet", "FloorLevel": "2", "LotNo": null, "ShopName": null, "Category": null, "layer": "Nodes_L2", "path": "C:/Users/Stephanie/Documents/001 Tasek Mall/04 GIS/Test_Claude_02/Nodes_L2.geojson" }, "geometry": { "type": "Point", "coordinates": [ 103.655672552872531, 1.513919925178121 ] } },
{ "type": "Feature", "properties": { "nodeID": "n_2_0134", "Type": "Toilet", "FloorLevel": "2", "LotNo": null, "ShopName": null, "Category": null, "layer": "Nodes_L2", "path": "C:/Users/Stephanie/Documents/001 Tasek Mall/04 GIS/Test_Claude_02/Nodes_L2.geojson" }, "geometry": { "type": "Point", "coordinates": [ 103.655689614872415, 1.513922293634215 ] } },
{ "type": "Feature", "properties": { "nodeID": "n_2_0135", "Type": "Toilet", "FloorLevel": "2", "LotNo": null, "ShopName": null, "Category": null, "layer": "Nodes_L2", "path": "C:/Users/Stephanie/Documents/001 Tasek Mall/04 GIS/Test_Claude_02/Nodes_L2.geojson" }, "geometry": { "type": "Point", "coordinates": [ 103.655687576730784, 1.513935606697116 ] } },
{ "type": "Feature", "properties": { "nodeID": "n_2_0136", "Type": "Corridor", "FloorLevel": "2", "LotNo": null, "ShopName": null, "Category": null, "layer": "Nodes_L2", "path": "C:/Users/Stephanie/Documents/001 Tasek Mall/04 GIS/Test_Claude_02/Nodes_L2.geojson" }, "geometry": { "type": "Point", "coordinates": [ 103.65553237609997, 1.513806431784491 ] } },
{ "type": "Feature", "properties": { "nodeID": "n_2_0137", "Type": "Shop", "FloorLevel": "2", "LotNo": null, "ShopName": null, "Category": "Unoccupied", "layer": "Nodes_L2", "path": "C:/Users/Stephanie/Documents/001 Tasek Mall/04 GIS/Test_Claude_02/Nodes_L2.geojson" }, "geometry": { "type": "Point", "coordinates": [ 103.655763469350234, 1.514207899191314 ] } },
{ "type": "Feature", "properties": { "nodeID": "n_2_0138", "Type": "Shop", "FloorLevel": "2", "LotNo": null, "ShopName": null, "Category": "Unoccupied", "layer": "Nodes_L2", "path": "C:/Users/Stephanie/Documents/001 Tasek Mall/04 GIS/Test_Claude_02/Nodes_L2.geojson" }, "geometry": { "type": "Point", "coordinates": [ 103.655715780489118, 1.514203428720252 ] } },
{ "type": "Feature", "properties": { "nodeID": "n_2_0139", "Type": "Corridor", "FloorLevel": "2", "LotNo": null, "ShopName": null, "Category": null, "layer": "Nodes_L2", "path": "C:/Users/Stephanie/Documents/001 Tasek Mall/04 GIS/Test_Claude_02/Nodes_L2.geojson" }, "geometry": { "type": "Point", "coordinates": [ 103.655710903509757, 1.514208091336203 ] } },
{ "type": "Feature", "properties": { "nodeID": "n_2_0140", "Type": "Shop", "FloorLevel": "2", "LotNo": "2-11", "ShopName": "Amson Shoes", "Category": "Fashion, Accessories and Footwear", "layer": "Nodes_L2", "path": "C:/Users/Stephanie/Documents/001 Tasek Mall/04 GIS/Test_Claude_02/Nodes_L2.geojson" }, "geometry": { "type": "Point", "coordinates": [ 103.65566601820673, 1.51415059384295 ] } },
{ "type": "Feature", "properties": { "nodeID": "n_2_0141", "Type": "Corridor", "FloorLevel": "2", "LotNo": null, "ShopName": null, "Category": null, "layer": "Nodes_L2", "path": "C:/Users/Stephanie/Documents/001 Tasek Mall/04 GIS/Test_Claude_02/Nodes_L2.geojson" }, "geometry": { "type": "Point", "coordinates": [ 103.655660653353891, 1.514155643176042 ] } },
{ "type": "Feature", "properties": { "nodeID": "n_2_0142", "Type": "Corridor", "FloorLevel": "2", "LotNo": null, "ShopName": null, "Category": null, "layer": "Nodes_L2", "path": "C:/Users/Stephanie/Documents/001 Tasek Mall/04 GIS/Test_Claude_02/Nodes_L2.geojson" }, "geometry": { "type": "Point", "coordinates": [ 103.655669422826421, 1.513941624340791 ] } },
{ "type": "Feature", "properties": { "nodeID": "n_2_0143", "Type": "Shop", "FloorLevel": "2", "LotNo": "2-102A", "ShopName": "Mister Coffee", "Category": "Food and Beverage", "layer": "Nodes_L2", "path": "C:/Users/Stephanie/Documents/001 Tasek Mall/04 GIS/Test_Claude_02/Nodes_L2.geojson" }, "geometry": { "type": "Point", "coordinates": [ 103.654926454439732, 1.514246426071548 ] } },
{ "type": "Feature", "properties": { "nodeID": "n_2_0144", "Type": "Corridor", "FloorLevel": "2", "LotNo": null, "ShopName": null, "Category": null, "layer": "Nodes_L2", "path": "C:/Users/Stephanie/Documents/001 Tasek Mall/04 GIS/Test_Claude_02/Nodes_L2.geojson" }, "geometry": { "type": "Point", "coordinates": [ 103.654912805112943, 1.514259494394769 ] } },
{ "type": "Feature", "properties": { "nodeID": "n_2_0145", "Type": "Corridor", "FloorLevel": "2", "LotNo": null, "ShopName": null, "Category": null, "layer": "Nodes_L2", "path": "C:/Users/Stephanie/Documents/001 Tasek Mall/04 GIS/Test_Claude_02/Nodes_L2.geojson" }, "geometry": { "type": "Point", "coordinates": [ 103.654183470345373, 1.514226235969601 ] } },
{ "type": "Feature", "properties": { "nodeID": "n_2_0146", "Type": "Corridor", "FloorLevel": "2", "LotNo": null, "ShopName": null, "Category": null, "layer": "Nodes_L2", "path": "C:/Users/Stephanie/Documents/001 Tasek Mall/04 GIS/Test_Claude_02/Nodes_L2.geojson" }, "geometry": { "type": "Point", "coordinates": [ 103.655382966045337, 1.51390102844177 ] } },
{ "type": "Feature", "properties": { "nodeID": "n_2_0147", "Type": "Corridor", "FloorLevel": "2", "LotNo": null, "ShopName": null, "Category": null, "layer": "Nodes_L2", "path": "C:/Users/Stephanie/Documents/001 Tasek Mall/04 GIS/Test_Claude_02/Nodes_L2.geojson" }, "geometry": { "type": "Point", "coordinates": [ 103.654231799196907, 1.514106972663658 ] } },
{ "type": "Feature", "properties": { "nodeID": "n_2_0148", "Type": "Corridor", "FloorLevel": "2", "LotNo": null, "ShopName": null, "Category": null, "layer": "Nodes_L2", "path": "C:/Users/Stephanie/Documents/001 Tasek Mall/04 GIS/Test_Claude_02/Nodes_L2.geojson" }, "geometry": { "type": "Point", "coordinates": [ 103.654246272557344, 1.51412187388865 ] } },
{ "type": "Feature", "properties": { "nodeID": "n_2_0149", "Type": "Corridor", "FloorLevel": "2", "LotNo": null, "ShopName": null, "Category": null, "layer": "Nodes_L2", "path": "C:/Users/Stephanie/Documents/001 Tasek Mall/04 GIS/Test_Claude_02/Nodes_L2.geojson" }, "geometry": { "type": "Point", "coordinates": [ 103.654214498854074, 1.514089160884275 ] } },
{ "type": "Feature", "properties": { "nodeID": "n_2_0150", "Type": "Corridor", "FloorLevel": "2", "LotNo": null, "ShopName": null, "Category": null, "layer": "Nodes_L2", "path": "C:/Users/Stephanie/Documents/001 Tasek Mall/04 GIS/Test_Claude_02/Nodes_L2.geojson" }, "geometry": { "type": "Point", "coordinates": [ 103.654267969802362, 1.514144212552038 ] } },
{ "type": "Feature", "properties": { "nodeID": "n_2_0151", "Type": "Corridor", "FloorLevel": "2", "LotNo": null, "ShopName": null, "Category": null, "layer": "Nodes_L2", "path": "C:/Users/Stephanie/Documents/001 Tasek Mall/04 GIS/Test_Claude_02/Nodes_L2.geojson" }, "geometry": { "type": "Point", "coordinates": [ 103.654334457334187, 1.513972728161657 ] } },
{ "type": "Feature", "properties": { "nodeID": "n_2_0152", "Type": "Corridor", "FloorLevel": "2", "LotNo": null, "ShopName": null, "Category": null, "layer": "Nodes_L2", "path": "C:/Users/Stephanie/Documents/001 Tasek Mall/04 GIS/Test_Claude_02/Nodes_L2.geojson" }, "geometry": { "type": "Point", "coordinates": [ 103.65435270080286, 1.513991510550809 ] } },
{ "type": "Feature", "properties": { "nodeID": "n_2_0153", "Type": "Corridor", "FloorLevel": "2", "LotNo": null, "ShopName": null, "Category": null, "layer": "Nodes_L2", "path": "C:/Users/Stephanie/Documents/001 Tasek Mall/04 GIS/Test_Claude_02/Nodes_L2.geojson" }, "geometry": { "type": "Point", "coordinates": [ 103.65436681596681, 1.514006042683107 ] } },
{ "type": "Feature", "properties": { "nodeID": "n_2_0154", "Type": "Corridor", "FloorLevel": "2", "LotNo": null, "ShopName": null, "Category": null, "layer": "Nodes_L2", "path": "C:/Users/Stephanie/Documents/001 Tasek Mall/04 GIS/Test_Claude_02/Nodes_L2.geojson" }, "geometry": { "type": "Point", "coordinates": [ 103.654387923497822, 1.514027773739988 ] } },
{ "type": "Feature", "properties": { "nodeID": "n_2_0155", "Type": "Corridor", "FloorLevel": "2", "LotNo": null, "ShopName": null, "Category": null, "layer": "Nodes_L2", "path": "C:/Users/Stephanie/Documents/001 Tasek Mall/04 GIS/Test_Claude_02/Nodes_L2.geojson" }, "geometry": { "type": "Point", "coordinates": [ 103.654381850012726, 1.513988739170135 ] } },
{ "type": "Feature", "properties": { "nodeID": "n_2_0156", "Type": "Corridor", "FloorLevel": "2", "LotNo": null, "ShopName": null, "Category": null, "layer": "Nodes_L2", "path": "C:/Users/Stephanie/Documents/001 Tasek Mall/04 GIS/Test_Claude_02/Nodes_L2.geojson" }, "geometry": { "type": "Point", "coordinates": [ 103.654457060057794, 1.514453500802689 ] } },
{ "type": "Feature", "properties": { "nodeID": "n_2_0157", "Type": "Corridor", "FloorLevel": "2", "LotNo": null, "ShopName": null, "Category": null, "layer": "Nodes_L2", "path": "C:/Users/Stephanie/Documents/001 Tasek Mall/04 GIS/Test_Claude_02/Nodes_L2.geojson" }, "geometry": { "type": "Point", "coordinates": [ 103.65447167348691, 1.51443948190871 ] } },
{ "type": "Feature", "properties": { "nodeID": "n_2_0158", "Type": "Corridor", "FloorLevel": "2", "LotNo": null, "ShopName": null, "Category": null, "layer": "Nodes_L2", "path": "C:/Users/Stephanie/Documents/001 Tasek Mall/04 GIS/Test_Claude_02/Nodes_L2.geojson" }, "geometry": { "type": "Point", "coordinates": [ 103.654329205422513, 1.514319476417438 ] } },
{ "type": "Feature", "properties": { "nodeID": "n_2_0159", "Type": "Corridor", "FloorLevel": "2", "LotNo": null, "ShopName": null, "Category": null, "layer": "Nodes_L2", "path": "C:/Users/Stephanie/Documents/001 Tasek Mall/04 GIS/Test_Claude_02/Nodes_L2.geojson" }, "geometry": { "type": "Point", "coordinates": [ 103.654343600817626, 1.514305803281212 ] } },
{ "type": "Feature", "properties": { "nodeID": "n_2_0160", "Type": "Corridor", "FloorLevel": "2", "LotNo": null, "ShopName": null, "Category": null, "layer": "Nodes_L2", "path": "C:/Users/Stephanie/Documents/001 Tasek Mall/04 GIS/Test_Claude_02/Nodes_L2.geojson" }, "geometry": { "type": "Point", "coordinates": [ 103.654748285242349, 1.514403019313974 ] } },
{ "type": "Feature", "properties": { "nodeID": "n_2_0161", "Type": "Corridor", "FloorLevel": "2", "LotNo": null, "ShopName": null, "Category": null, "layer": "Nodes_L2", "path": "C:/Users/Stephanie/Documents/001 Tasek Mall/04 GIS/Test_Claude_02/Nodes_L2.geojson" }, "geometry": { "type": "Point", "coordinates": [ 103.654762470405927, 1.514417967325438 ] } },
{ "type": "Feature", "properties": { "nodeID": "n_2_0162", "Type": "Corridor", "FloorLevel": "2", "LotNo": null, "ShopName": null, "Category": null, "layer": "Nodes_L2", "path": "C:/Users/Stephanie/Documents/001 Tasek Mall/04 GIS/Test_Claude_02/Nodes_L2.geojson" }, "geometry": { "type": "Point", "coordinates": [ 103.65487836692084, 1.514278857478489 ] } },
{ "type": "Feature", "properties": { "nodeID": "n_2_0163", "Type": "Corridor", "FloorLevel": "2", "LotNo": null, "ShopName": null, "Category": null, "layer": "Nodes_L2", "path": "C:/Users/Stephanie/Documents/001 Tasek Mall/04 GIS/Test_Claude_02/Nodes_L2.geojson" }, "geometry": { "type": "Point", "coordinates": [ 103.654892270685892, 1.514293391636264 ] } },
{ "type": "Feature", "properties": { "nodeID": "n_2_0164", "Type": "Corridor", "FloorLevel": "2", "LotNo": null, "ShopName": null, "Category": null, "layer": "Nodes_L2", "path": "C:/Users/Stephanie/Documents/001 Tasek Mall/04 GIS/Test_Claude_02/Nodes_L2.geojson" }, "geometry": { "type": "Point", "coordinates": [ 103.654863780029473, 1.514263609221543 ] } },
{ "type": "Feature", "properties": { "nodeID": "n_2_0165", "Type": "Corridor", "FloorLevel": "2", "LotNo": null, "ShopName": null, "Category": null, "layer": "Nodes_L2", "path": "C:/Users/Stephanie/Documents/001 Tasek Mall/04 GIS/Test_Claude_02/Nodes_L2.geojson" }, "geometry": { "type": "Point", "coordinates": [ 103.654523567034147, 1.513832611179197 ] } },
{ "type": "Feature", "properties": { "nodeID": "n_2_0166", "Type": "Corridor", "FloorLevel": "2", "LotNo": null, "ShopName": null, "Category": null, "layer": "Nodes_L2", "path": "C:/Users/Stephanie/Documents/001 Tasek Mall/04 GIS/Test_Claude_02/Nodes_L2.geojson" }, "geometry": { "type": "Point", "coordinates": [ 103.654537989424213, 1.513819113124668 ] } },
{ "type": "Feature", "properties": { "nodeID": "n_2_0167", "Type": "Corridor", "FloorLevel": "2", "LotNo": null, "ShopName": null, "Category": null, "layer": "Nodes_L2", "path": "C:/Users/Stephanie/Documents/001 Tasek Mall/04 GIS/Test_Claude_02/Nodes_L2.geojson" }, "geometry": { "type": "Point", "coordinates": [ 103.654675949277646, 1.51390918916788 ] } },
{ "type": "Feature", "properties": { "nodeID": "n_2_0168", "Type": "Corridor", "FloorLevel": "2", "LotNo": null, "ShopName": null, "Category": null, "layer": "Nodes_L2", "path": "C:/Users/Stephanie/Documents/001 Tasek Mall/04 GIS/Test_Claude_02/Nodes_L2.geojson" }, "geometry": { "type": "Point", "coordinates": [ 103.654618589608262, 1.513964105373909 ] } },
{ "type": "Feature", "properties": { "nodeID": "n_2_0169", "Type": "Corridor", "FloorLevel": "2", "LotNo": null, "ShopName": null, "Category": null, "layer": "Nodes_L2", "path": "C:/Users/Stephanie/Documents/001 Tasek Mall/04 GIS/Test_Claude_02/Nodes_L2.geojson" }, "geometry": { "type": "Point", "coordinates": [ 103.654634495627832, 1.513948876934663 ] } },
{ "type": "Feature", "properties": { "nodeID": "n_2_0170", "Type": "Corridor", "FloorLevel": "2", "LotNo": null, "ShopName": null, "Category": null, "layer": "Nodes_L2", "path": "C:/Users/Stephanie/Documents/001 Tasek Mall/04 GIS/Test_Claude_02/Nodes_L2.geojson" }, "geometry": { "type": "Point", "coordinates": [ 103.654649077203871, 1.513934916518908 ] } },
{ "type": "Feature", "properties": { "nodeID": "n_3_0001", "Type": "Shop", "FloorLevel": "3", "LotNo": null, "ShopName": "The Store", "Category": "Department Store", "layer": "Nodes_L3", "path": "C:/Users/Stephanie/Documents/001 Tasek Mall/04 GIS/Test_Claude_02/Nodes_L3.geojson" }, "geometry": { "type": "Point", "coordinates": [ 103.655343054102858, 1.513917857693954 ] } },
{ "type": "Feature", "properties": { "nodeID": "n_3_0002", "Type": "Shop", "FloorLevel": "3", "LotNo": "3-25", "ShopName": "Srikandi Massage", "Category": "Entertainment and Leisure", "layer": "Nodes_L3", "path": "C:/Users/Stephanie/Documents/001 Tasek Mall/04 GIS/Test_Claude_02/Nodes_L3.geojson" }, "geometry": { "type": "Point", "coordinates": [ 103.655442607683213, 1.51389018957134 ] } },
{ "type": "Feature", "properties": { "nodeID": "n_3_0003", "Type": "Shop", "FloorLevel": "3", "LotNo": "3-21", "ShopName": "Perniagaan Kito", "Category": "Fashion, Accessories and Footwear", "layer": "Nodes_L3", "path": "C:/Users/Stephanie/Documents/001 Tasek Mall/04 GIS/Test_Claude_02/Nodes_L3.geojson" }, "geometry": { "type": "Point", "coordinates": [ 103.655617100190454, 1.514098655361413 ] } },
{ "type": "Feature", "properties": { "nodeID": "n_3_0004", "Type": "Shop", "FloorLevel": "3", "LotNo": "3-11", "ShopName": "eco-shop", "Category": "Home and Living", "layer": "Nodes_L3", "path": "C:/Users/Stephanie/Documents/001 Tasek Mall/04 GIS/Test_Claude_02/Nodes_L3.geojson" }, "geometry": { "type": "Point", "coordinates": [ 103.655748156273447, 1.514326145357814 ] } },
{ "type": "Feature", "properties": { "nodeID": "n_3_0005", "Type": "Shop", "FloorLevel": "3", "LotNo": "3-09", "ShopName": "Moote", "Category": "Optical and Jewellery", "layer": "Nodes_L3", "path": "C:/Users/Stephanie/Documents/001 Tasek Mall/04 GIS/Test_Claude_02/Nodes_L3.geojson" }, "geometry": { "type": "Point", "coordinates": [ 103.655663232440304, 1.514341575066156 ] } },
{ "type": "Feature", "properties": { "nodeID": "n_3_0006", "Type": "Shop", "FloorLevel": "3", "LotNo": "3-05", "ShopName": "Anneomi Fashion", "Category": "Fashion, Accessories and Footwear", "layer": "Nodes_L3", "path": "C:/Users/Stephanie/Documents/001 Tasek Mall/04 GIS/Test_Claude_02/Nodes_L3.geojson" }, "geometry": { "type": "Point", "coordinates": [ 103.655482642901617, 1.514129346238179 ] } },
{ "type": "Feature", "properties": { "nodeID": "n_3_0007", "Type": "Shop", "FloorLevel": "3", "LotNo": "3-04", "ShopName": "Classic Perfect", "Category": "Fashion, Accessories and Footwear", "layer": "Nodes_L3", "path": "C:/Users/Stephanie/Documents/001 Tasek Mall/04 GIS/Test_Claude_02/Nodes_L3.geojson" }, "geometry": { "type": "Point", "coordinates": [ 103.65544635137195, 1.514091325751784 ] } },
{ "type": "Feature", "properties": { "nodeID": "n_3_0008", "Type": "Shop", "FloorLevel": "3", "LotNo": "3-03", "ShopName": "Caryn Trading", "Category": "Fashion, Accessories and Footwear", "layer": "Nodes_L3", "path": "C:/Users/Stephanie/Documents/001 Tasek Mall/04 GIS/Test_Claude_02/Nodes_L3.geojson" }, "geometry": { "type": "Point", "coordinates": [ 103.655421401514872, 1.514065187264004 ] } },
{ "type": "Feature", "properties": { "nodeID": "n_3_0009", "Type": "Shop", "FloorLevel": "3", "LotNo": "3-02", "ShopName": "CS Fashion Bag Shop", "Category": "Fashion, Accessories and Footwear", "layer": "Nodes_L3", "path": "C:/Users/Stephanie/Documents/001 Tasek Mall/04 GIS/Test_Claude_02/Nodes_L3.geojson" }, "geometry": { "type": "Point", "coordinates": [ 103.65538812984741, 1.51403033050646 ] } },
{ "type": "Feature", "properties": { "nodeID": "n_3_0010", "Type": "Shop", "FloorLevel": "3", "LotNo": "3-45", "ShopName": "Playland", "Category": "Entertainment and Leisure", "layer": "Nodes_L3", "path": "C:/Users/Stephanie/Documents/001 Tasek Mall/04 GIS/Test_Claude_02/Nodes_L3.geojson" }, "geometry": { "type": "Point", "coordinates": [ 103.655024289163237, 1.514279612954167 ] } },
{ "type": "Feature", "properties": { "nodeID": "n_3_0011", "Type": "Shop", "FloorLevel": "3", "LotNo": "3-80", "ShopName": "ODD Dance", "Category": "Entertainment and Leisure", "layer": "Nodes_L3", "path": "C:/Users/Stephanie/Documents/001 Tasek Mall/04 GIS/Test_Claude_02/Nodes_L3.geojson" }, "geometry": { "type": "Point", "coordinates": [ 103.654548631929856, 1.514392605881924 ] } },
{ "type": "Feature", "properties": { "nodeID": "n_3_0012", "Type": "Shop", "FloorLevel": "3", "LotNo": "3-51", "ShopName": "Snap A Memory", "Category": "Entertainment and Leisure", "layer": "Nodes_L3", "path": "C:/Users/Stephanie/Documents/001 Tasek Mall/04 GIS/Test_Claude_02/Nodes_L3.geojson" }, "geometry": { "type": "Point", "coordinates": [ 103.654680748587168, 1.514705421227124 ] } },
{ "type": "Feature", "properties": { "nodeID": "n_3_0013", "Type": "Corridor", "FloorLevel": "3", "LotNo": null, "ShopName": null, "Category": null, "layer": "Nodes_L3", "path": "C:/Users/Stephanie/Documents/001 Tasek Mall/04 GIS/Test_Claude_02/Nodes_L3.geojson" }, "geometry": { "type": "Point", "coordinates": [ 103.654090447595479, 1.514209566095372 ] } },
{ "type": "Feature", "properties": { "nodeID": "n_3_0014", "Type": "Corridor", "FloorLevel": "3", "LotNo": null, "ShopName": null, "Category": null, "layer": "Nodes_L3", "path": "C:/Users/Stephanie/Documents/001 Tasek Mall/04 GIS/Test_Claude_02/Nodes_L3.geojson" }, "geometry": { "type": "Point", "coordinates": [ 103.654290259083226, 1.514345804530117 ] } },
{ "type": "Feature", "properties": { "nodeID": "n_3_0015", "Type": "Corridor", "FloorLevel": "3", "LotNo": null, "ShopName": null, "Category": null, "layer": "Nodes_L3", "path": "C:/Users/Stephanie/Documents/001 Tasek Mall/04 GIS/Test_Claude_02/Nodes_L3.geojson" }, "geometry": { "type": "Point", "coordinates": [ 103.654356759428211, 1.514415768153041 ] } },
{ "type": "Feature", "properties": { "nodeID": "n_3_0016", "Type": "Corridor", "FloorLevel": "3", "LotNo": null, "ShopName": null, "Category": null, "layer": "Nodes_L3", "path": "C:/Users/Stephanie/Documents/001 Tasek Mall/04 GIS/Test_Claude_02/Nodes_L3.geojson" }, "geometry": { "type": "Point", "coordinates": [ 103.65442331027333, 1.514485784903788 ] } },
{ "type": "Feature", "properties": { "nodeID": "n_3_0017", "Type": "Corridor", "FloorLevel": "3", "LotNo": null, "ShopName": null, "Category": null, "layer": "Nodes_L3", "path": "C:/Users/Stephanie/Documents/001 Tasek Mall/04 GIS/Test_Claude_02/Nodes_L3.geojson" }, "geometry": { "type": "Point", "coordinates": [ 103.654497941820765, 1.514414332576006 ] } },
{ "type": "Feature", "properties": { "nodeID": "n_3_0018", "Type": "Corridor", "FloorLevel": "3", "LotNo": null, "ShopName": null, "Category": null, "layer": "Nodes_L3", "path": "C:/Users/Stephanie/Documents/001 Tasek Mall/04 GIS/Test_Claude_02/Nodes_L3.geojson" }, "geometry": { "type": "Point", "coordinates": [ 103.654570656519468, 1.514344715439083 ] } },
{ "type": "Feature", "properties": { "nodeID": "n_3_0019", "Type": "Corridor", "FloorLevel": "3", "LotNo": null, "ShopName": null, "Category": null, "layer": "Nodes_L3", "path": "C:/Users/Stephanie/Documents/001 Tasek Mall/04 GIS/Test_Claude_02/Nodes_L3.geojson" }, "geometry": { "type": "Point", "coordinates": [ 103.654475966705178, 1.514290272594663 ] } },
{ "type": "Feature", "properties": { "nodeID": "n_3_0020", "Type": "Corridor", "FloorLevel": "3", "LotNo": null, "ShopName": null, "Category": null, "layer": "Nodes_L3", "path": "C:/Users/Stephanie/Documents/001 Tasek Mall/04 GIS/Test_Claude_02/Nodes_L3.geojson" }, "geometry": { "type": "Point", "coordinates": [ 103.654349414756879, 1.514266901995872 ] } },
{ "type": "Feature", "properties": { "nodeID": "n_3_0021", "Type": "Corridor", "FloorLevel": "3", "LotNo": null, "ShopName": null, "Category": null, "layer": "Nodes_L3", "path": "C:/Users/Stephanie/Documents/001 Tasek Mall/04 GIS/Test_Claude_02/Nodes_L3.geojson" }, "geometry": { "type": "Point", "coordinates": [ 103.654618823285148, 1.514153505717835 ] } },
{ "type": "Feature", "properties": { "nodeID": "n_3_0022", "Type": "Corridor", "FloorLevel": "3", "LotNo": null, "ShopName": null, "Category": null, "layer": "Nodes_L3", "path": "C:/Users/Stephanie/Documents/001 Tasek Mall/04 GIS/Test_Claude_02/Nodes_L3.geojson" }, "geometry": { "type": "Point", "coordinates": [ 103.654676437357793, 1.514243440737622 ] } },
{ "type": "Feature", "properties": { "nodeID": "n_3_0023", "Type": "Corridor", "FloorLevel": "3", "LotNo": null, "ShopName": null, "Category": null, "layer": "Nodes_L3", "path": "C:/Users/Stephanie/Documents/001 Tasek Mall/04 GIS/Test_Claude_02/Nodes_L3.geojson" }, "geometry": { "type": "Point", "coordinates": [ 103.654627021939319, 1.514001162687229 ] } },
{ "type": "Feature", "properties": { "nodeID": "n_3_0024", "Type": "Corridor", "FloorLevel": "3", "LotNo": null, "ShopName": null, "Category": null, "layer": "Nodes_L3", "path": "C:/Users/Stephanie/Documents/001 Tasek Mall/04 GIS/Test_Claude_02/Nodes_L3.geojson" }, "geometry": { "type": "Point", "coordinates": [ 103.654699127210947, 1.514076624991248 ] } },
{ "type": "Feature", "properties": { "nodeID": "n_3_0025", "Type": "Corridor", "FloorLevel": "3", "LotNo": null, "ShopName": null, "Category": null, "layer": "Nodes_L3", "path": "C:/Users/Stephanie/Documents/001 Tasek Mall/04 GIS/Test_Claude_02/Nodes_L3.geojson" }, "geometry": { "type": "Point", "coordinates": [ 103.654771529734276, 1.514152399178358 ] } },
{ "type": "Feature", "properties": { "nodeID": "n_3_0026", "Type": "Corridor", "FloorLevel": "3", "LotNo": null, "ShopName": null, "Category": null, "layer": "Nodes_L3", "path": "C:/Users/Stephanie/Documents/001 Tasek Mall/04 GIS/Test_Claude_02/Nodes_L3.geojson" }, "geometry": { "type": "Point", "coordinates": [ 103.65458272519075, 1.513812321870495 ] } },
{ "type": "Feature", "properties": { "nodeID": "n_3_0027", "Type": "Corridor", "FloorLevel": "3", "LotNo": null, "ShopName": null, "Category": null, "layer": "Nodes_L3", "path": "C:/Users/Stephanie/Documents/001 Tasek Mall/04 GIS/Test_Claude_02/Nodes_L3.geojson" }, "geometry": { "type": "Point", "coordinates": [ 103.654452467200613, 1.513858186774003 ] } },
{ "type": "Feature", "properties": { "nodeID": "n_3_0028", "Type": "Corridor", "FloorLevel": "3", "LotNo": null, "ShopName": null, "Category": null, "layer": "Nodes_L3", "path": "C:/Users/Stephanie/Documents/001 Tasek Mall/04 GIS/Test_Claude_02/Nodes_L3.geojson" }, "geometry": { "type": "Point", "coordinates": [ 103.654505866689121, 1.513913163710476 ] } },
{ "type": "Feature", "properties": { "nodeID": "n_3_0029", "Type": "Corridor", "FloorLevel": "3", "LotNo": null, "ShopName": null, "Category": null, "layer": "Nodes_L3", "path": "C:/Users/Stephanie/Documents/001 Tasek Mall/04 GIS/Test_Claude_02/Nodes_L3.geojson" }, "geometry": { "type": "Point", "coordinates": [ 103.654473310988593, 1.513879646298215 ] } },
{ "type": "Feature", "properties": { "nodeID": "n_3_0030", "Type": "Corridor", "FloorLevel": "3", "LotNo": null, "ShopName": null, "Category": null, "layer": "Nodes_L3", "path": "C:/Users/Stephanie/Documents/001 Tasek Mall/04 GIS/Test_Claude_02/Nodes_L3.geojson" }, "geometry": { "type": "Point", "coordinates": [ 103.654156974058125, 1.514144994939051 ] } },
{ "type": "Feature", "properties": { "nodeID": "n_3_0031", "Type": "Corridor", "FloorLevel": "3", "LotNo": null, "ShopName": null, "Category": null, "layer": "Nodes_L3", "path": "C:/Users/Stephanie/Documents/001 Tasek Mall/04 GIS/Test_Claude_02/Nodes_L3.geojson" }, "geometry": { "type": "Point", "coordinates": [ 103.654210184675833, 1.514200542533711 ] } },
{ "type": "Feature", "properties": { "nodeID": "n_3_0032", "Type": "Corridor", "FloorLevel": "3", "LotNo": null, "ShopName": null, "Category": null, "layer": "Nodes_L3", "path": "C:/Users/Stephanie/Documents/001 Tasek Mall/04 GIS/Test_Claude_02/Nodes_L3.geojson" }, "geometry": { "type": "Point", "coordinates": [ 103.654309945064639, 1.514304684332392 ] } },
{ "type": "Feature", "properties": { "nodeID": "n_3_0033", "Type": "Corridor", "FloorLevel": "3", "LotNo": null, "ShopName": null, "Category": null, "layer": "Nodes_L3", "path": "C:/Users/Stephanie/Documents/001 Tasek Mall/04 GIS/Test_Claude_02/Nodes_L3.geojson" }, "geometry": { "type": "Point", "coordinates": [ 103.654690781112265, 1.514563691588988 ] } },
{ "type": "Feature", "properties": { "nodeID": "n_3_0034", "Type": "Corridor", "FloorLevel": "3", "LotNo": null, "ShopName": null, "Category": null, "layer": "Nodes_L3", "path": "C:/Users/Stephanie/Documents/001 Tasek Mall/04 GIS/Test_Claude_02/Nodes_L3.geojson" }, "geometry": { "type": "Point", "coordinates": [ 103.654628096590173, 1.514550148956221 ] } },
{ "type": "Feature", "properties": { "nodeID": "n_3_0035", "Type": "Corridor", "FloorLevel": "3", "LotNo": null, "ShopName": null, "Category": null, "layer": "Nodes_L3", "path": "C:/Users/Stephanie/Documents/001 Tasek Mall/04 GIS/Test_Claude_02/Nodes_L3.geojson" }, "geometry": { "type": "Point", "coordinates": [ 103.654552623927728, 1.514621833085642 ] } },
{ "type": "Feature", "properties": { "nodeID": "n_3_0036", "Type": "Corridor", "FloorLevel": "3", "LotNo": null, "ShopName": null, "Category": null, "layer": "Nodes_L3", "path": "C:/Users/Stephanie/Documents/001 Tasek Mall/04 GIS/Test_Claude_02/Nodes_L3.geojson" }, "geometry": { "type": "Point", "coordinates": [ 103.654800800013831, 1.514458365027537 ] } },
{ "type": "Feature", "properties": { "nodeID": "n_3_0037", "Type": "Corridor", "FloorLevel": "3", "LotNo": null, "ShopName": null, "Category": null, "layer": "Nodes_L3", "path": "C:/Users/Stephanie/Documents/001 Tasek Mall/04 GIS/Test_Claude_02/Nodes_L3.geojson" }, "geometry": { "type": "Point", "coordinates": [ 103.654930920687846, 1.514333794017664 ] } },
{ "type": "Feature", "properties": { "nodeID": "n_3_0038", "Type": "Corridor", "FloorLevel": "3", "LotNo": null, "ShopName": null, "Category": null, "layer": "Nodes_L3", "path": "C:/Users/Stephanie/Documents/001 Tasek Mall/04 GIS/Test_Claude_02/Nodes_L3.geojson" }, "geometry": { "type": "Point", "coordinates": [ 103.65495859899994, 1.514307296190497 ] } },
{ "type": "Feature", "properties": { "nodeID": "n_3_0039", "Type": "Corridor", "FloorLevel": "3", "LotNo": null, "ShopName": null, "Category": null, "layer": "Nodes_L3", "path": "C:/Users/Stephanie/Documents/001 Tasek Mall/04 GIS/Test_Claude_02/Nodes_L3.geojson" }, "geometry": { "type": "Point", "coordinates": [ 103.654891533703861, 1.514237290305184 ] } },
{ "type": "Feature", "properties": { "nodeID": "n_3_0040", "Type": "Corridor", "FloorLevel": "3", "LotNo": null, "ShopName": null, "Category": null, "layer": "Nodes_L3", "path": "C:/Users/Stephanie/Documents/001 Tasek Mall/04 GIS/Test_Claude_02/Nodes_L3.geojson" }, "geometry": { "type": "Point", "coordinates": [ 103.655196626850255, 1.514079420257114 ] } },
{ "type": "Feature", "properties": { "nodeID": "n_3_0041", "Type": "Corridor", "FloorLevel": "3", "LotNo": null, "ShopName": null, "Category": null, "layer": "Nodes_L3", "path": "C:/Users/Stephanie/Documents/001 Tasek Mall/04 GIS/Test_Claude_02/Nodes_L3.geojson" }, "geometry": { "type": "Point", "coordinates": [ 103.65532895326244, 1.513952737575383 ] } },
{ "type": "Feature", "properties": { "nodeID": "n_3_0042", "Type": "Corridor", "FloorLevel": "3", "LotNo": null, "ShopName": null, "Category": null, "layer": "Nodes_L3", "path": "C:/Users/Stephanie/Documents/001 Tasek Mall/04 GIS/Test_Claude_02/Nodes_L3.geojson" }, "geometry": { "type": "Point", "coordinates": [ 103.655403976436432, 1.513880914144489 ] } },
{ "type": "Feature", "properties": { "nodeID": "n_3_0043", "Type": "Corridor", "FloorLevel": "3", "LotNo": null, "ShopName": null, "Category": null, "layer": "Nodes_L3", "path": "C:/Users/Stephanie/Documents/001 Tasek Mall/04 GIS/Test_Claude_02/Nodes_L3.geojson" }, "geometry": { "type": "Point", "coordinates": [ 103.655547738424985, 1.514181110098411 ] } },
{ "type": "Feature", "properties": { "nodeID": "n_3_0044", "Type": "Corridor", "FloorLevel": "3", "LotNo": null, "ShopName": null, "Category": null, "layer": "Nodes_L3", "path": "C:/Users/Stephanie/Documents/001 Tasek Mall/04 GIS/Test_Claude_02/Nodes_L3.geojson" }, "geometry": { "type": "Point", "coordinates": [ 103.6556008513205, 1.514093225321211 ] } },
{ "type": "Feature", "properties": { "nodeID": "n_3_0045", "Type": "Corridor", "FloorLevel": "3", "LotNo": null, "ShopName": null, "Category": null, "layer": "Nodes_L3", "path": "C:/Users/Stephanie/Documents/001 Tasek Mall/04 GIS/Test_Claude_02/Nodes_L3.geojson" }, "geometry": { "type": "Point", "coordinates": [ 103.655624498695062, 1.514261234066118 ] } },
{ "type": "Feature", "properties": { "nodeID": "n_3_0046", "Type": "Corridor", "FloorLevel": "3", "LotNo": null, "ShopName": null, "Category": null, "layer": "Nodes_L3", "path": "C:/Users/Stephanie/Documents/001 Tasek Mall/04 GIS/Test_Claude_02/Nodes_L3.geojson" }, "geometry": { "type": "Point", "coordinates": [ 103.655761483440159, 1.514260883693953 ] } },
{ "type": "Feature", "properties": { "nodeID": "n_3_0047", "Type": "Corridor", "FloorLevel": "3", "LotNo": null, "ShopName": null, "Category": null, "layer": "Nodes_L3", "path": "C:/Users/Stephanie/Documents/001 Tasek Mall/04 GIS/Test_Claude_02/Nodes_L3.geojson" }, "geometry": { "type": "Point", "coordinates": [ 103.655532978939902, 1.51380706010797 ] } },
{ "type": "Feature", "properties": { "nodeID": "n_3_0048", "Type": "Toilet", "FloorLevel": "3", "LotNo": null, "ShopName": null, "Category": null, "layer": "Nodes_L3", "path": "C:/Users/Stephanie/Documents/001 Tasek Mall/04 GIS/Test_Claude_02/Nodes_L3.geojson" }, "geometry": { "type": "Point", "coordinates": [ 103.655672552872545, 1.513919925178121 ] } },
{ "type": "Feature", "properties": { "nodeID": "n_3_0049", "Type": "Toilet", "FloorLevel": "3", "LotNo": null, "ShopName": null, "Category": null, "layer": "Nodes_L3", "path": "C:/Users/Stephanie/Documents/001 Tasek Mall/04 GIS/Test_Claude_02/Nodes_L3.geojson" }, "geometry": { "type": "Point", "coordinates": [ 103.655689204082208, 1.513921864862986 ] } },
{ "type": "Feature", "properties": { "nodeID": "n_3_0050", "Type": "Toilet", "FloorLevel": "3", "LotNo": null, "ShopName": null, "Category": null, "layer": "Nodes_L3", "path": "C:/Users/Stephanie/Documents/001 Tasek Mall/04 GIS/Test_Claude_02/Nodes_L3.geojson" }, "geometry": { "type": "Point", "coordinates": [ 103.655687124201521, 1.51393603994638 ] } },
{ "type": "Feature", "properties": { "nodeID": "n_3_0051", "Type": "Toilet", "FloorLevel": "3", "LotNo": null, "ShopName": null, "Category": null, "layer": "Nodes_L3", "path": "C:/Users/Stephanie/Documents/001 Tasek Mall/04 GIS/Test_Claude_02/Nodes_L3.geojson" }, "geometry": { "type": "Point", "coordinates": [ 103.655025472942881, 1.514408032330867 ] } },
{ "type": "Feature", "properties": { "nodeID": "n_3_0052", "Type": "Toilet", "FloorLevel": "3", "LotNo": null, "ShopName": null, "Category": null, "layer": "Nodes_L3", "path": "C:/Users/Stephanie/Documents/001 Tasek Mall/04 GIS/Test_Claude_02/Nodes_L3.geojson" }, "geometry": { "type": "Point", "coordinates": [ 103.655034059091349, 1.514416690769649 ] } },
{ "type": "Feature", "properties": { "nodeID": "n_3_0053", "Type": "Toilet", "FloorLevel": "3", "LotNo": null, "ShopName": null, "Category": null, "layer": "Nodes_L3", "path": "C:/Users/Stephanie/Documents/001 Tasek Mall/04 GIS/Test_Claude_02/Nodes_L3.geojson" }, "geometry": { "type": "Point", "coordinates": [ 103.655026845643803, 1.51444546338259 ] } },
{ "type": "Feature", "properties": { "nodeID": "n_3_0054", "Type": "Toilet", "FloorLevel": "3", "LotNo": null, "ShopName": null, "Category": null, "layer": "Nodes_L3", "path": "C:/Users/Stephanie/Documents/001 Tasek Mall/04 GIS/Test_Claude_02/Nodes_L3.geojson" }, "geometry": { "type": "Point", "coordinates": [ 103.654230611064136, 1.514423442009787 ] } },
{ "type": "Feature", "properties": { "nodeID": "n_3_0055", "Type": "Toilet", "FloorLevel": "3", "LotNo": null, "ShopName": null, "Category": null, "layer": "Nodes_L3", "path": "C:/Users/Stephanie/Documents/001 Tasek Mall/04 GIS/Test_Claude_02/Nodes_L3.geojson" }, "geometry": { "type": "Point", "coordinates": [ 103.65422224720372, 1.514431529568301 ] } },
{ "type": "Feature", "properties": { "nodeID": "n_3_0056", "Type": "Toilet", "FloorLevel": "3", "LotNo": null, "ShopName": null, "Category": null, "layer": "Nodes_L3", "path": "C:/Users/Stephanie/Documents/001 Tasek Mall/04 GIS/Test_Claude_02/Nodes_L3.geojson" }, "geometry": { "type": "Point", "coordinates": [ 103.654287290551551, 1.514429727862745 ] } },
{ "type": "Feature", "properties": { "nodeID": "n_3_0057", "Type": "Toilet", "FloorLevel": "3", "LotNo": null, "ShopName": null, "Category": null, "layer": "Nodes_L3", "path": "C:/Users/Stephanie/Documents/001 Tasek Mall/04 GIS/Test_Claude_02/Nodes_L3.geojson" }, "geometry": { "type": "Point", "coordinates": [ 103.654271607115618, 1.514396811316923 ] } },
{ "type": "Feature", "properties": { "nodeID": "n_3_0058", "Type": "Corridor", "FloorLevel": "3", "LotNo": null, "ShopName": null, "Category": null, "layer": "Nodes_L3", "path": "C:/Users/Stephanie/Documents/001 Tasek Mall/04 GIS/Test_Claude_02/Nodes_L3.geojson" }, "geometry": { "type": "Point", "coordinates": [ 103.655668629261143, 1.513940798896276 ] } },
{ "type": "Feature", "properties": { "nodeID": "n_3_0059", "Type": "Corridor", "FloorLevel": "3", "LotNo": null, "ShopName": null, "Category": null, "layer": "Nodes_L3", "path": "C:/Users/Stephanie/Documents/001 Tasek Mall/04 GIS/Test_Claude_02/Nodes_L3.geojson" }, "geometry": { "type": "Point", "coordinates": [ 103.655396050621547, 1.514022775203021 ] } },
{ "type": "Feature", "properties": { "nodeID": "n_3_0060", "Type": "Corridor", "FloorLevel": "3", "LotNo": null, "ShopName": null, "Category": null, "layer": "Nodes_L3", "path": "C:/Users/Stephanie/Documents/001 Tasek Mall/04 GIS/Test_Claude_02/Nodes_L3.geojson" }, "geometry": { "type": "Point", "coordinates": [ 103.655429385906842, 1.514057571277922 ] } },
{ "type": "Feature", "properties": { "nodeID": "n_3_0061", "Type": "Corridor", "FloorLevel": "3", "LotNo": null, "ShopName": null, "Category": null, "layer": "Nodes_L3", "path": "C:/Users/Stephanie/Documents/001 Tasek Mall/04 GIS/Test_Claude_02/Nodes_L3.geojson" }, "geometry": { "type": "Point", "coordinates": [ 103.655454383475742, 1.514083664255244 ] } },
{ "type": "Feature", "properties": { "nodeID": "n_3_0062", "Type": "Corridor", "FloorLevel": "3", "LotNo": null, "ShopName": null, "Category": null, "layer": "Nodes_L3", "path": "C:/Users/Stephanie/Documents/001 Tasek Mall/04 GIS/Test_Claude_02/Nodes_L3.geojson" }, "geometry": { "type": "Point", "coordinates": [ 103.65549074440122, 1.514121618548194 ] } },
{ "type": "Feature", "properties": { "nodeID": "n_3_0063", "Type": "Corridor", "FloorLevel": "3", "LotNo": null, "ShopName": null, "Category": null, "layer": "Nodes_L3", "path": "C:/Users/Stephanie/Documents/001 Tasek Mall/04 GIS/Test_Claude_02/Nodes_L3.geojson" }, "geometry": { "type": "Point", "coordinates": [ 103.655611290450906, 1.514104121072874 ] } },
{ "type": "Feature", "properties": { "nodeID": "n_3_0064", "Type": "Corridor", "FloorLevel": "3", "LotNo": null, "ShopName": null, "Category": null, "layer": "Nodes_L3", "path": "C:/Users/Stephanie/Documents/001 Tasek Mall/04 GIS/Test_Claude_02/Nodes_L3.geojson" }, "geometry": { "type": "Point", "coordinates": [ 103.655353738311362, 1.513929009610613 ] } },
{ "type": "Feature", "properties": { "nodeID": "n_3_0065", "Type": "Corridor", "FloorLevel": "3", "LotNo": null, "ShopName": null, "Category": null, "layer": "Nodes_L3", "path": "C:/Users/Stephanie/Documents/001 Tasek Mall/04 GIS/Test_Claude_02/Nodes_L3.geojson" }, "geometry": { "type": "Point", "coordinates": [ 103.655006730361322, 1.514261217639477 ] } },
{ "type": "Feature", "properties": { "nodeID": "n_3_0066", "Type": "Corridor", "FloorLevel": "3", "LotNo": null, "ShopName": null, "Category": null, "layer": "Nodes_L3", "path": "C:/Users/Stephanie/Documents/001 Tasek Mall/04 GIS/Test_Claude_02/Nodes_L3.geojson" }, "geometry": { "type": "Point", "coordinates": [ 103.654648429532358, 1.51467299479878 ] } },
{ "type": "Feature", "properties": { "nodeID": "n_3_0067", "Type": "Corridor", "FloorLevel": "3", "LotNo": null, "ShopName": null, "Category": null, "layer": "Nodes_L3", "path": "C:/Users/Stephanie/Documents/001 Tasek Mall/04 GIS/Test_Claude_02/Nodes_L3.geojson" }, "geometry": { "type": "Point", "coordinates": [ 103.654535251395657, 1.514378643301111 ] } },
{ "type": "Feature", "properties": { "nodeID": "n_3_0068", "Type": "Corridor", "FloorLevel": "3", "LotNo": null, "ShopName": null, "Category": null, "layer": "Nodes_L3", "path": "C:/Users/Stephanie/Documents/001 Tasek Mall/04 GIS/Test_Claude_02/Nodes_L3.geojson" }, "geometry": { "type": "Point", "coordinates": [ 103.655683175308056, 1.514322481934151 ] } },
{ "type": "Feature", "properties": { "nodeID": "n_3_0069", "Type": "Corridor", "FloorLevel": "3", "LotNo": null, "ShopName": null, "Category": null, "layer": "Nodes_L3", "path": "C:/Users/Stephanie/Documents/001 Tasek Mall/04 GIS/Test_Claude_02/Nodes_L3.geojson" }, "geometry": { "type": "Point", "coordinates": [ 103.655721596545277, 1.514298423242468 ] } },
{ "type": "Feature", "properties": { "nodeID": "n_3_0070", "Type": "Corridor", "FloorLevel": "3", "LotNo": null, "ShopName": null, "Category": null, "layer": "Nodes_L3", "path": "C:/Users/Stephanie/Documents/001 Tasek Mall/04 GIS/Test_Claude_02/Nodes_L3.geojson" }, "geometry": { "type": "Point", "coordinates": [ 103.655427093563716, 1.51390504244748 ] } },
{ "type": "Feature", "properties": { "nodeID": "n_3_0071", "Type": "Corridor", "FloorLevel": "3", "LotNo": null, "ShopName": null, "Category": null, "layer": "Nodes_L3", "path": "C:/Users/Stephanie/Documents/001 Tasek Mall/04 GIS/Test_Claude_02/Nodes_L3.geojson" }, "geometry": { "type": "Point", "coordinates": [ 103.655711587302477, 1.514208805037196 ] } },
{ "type": "Feature", "properties": { "nodeID": "n_3_0072", "Type": "Corridor", "FloorLevel": "3", "LotNo": null, "ShopName": null, "Category": null, "layer": "Nodes_L3", "path": "C:/Users/Stephanie/Documents/001 Tasek Mall/04 GIS/Test_Claude_02/Nodes_L3.geojson" }, "geometry": { "type": "Point", "coordinates": [ 103.654299916593317, 1.514357070599469 ] } },
{ "type": "Feature", "properties": { "nodeID": "n_3_0073", "Type": "Corridor", "FloorLevel": "3", "LotNo": null, "ShopName": null, "Category": null, "layer": "Nodes_L3", "path": "C:/Users/Stephanie/Documents/001 Tasek Mall/04 GIS/Test_Claude_02/Nodes_L3.geojson" }, "geometry": { "type": "Point", "coordinates": [ 103.654319110736139, 1.514338694245819 ] } },
{ "type": "Feature", "properties": { "nodeID": "n_3_0074", "Type": "Corridor", "FloorLevel": "3", "LotNo": null, "ShopName": null, "Category": null, "layer": "Nodes_L3", "path": "C:/Users/Stephanie/Documents/001 Tasek Mall/04 GIS/Test_Claude_02/Nodes_L3.geojson" }, "geometry": { "type": "Point", "coordinates": [ 103.654333679183821, 1.514324746503994 ] } },
{ "type": "Feature", "properties": { "nodeID": "n_3_0075", "Type": "Corridor", "FloorLevel": "3", "LotNo": null, "ShopName": null, "Category": null, "layer": "Nodes_L3", "path": "C:/Users/Stephanie/Documents/001 Tasek Mall/04 GIS/Test_Claude_02/Nodes_L3.geojson" }, "geometry": { "type": "Point", "coordinates": [ 103.654348804852944, 1.514310265281693 ] } },
{ "type": "Feature", "properties": { "nodeID": "n_3_0076", "Type": "Corridor", "FloorLevel": "3", "LotNo": null, "ShopName": null, "Category": null, "layer": "Nodes_L3", "path": "C:/Users/Stephanie/Documents/001 Tasek Mall/04 GIS/Test_Claude_02/Nodes_L3.geojson" }, "geometry": { "type": "Point", "coordinates": [ 103.654370791715067, 1.514289215195404 ] } },
{ "type": "Feature", "properties": { "nodeID": "n_3_0077", "Type": "Corridor", "FloorLevel": "3", "LotNo": null, "ShopName": null, "Category": null, "layer": "Nodes_L3", "path": "C:/Users/Stephanie/Documents/001 Tasek Mall/04 GIS/Test_Claude_02/Nodes_L3.geojson" }, "geometry": { "type": "Point", "coordinates": [ 103.65445701068947, 1.514453520087586 ] } },
{ "type": "Feature", "properties": { "nodeID": "n_3_0078", "Type": "Corridor", "FloorLevel": "3", "LotNo": null, "ShopName": null, "Category": null, "layer": "Nodes_L3", "path": "C:/Users/Stephanie/Documents/001 Tasek Mall/04 GIS/Test_Claude_02/Nodes_L3.geojson" }, "geometry": { "type": "Point", "coordinates": [ 103.654471641014766, 1.514439512997593 ] } },
{ "type": "Feature", "properties": { "nodeID": "n_3_0079", "Type": "Corridor", "FloorLevel": "3", "LotNo": null, "ShopName": null, "Category": null, "layer": "Nodes_L3", "path": "C:/Users/Stephanie/Documents/001 Tasek Mall/04 GIS/Test_Claude_02/Nodes_L3.geojson" }, "geometry": { "type": "Point", "coordinates": [ 103.654330883061675, 1.514012945966757 ] } },
{ "type": "Feature", "properties": { "nodeID": "n_3_0080", "Type": "Corridor", "FloorLevel": "3", "LotNo": null, "ShopName": null, "Category": null, "layer": "Nodes_L3", "path": "C:/Users/Stephanie/Documents/001 Tasek Mall/04 GIS/Test_Claude_02/Nodes_L3.geojson" }, "geometry": { "type": "Point", "coordinates": [ 103.654344938699907, 1.514027417121375 ] } },
{ "type": "Feature", "properties": { "nodeID": "n_3_0081", "Type": "Corridor", "FloorLevel": "3", "LotNo": null, "ShopName": null, "Category": null, "layer": "Nodes_L3", "path": "C:/Users/Stephanie/Documents/001 Tasek Mall/04 GIS/Test_Claude_02/Nodes_L3.geojson" }, "geometry": { "type": "Point", "coordinates": [ 103.654312510337917, 1.513994030103683 ] } },
{ "type": "Feature", "properties": { "nodeID": "n_3_0082", "Type": "Corridor", "FloorLevel": "3", "LotNo": null, "ShopName": null, "Category": null, "layer": "Nodes_L3", "path": "C:/Users/Stephanie/Documents/001 Tasek Mall/04 GIS/Test_Claude_02/Nodes_L3.geojson" }, "geometry": { "type": "Point", "coordinates": [ 103.654366000848952, 1.514049101914889 ] } },
{ "type": "Feature", "properties": { "nodeID": "n_3_0083", "Type": "Corridor", "FloorLevel": "3", "LotNo": null, "ShopName": null, "Category": null, "layer": "Nodes_L3", "path": "C:/Users/Stephanie/Documents/001 Tasek Mall/04 GIS/Test_Claude_02/Nodes_L3.geojson" }, "geometry": { "type": "Point", "coordinates": [ 103.654186228010374, 1.514116600805112 ] } },
{ "type": "Feature", "properties": { "nodeID": "n_3_0084", "Type": "Corridor", "FloorLevel": "3", "LotNo": null, "ShopName": null, "Category": null, "layer": "Nodes_L3", "path": "C:/Users/Stephanie/Documents/001 Tasek Mall/04 GIS/Test_Claude_02/Nodes_L3.geojson" }, "geometry": { "type": "Point", "coordinates": [ 103.65420351526673, 1.514134399110923 ] } },
{ "type": "Feature", "properties": { "nodeID": "n_3_0085", "Type": "Corridor", "FloorLevel": "3", "LotNo": null, "ShopName": null, "Category": null, "layer": "Nodes_L3", "path": "C:/Users/Stephanie/Documents/001 Tasek Mall/04 GIS/Test_Claude_02/Nodes_L3.geojson" }, "geometry": { "type": "Point", "coordinates": [ 103.654217487313829, 1.514148784202484 ] } },
{ "type": "Feature", "properties": { "nodeID": "n_3_0086", "Type": "Corridor", "FloorLevel": "3", "LotNo": null, "ShopName": null, "Category": null, "layer": "Nodes_L3", "path": "C:/Users/Stephanie/Documents/001 Tasek Mall/04 GIS/Test_Claude_02/Nodes_L3.geojson" }, "geometry": { "type": "Point", "coordinates": [ 103.654239801175635, 1.514171757710902 ] } },
{ "type": "Feature", "properties": { "nodeID": "n_3_0087", "Type": "Corridor", "FloorLevel": "3", "LotNo": null, "ShopName": null, "Category": null, "layer": "Nodes_L3", "path": "C:/Users/Stephanie/Documents/001 Tasek Mall/04 GIS/Test_Claude_02/Nodes_L3.geojson" }, "geometry": { "type": "Point", "coordinates": [ 103.654747863456606, 1.514402576310218 ] } },
{ "type": "Feature", "properties": { "nodeID": "n_3_0088", "Type": "Corridor", "FloorLevel": "3", "LotNo": null, "ShopName": null, "Category": null, "layer": "Nodes_L3", "path": "C:/Users/Stephanie/Documents/001 Tasek Mall/04 GIS/Test_Claude_02/Nodes_L3.geojson" }, "geometry": { "type": "Point", "coordinates": [ 103.654762149290008, 1.514417631847849 ] } },
{ "type": "Feature", "properties": { "nodeID": "n_3_0089", "Type": "Corridor", "FloorLevel": "3", "LotNo": null, "ShopName": null, "Category": null, "layer": "Nodes_L3", "path": "C:/Users/Stephanie/Documents/001 Tasek Mall/04 GIS/Test_Claude_02/Nodes_L3.geojson" }, "geometry": { "type": "Point", "coordinates": [ 103.654877978289505, 1.514278531646932 ] } },
{ "type": "Feature", "properties": { "nodeID": "n_3_0090", "Type": "Corridor", "FloorLevel": "3", "LotNo": null, "ShopName": null, "Category": null, "layer": "Nodes_L3", "path": "C:/Users/Stephanie/Documents/001 Tasek Mall/04 GIS/Test_Claude_02/Nodes_L3.geojson" }, "geometry": { "type": "Point", "coordinates": [ 103.654892241160695, 1.514293419527121 ] } },
{ "type": "Feature", "properties": { "nodeID": "n_3_0091", "Type": "Corridor", "FloorLevel": "3", "LotNo": null, "ShopName": null, "Category": null, "layer": "Nodes_L3", "path": "C:/Users/Stephanie/Documents/001 Tasek Mall/04 GIS/Test_Claude_02/Nodes_L3.geojson" }, "geometry": { "type": "Point", "coordinates": [ 103.654863728927097, 1.514263657867413 ] } },
{ "type": "Feature", "properties": { "nodeID": "n_3_0092", "Type": "Corridor", "FloorLevel": "3", "LotNo": null, "ShopName": null, "Category": null, "layer": "Nodes_L3", "path": "C:/Users/Stephanie/Documents/001 Tasek Mall/04 GIS/Test_Claude_02/Nodes_L3.geojson" }, "geometry": { "type": "Point", "coordinates": [ 103.654523277423735, 1.513832882228382 ] } },
{ "type": "Feature", "properties": { "nodeID": "n_3_0093", "Type": "Corridor", "FloorLevel": "3", "LotNo": null, "ShopName": null, "Category": null, "layer": "Nodes_L3", "path": "C:/Users/Stephanie/Documents/001 Tasek Mall/04 GIS/Test_Claude_02/Nodes_L3.geojson" }, "geometry": { "type": "Point", "coordinates": [ 103.654538063629218, 1.513819043675473 ] } },
{ "type": "Feature", "properties": { "nodeID": "n_3_0094", "Type": "Corridor", "FloorLevel": "3", "LotNo": null, "ShopName": null, "Category": null, "layer": "Nodes_L3", "path": "C:/Users/Stephanie/Documents/001 Tasek Mall/04 GIS/Test_Claude_02/Nodes_L3.geojson" }, "geometry": { "type": "Point", "coordinates": [ 103.654628902482784, 1.513943150355288 ] } },
{ "type": "Feature", "properties": { "nodeID": "n_3_0095", "Type": "Corridor", "FloorLevel": "3", "LotNo": null, "ShopName": null, "Category": null, "layer": "Nodes_L3", "path": "C:/Users/Stephanie/Documents/001 Tasek Mall/04 GIS/Test_Claude_02/Nodes_L3.geojson" }, "geometry": { "type": "Point", "coordinates": [ 103.654646553971787, 1.513932282840429 ] } },
{ "type": "Feature", "properties": { "nodeID": "n_4_0001", "Type": "Toilet", "FloorLevel": "4", "LotNo": null, "ShopName": null, "Category": null, "layer": "Nodes_L4", "path": "C:/Users/Stephanie/Documents/001 Tasek Mall/04 GIS/Test_Claude_02/Nodes_L4.geojson" }, "geometry": { "type": "Point", "coordinates": [ 103.654222443069997, 1.514431262000059 ] } },
{ "type": "Feature", "properties": { "nodeID": "n_4_0002", "Type": "Toilet", "FloorLevel": "4", "LotNo": null, "ShopName": null, "Category": null, "layer": "Nodes_L4", "path": "C:/Users/Stephanie/Documents/001 Tasek Mall/04 GIS/Test_Claude_02/Nodes_L4.geojson" }, "geometry": { "type": "Point", "coordinates": [ 103.654231022250698, 1.514423048342157 ] } },
{ "type": "Feature", "properties": { "nodeID": "n_4_0003", "Type": "Corridor", "FloorLevel": "4", "LotNo": null, "ShopName": null, "Category": null, "layer": "Nodes_L4", "path": "C:/Users/Stephanie/Documents/001 Tasek Mall/04 GIS/Test_Claude_02/Nodes_L4.geojson" }, "geometry": { "type": "Point", "coordinates": [ 103.654249786562659, 1.514395290020141 ] } },
{ "type": "Feature", "properties": { "nodeID": "n_4_0004", "Type": "Toilet", "FloorLevel": "4", "LotNo": null, "ShopName": null, "Category": null, "layer": "Nodes_L4", "path": "C:/Users/Stephanie/Documents/001 Tasek Mall/04 GIS/Test_Claude_02/Nodes_L4.geojson" }, "geometry": { "type": "Point", "coordinates": [ 103.65426877840747, 1.514393858789773 ] } },
{ "type": "Feature", "properties": { "nodeID": "n_4_0005", "Type": "Toilet", "FloorLevel": "4", "LotNo": null, "ShopName": null, "Category": null, "layer": "Nodes_L4", "path": "C:/Users/Stephanie/Documents/001 Tasek Mall/04 GIS/Test_Claude_02/Nodes_L4.geojson" }, "geometry": { "type": "Point", "coordinates": [ 103.654284937642615, 1.514431980524045 ] } },
{ "type": "Feature", "properties": { "nodeID": "n_4_0006", "Type": "Corridor", "FloorLevel": "4", "LotNo": null, "ShopName": null, "Category": null, "layer": "Nodes_L4", "path": "C:/Users/Stephanie/Documents/001 Tasek Mall/04 GIS/Test_Claude_02/Nodes_L4.geojson" }, "geometry": { "type": "Point", "coordinates": [ 103.654290271433609, 1.514356528505548 ] } },
{ "type": "Feature", "properties": { "nodeID": "n_4_0007", "Type": "Corridor", "FloorLevel": "4", "LotNo": null, "ShopName": null, "Category": null, "layer": "Nodes_L4", "path": "C:/Users/Stephanie/Documents/001 Tasek Mall/04 GIS/Test_Claude_02/Nodes_L4.geojson" }, "geometry": { "type": "Point", "coordinates": [ 103.654366157658671, 1.514284378182416 ] } },
{ "type": "Feature", "properties": { "nodeID": "n_4_0008", "Type": "Shop", "FloorLevel": "4", "LotNo": "4-39", "ShopName": "TGV Cinemas", "Category": "Leisure and Entertainment", "layer": "Nodes_L4", "path": "C:/Users/Stephanie/Documents/001 Tasek Mall/04 GIS/Test_Claude_02/Nodes_L4.geojson" }, "geometry": { "type": "Point", "coordinates": [ 103.65435828280377, 1.514276101356313 ] } },
{ "type": "Feature", "properties": { "nodeID": "n_4_0009", "Type": "Corridor", "FloorLevel": "4", "LotNo": null, "ShopName": null, "Category": null, "layer": "Nodes_L4", "path": "C:/Users/Stephanie/Documents/001 Tasek Mall/04 GIS/Test_Claude_02/Nodes_L4.geojson" }, "geometry": { "type": "Point", "coordinates": [ 103.654351681779701, 1.514420628287548 ] } },
{ "type": "Feature", "properties": { "nodeID": "n_4_0010", "Type": "Entrance", "FloorLevel": "4", "LotNo": null, "ShopName": null, "Category": null, "layer": "Nodes_L4", "path": "C:/Users/Stephanie/Documents/001 Tasek Mall/04 GIS/Test_Claude_02/Nodes_L4.geojson" }, "geometry": { "type": "Point", "coordinates": [ 103.654453468722423, 1.514491059284127 ] } },
{ "type": "Feature", "properties": { "nodeID": "n_4_0011", "Type": "Entrance", "FloorLevel": "4", "LotNo": null, "ShopName": null, "Category": null, "layer": "Nodes_L4", "path": "C:/Users/Stephanie/Documents/001 Tasek Mall/04 GIS/Test_Claude_02/Nodes_L4.geojson" }, "geometry": { "type": "Point", "coordinates": [ 103.654581408432293, 1.514368871270023 ] } },
{ "type": "Feature", "properties": { "nodeID": "n_4_0012", "Type": "Corridor", "FloorLevel": "4", "LotNo": null, "ShopName": null, "Category": null, "layer": "Nodes_L4", "path": "C:/Users/Stephanie/Documents/001 Tasek Mall/04 GIS/Test_Claude_02/Nodes_L4.geojson" }, "geometry": { "type": "Point", "coordinates": [ 103.654588627846735, 1.514376424772478 ] } },
{ "type": "Feature", "properties": { "nodeID": "n_4_0013", "Type": "Shop", "FloorLevel": "4", "LotNo": "4-37", "ShopName": "Anytime Fitness", "Category": "Leisure and Entertainment", "layer": "Nodes_L4", "path": "C:/Users/Stephanie/Documents/001 Tasek Mall/04 GIS/Test_Claude_02/Nodes_L4.geojson" }, "geometry": { "type": "Point", "coordinates": [ 103.654512080016659, 1.51430015422712 ] } },
{ "type": "Feature", "properties": { "nodeID": "n_4_0014", "Type": "Corridor", "FloorLevel": "4", "LotNo": null, "ShopName": null, "Category": null, "layer": "Nodes_L4", "path": "C:/Users/Stephanie/Documents/001 Tasek Mall/04 GIS/Test_Claude_02/Nodes_L4.geojson" }, "geometry": { "type": "Point", "coordinates": [ 103.654495131761038, 1.51432124703893 ] } },
{ "type": "Feature", "properties": { "nodeID": "n_4_0015", "Type": "Corridor", "FloorLevel": "4", "LotNo": null, "ShopName": null, "Category": null, "layer": "Nodes_L4", "path": "C:/Users/Stephanie/Documents/001 Tasek Mall/04 GIS/Test_Claude_02/Nodes_L4.geojson" }, "geometry": { "type": "Point", "coordinates": [ 103.654814386657321, 1.514160803390077 ] } },
{ "type": "Feature", "properties": { "nodeID": "n_4_0016", "Type": "Corridor", "FloorLevel": "4", "LotNo": null, "ShopName": null, "Category": null, "layer": "Nodes_L4", "path": "C:/Users/Stephanie/Documents/001 Tasek Mall/04 GIS/Test_Claude_02/Nodes_L4.geojson" }, "geometry": { "type": "Point", "coordinates": [ 103.654822067742273, 1.514153467214659 ] } },
{ "type": "Feature", "properties": { "nodeID": "n_4_0017", "Type": "Shop", "FloorLevel": "4", "LotNo": null, "ShopName": null, "Category": null, "layer": "Nodes_L4", "path": "C:/Users/Stephanie/Documents/001 Tasek Mall/04 GIS/Test_Claude_02/Nodes_L4.geojson" }, "geometry": null },
{ "type": "Feature", "properties": { "nodeID": "n_4_0018", "Type": "Entrance", "FloorLevel": "4", "LotNo": null, "ShopName": null, "Category": null, "layer": "Nodes_L4", "path": "C:/Users/Stephanie/Documents/001 Tasek Mall/04 GIS/Test_Claude_02/Nodes_L4.geojson" }, "geometry": { "type": "Point", "coordinates": [ 103.655271050314354, 1.514008170959725 ] } },
{ "type": "Feature", "properties": { "nodeID": "n_4_0019", "Type": "Corridor", "FloorLevel": "4", "LotNo": null, "ShopName": null, "Category": null, "layer": "Nodes_L4", "path": "C:/Users/Stephanie/Documents/001 Tasek Mall/04 GIS/Test_Claude_02/Nodes_L4.geojson" }, "geometry": { "type": "Point", "coordinates": [ 103.655353738311476, 1.513929009610729 ] } },
{ "type": "Feature", "properties": { "nodeID": "n_4_0020", "Type": "Shop", "FloorLevel": "4", "LotNo": null, "ShopName": "The Store", "Category": "Department Store", "layer": "Nodes_L4", "path": "C:/Users/Stephanie/Documents/001 Tasek Mall/04 GIS/Test_Claude_02/Nodes_L4.geojson" }, "geometry": { "type": "Point", "coordinates": [ 103.655343054102858, 1.513917857693954 ] } },
{ "type": "Feature", "properties": { "nodeID": "n_4_0021", "Type": "Corridor", "FloorLevel": "4", "LotNo": null, "ShopName": null, "Category": null, "layer": "Nodes_L4", "path": "C:/Users/Stephanie/Documents/001 Tasek Mall/04 GIS/Test_Claude_02/Nodes_L4.geojson" }, "geometry": { "type": "Point", "coordinates": [ 103.65532922604288, 1.51395259034658 ] } },
{ "type": "Feature", "properties": { "nodeID": "n_4_0022", "Type": "Corridor", "FloorLevel": "4", "LotNo": null, "ShopName": null, "Category": null, "layer": "Nodes_L4", "path": "C:/Users/Stephanie/Documents/001 Tasek Mall/04 GIS/Test_Claude_02/Nodes_L4.geojson" }, "geometry": { "type": "Point", "coordinates": [ 103.655396138904322, 1.514022690993703 ] } },
{ "type": "Feature", "properties": { "nodeID": "n_4_0023", "Type": "Shop", "FloorLevel": "4", "LotNo": "4-02", "ShopName": "Eiffel Beauty and Nails Beauty", "Category": "Beauty and Wellness", "layer": "Nodes_L4", "path": "C:/Users/Stephanie/Documents/001 Tasek Mall/04 GIS/Test_Claude_02/Nodes_L4.geojson" }, "geometry": { "type": "Point", "coordinates": [ 103.65538812984741, 1.51403033050646 ] } },
{ "type": "Feature", "properties": { "nodeID": "n_4_0024", "Type": "Corridor", "FloorLevel": "4", "LotNo": null, "ShopName": null, "Category": null, "layer": "Nodes_L4", "path": "C:/Users/Stephanie/Documents/001 Tasek Mall/04 GIS/Test_Claude_02/Nodes_L4.geojson" }, "geometry": { "type": "Point", "coordinates": [ 103.65542941057187, 1.514057547750974 ] } },
{ "type": "Feature", "properties": { "nodeID": "n_4_0025", "Type": "Shop", "FloorLevel": "4", "LotNo": "4-03", "ShopName": "Anna Nail Room", "Category": "Beauty and Wellness", "layer": "Nodes_L4", "path": "C:/Users/Stephanie/Documents/001 Tasek Mall/04 GIS/Test_Claude_02/Nodes_L4.geojson" }, "geometry": { "type": "Point", "coordinates": [ 103.655421401514872, 1.514065187264005 ] } },
{ "type": "Feature", "properties": { "nodeID": "n_4_0026", "Type": "Corridor", "FloorLevel": "4", "LotNo": null, "ShopName": null, "Category": null, "layer": "Nodes_L4", "path": "C:/Users/Stephanie/Documents/001 Tasek Mall/04 GIS/Test_Claude_02/Nodes_L4.geojson" }, "geometry": { "type": "Point", "coordinates": [ 103.655454360428507, 1.514083686239028 ] } },
{ "type": "Feature", "properties": { "nodeID": "n_4_0027", "Type": "Shop", "FloorLevel": "4", "LotNo": "4-04", "ShopName": "JStyle Nails", "Category": "Beauty and Wellness", "layer": "Nodes_L4", "path": "C:/Users/Stephanie/Documents/001 Tasek Mall/04 GIS/Test_Claude_02/Nodes_L4.geojson" }, "geometry": { "type": "Point", "coordinates": [ 103.655446351371936, 1.514091325751783 ] } },
{ "type": "Feature", "properties": { "nodeID": "n_4_0028", "Type": "Shop", "FloorLevel": "4", "LotNo": "4-05", "ShopName": "Yujins Hairdressing Studio", "Category": "Beauty and Wellness", "layer": "Nodes_L4", "path": "C:/Users/Stephanie/Documents/001 Tasek Mall/04 GIS/Test_Claude_02/Nodes_L4.geojson" }, "geometry": { "type": "Point", "coordinates": [ 103.655470474612287, 1.514116598241988 ] } },
{ "type": "Feature", "properties": { "nodeID": "n_4_0029", "Type": "Corridor", "FloorLevel": "4", "LotNo": null, "ShopName": null, "Category": null, "layer": "Nodes_L4", "path": "C:/Users/Stephanie/Documents/001 Tasek Mall/04 GIS/Test_Claude_02/Nodes_L4.geojson" }, "geometry": { "type": "Point", "coordinates": [ 103.655478483668773, 1.514108958729713 ] } },
{ "type": "Feature", "properties": { "nodeID": "n_4_0030", "Type": "Shop", "FloorLevel": "4", "LotNo": "4-06", "ShopName": "The Macpany", "Category": "Beauty and Wellness", "layer": "Nodes_L4", "path": "C:/Users/Stephanie/Documents/001 Tasek Mall/04 GIS/Test_Claude_02/Nodes_L4.geojson" }, "geometry": { "type": "Point", "coordinates": [ 103.655494811190678, 1.514142094234004 ] } },
{ "type": "Feature", "properties": { "nodeID": "n_4_0031", "Type": "Corridor", "FloorLevel": "4", "LotNo": null, "ShopName": null, "Category": null, "layer": "Nodes_L4", "path": "C:/Users/Stephanie/Documents/001 Tasek Mall/04 GIS/Test_Claude_02/Nodes_L4.geojson" }, "geometry": { "type": "Point", "coordinates": [ 103.655502820247136, 1.514134454721814 ] } },
{ "type": "Feature", "properties": { "nodeID": "n_4_0032", "Type": "Shop", "FloorLevel": "4", "LotNo": "4-07", "ShopName": "Shrisha Collection", "Category": "Beauty and Wellness", "layer": "Nodes_L4", "path": "C:/Users/Stephanie/Documents/001 Tasek Mall/04 GIS/Test_Claude_02/Nodes_L4.geojson" }, "geometry": { "type": "Point", "coordinates": [ 103.655519497279712, 1.514167956387348 ] } },
{ "type": "Feature", "properties": { "nodeID": "n_4_0033", "Type": "Corridor", "FloorLevel": "4", "LotNo": null, "ShopName": null, "Category": null, "layer": "Nodes_L4", "path": "C:/Users/Stephanie/Documents/001 Tasek Mall/04 GIS/Test_Claude_02/Nodes_L4.geojson" }, "geometry": { "type": "Point", "coordinates": [ 103.655527506336185, 1.514160316875263 ] } },
{ "type": "Feature", "properties": { "nodeID": "n_4_0034", "Type": "Corridor", "FloorLevel": "4", "LotNo": null, "ShopName": null, "Category": null, "layer": "Nodes_L4", "path": "C:/Users/Stephanie/Documents/001 Tasek Mall/04 GIS/Test_Claude_02/Nodes_L4.geojson" }, "geometry": { "type": "Point", "coordinates": [ 103.655552348729628, 1.514186342779241 ] } },
{ "type": "Feature", "properties": { "nodeID": "n_4_0035", "Type": "Shop", "FloorLevel": "4", "LotNo": "4-08", "ShopName": "IDS Hair Design Centre", "Category": "Beauty and Wellness", "layer": "Nodes_L4", "path": "C:/Users/Stephanie/Documents/001 Tasek Mall/04 GIS/Test_Claude_02/Nodes_L4.geojson" }, "geometry": { "type": "Point", "coordinates": [ 103.655544339673156, 1.514193982291232 ] } },
{ "type": "Feature", "properties": { "nodeID": "n_4_0036", "Type": "Corridor", "FloorLevel": "4", "LotNo": null, "ShopName": null, "Category": null, "layer": "Nodes_L4", "path": "C:/Users/Stephanie/Documents/001 Tasek Mall/04 GIS/Test_Claude_02/Nodes_L4.geojson" }, "geometry": { "type": "Point", "coordinates": [ 103.655546431959678, 1.514180144129899 ] } },
{ "type": "Feature", "properties": { "nodeID": "n_4_0037", "Type": "Shop", "FloorLevel": "4", "LotNo": "4-09", "ShopName": "Roy Image Hair Saloon", "Category": "Beauty and Wellness", "layer": "Nodes_L4", "path": "C:/Users/Stephanie/Documents/001 Tasek Mall/04 GIS/Test_Claude_02/Nodes_L4.geojson" }, "geometry": { "type": "Point", "coordinates": [ 103.655580987506013, 1.514232376054056 ] } },
{ "type": "Feature", "properties": { "nodeID": "n_4_0038", "Type": "Corridor", "FloorLevel": "4", "LotNo": null, "ShopName": null, "Category": null, "layer": "Nodes_L4", "path": "C:/Users/Stephanie/Documents/001 Tasek Mall/04 GIS/Test_Claude_02/Nodes_L4.geojson" }, "geometry": { "type": "Point", "coordinates": [ 103.655588996562486, 1.514224736542198 ] } },
{ "type": "Feature", "properties": { "nodeID": "n_4_0039", "Type": "Corridor", "FloorLevel": "4", "LotNo": null, "ShopName": null, "Category": null, "layer": "Nodes_L4", "path": "C:/Users/Stephanie/Documents/001 Tasek Mall/04 GIS/Test_Claude_02/Nodes_L4.geojson" }, "geometry": { "type": "Point", "coordinates": [ 103.655624332780008, 1.51426175620287 ] } },
{ "type": "Feature", "properties": { "nodeID": "n_4_0040", "Type": "Corridor", "FloorLevel": "4", "LotNo": null, "ShopName": null, "Category": null, "layer": "Nodes_L4", "path": "C:/Users/Stephanie/Documents/001 Tasek Mall/04 GIS/Test_Claude_02/Nodes_L4.geojson" }, "geometry": { "type": "Point", "coordinates": [ 103.655662507412799, 1.514271198656677 ] } },
{ "type": "Feature", "properties": { "nodeID": "n_4_0041", "Type": "Shop", "FloorLevel": "4", "LotNo": null, "ShopName": null, "Category": null, "layer": "Nodes_L4", "path": "C:/Users/Stephanie/Documents/001 Tasek Mall/04 GIS/Test_Claude_02/Nodes_L4.geojson" }, "geometry": { "type": "Point", "coordinates": [ 103.655672016041052, 1.514281125936831 ] } },
{ "type": "Feature", "properties": { "nodeID": "n_4_0042", "Type": "Corridor", "FloorLevel": "4", "LotNo": null, "ShopName": null, "Category": null, "layer": "Nodes_L4", "path": "C:/Users/Stephanie/Documents/001 Tasek Mall/04 GIS/Test_Claude_02/Nodes_L4.geojson" }, "geometry": { "type": "Point", "coordinates": [ 103.655714759281111, 1.51422201984051 ] } },
{ "type": "Feature", "properties": { "nodeID": "n_4_0043", "Type": "Shop", "FloorLevel": "4", "LotNo": "4-30", "ShopName": "Kilico Hair Studio", "Category": "Beauty and Wellness", "layer": "Nodes_L4", "path": "C:/Users/Stephanie/Documents/001 Tasek Mall/04 GIS/Test_Claude_02/Nodes_L4.geojson" }, "geometry": { "type": "Point", "coordinates": [ 103.655720383437, 1.514216726454069 ] } },
{ "type": "Feature", "properties": { "nodeID": "n_4_0044", "Type": "Corridor", "FloorLevel": "4", "LotNo": null, "ShopName": null, "Category": null, "layer": "Nodes_L4", "path": "C:/Users/Stephanie/Documents/001 Tasek Mall/04 GIS/Test_Claude_02/Nodes_L4.geojson" }, "geometry": { "type": "Point", "coordinates": [ 103.655693570234703, 1.514199522468633 ] } },
{ "type": "Feature", "properties": { "nodeID": "n_4_0045", "Type": "Shop", "FloorLevel": "4", "LotNo": "4-29", "ShopName": "Thaii Beauty", "Category": "Beauty and Wellness", "layer": "Nodes_L4", "path": "C:/Users/Stephanie/Documents/001 Tasek Mall/04 GIS/Test_Claude_02/Nodes_L4.geojson" }, "geometry": { "type": "Point", "coordinates": [ 103.65570339352108, 1.514190276912128 ] } },
{ "type": "Feature", "properties": { "nodeID": "n_4_0046", "Type": "Corridor", "FloorLevel": "4", "LotNo": null, "ShopName": null, "Category": null, "layer": "Nodes_L4", "path": "C:/Users/Stephanie/Documents/001 Tasek Mall/04 GIS/Test_Claude_02/Nodes_L4.geojson" }, "geometry": { "type": "Point", "coordinates": [ 103.655657060983387, 1.514160758939641 ] } },
{ "type": "Feature", "properties": { "nodeID": "n_4_0047", "Type": "Shop", "FloorLevel": "4", "LotNo": "4-20", "ShopName": "Tasek Central Management Office", "Category": null, "layer": "Nodes_L4", "path": "C:/Users/Stephanie/Documents/001 Tasek Mall/04 GIS/Test_Claude_02/Nodes_L4.geojson" }, "geometry": { "type": "Point", "coordinates": [ 103.655666884270673, 1.514151513382257 ] } },
{ "type": "Feature", "properties": { "nodeID": "n_4_0048", "Type": "Corridor", "FloorLevel": "4", "LotNo": null, "ShopName": null, "Category": null, "layer": "Nodes_L4", "path": "C:/Users/Stephanie/Documents/001 Tasek Mall/04 GIS/Test_Claude_02/Nodes_L4.geojson" }, "geometry": { "type": "Point", "coordinates": [ 103.655607276902145, 1.51410790092011 ] } },
{ "type": "Feature", "properties": { "nodeID": "n_4_0049", "Type": "Shop", "FloorLevel": "4", "LotNo": "4-26", "ShopName": "Joyal Reflexology", "Category": "Beauty and Wellness", "layer": "Nodes_L4", "path": "C:/Users/Stephanie/Documents/001 Tasek Mall/04 GIS/Test_Claude_02/Nodes_L4.geojson" }, "geometry": { "type": "Point", "coordinates": [ 103.655617100190469, 1.514098655361413 ] } },
{ "type": "Feature", "properties": { "nodeID": "n_4_0050", "Type": "Corridor", "FloorLevel": "4", "LotNo": null, "ShopName": null, "Category": null, "layer": "Nodes_L4", "path": "C:/Users/Stephanie/Documents/001 Tasek Mall/04 GIS/Test_Claude_02/Nodes_L4.geojson" }, "geometry": { "type": "Point", "coordinates": [ 103.655595727277586, 1.514095638159118 ] } },
{ "type": "Feature", "properties": { "nodeID": "n_4_0051", "Type": "Corridor", "FloorLevel": "4", "LotNo": null, "ShopName": null, "Category": null, "layer": "Nodes_L4", "path": "C:/Users/Stephanie/Documents/001 Tasek Mall/04 GIS/Test_Claude_02/Nodes_L4.geojson" }, "geometry": { "type": "Point", "coordinates": [ 103.655557464113855, 1.514055012419742 ] } },
{ "type": "Feature", "properties": { "nodeID": "n_4_0052", "Type": "Shop", "FloorLevel": "4", "LotNo": "4-24", "ShopName": "Michelle Reflexology", "Category": "Beauty and Wellness", "layer": "Nodes_L4", "path": "C:/Users/Stephanie/Documents/001 Tasek Mall/04 GIS/Test_Claude_02/Nodes_L4.geojson" }, "geometry": { "type": "Point", "coordinates": [ 103.655567287671914, 1.514045767144556 ] } },
{ "type": "Feature", "properties": { "nodeID": "n_4_0053", "Type": "Corridor", "FloorLevel": "4", "LotNo": null, "ShopName": null, "Category": null, "layer": "Nodes_L4", "path": "C:/Users/Stephanie/Documents/001 Tasek Mall/04 GIS/Test_Claude_02/Nodes_L4.geojson" }, "geometry": { "type": "Point", "coordinates": [ 103.65550908931084, 1.514003650692411 ] } },
{ "type": "Feature", "properties": { "nodeID": "n_4_0054", "Type": "Corridor", "FloorLevel": "4", "LotNo": null, "ShopName": null, "Category": null, "layer": "Nodes_L4", "path": "C:/Users/Stephanie/Documents/001 Tasek Mall/04 GIS/Test_Claude_02/Nodes_L4.geojson" }, "geometry": { "type": "Point", "coordinates": [ 103.655461018899331, 1.513952612150182 ] } },
{ "type": "Feature", "properties": { "nodeID": "n_4_0055", "Type": "Corridor", "FloorLevel": "4", "LotNo": null, "ShopName": null, "Category": null, "layer": "Nodes_L4", "path": "C:/Users/Stephanie/Documents/001 Tasek Mall/04 GIS/Test_Claude_02/Nodes_L4.geojson" }, "geometry": { "type": "Point", "coordinates": [ 103.655421294984521, 1.513910435462191 ] } },
{ "type": "Feature", "properties": { "nodeID": "n_4_0056", "Type": "Shop", "FloorLevel": "4", "LotNo": "4-19", "ShopName": "Spa Adinda", "Category": null, "layer": "Nodes_L4", "path": "C:/Users/Stephanie/Documents/001 Tasek Mall/04 GIS/Test_Claude_02/Nodes_L4.geojson" }, "geometry": { "type": "Point", "coordinates": [ 103.655431118276454, 1.513901189898948 ] } },
{ "type": "Feature", "properties": { "nodeID": "n_4_0057", "Type": "Shop", "FloorLevel": "4", "LotNo": null, "ShopName": null, "Category": "Unoccupied", "layer": "Nodes_L4", "path": "C:/Users/Stephanie/Documents/001 Tasek Mall/04 GIS/Test_Claude_02/Nodes_L4.geojson" }, "geometry": { "type": "Point", "coordinates": [ 103.655470842605411, 1.513943367027328 ] } },
{ "type": "Feature", "properties": { "nodeID": "n_4_0058", "Type": "Shop", "FloorLevel": "4", "LotNo": null, "ShopName": null, "Category": "Unoccupied", "layer": "Nodes_L4", "path": "C:/Users/Stephanie/Documents/001 Tasek Mall/04 GIS/Test_Claude_02/Nodes_L4.geojson" }, "geometry": { "type": "Point", "coordinates": [ 103.655518912641227, 1.513994405172477 ] } },
{ "type": "Feature", "properties": { "nodeID": "n_4_0059", "Type": "Corridor", "FloorLevel": "4", "LotNo": null, "ShopName": null, "Category": null, "layer": "Nodes_L4", "path": "C:/Users/Stephanie/Documents/001 Tasek Mall/04 GIS/Test_Claude_02/Nodes_L4.geojson" }, "geometry": { "type": "Point", "coordinates": [ 103.655398586055441, 1.513886324358478 ] } },
{ "type": "Feature", "properties": { "nodeID": "n_4_0060", "Type": "Corridor", "FloorLevel": "4", "LotNo": null, "ShopName": null, "Category": null, "layer": "Nodes_L4", "path": "C:/Users/Stephanie/Documents/001 Tasek Mall/04 GIS/Test_Claude_02/Nodes_L4.geojson" }, "geometry": { "type": "Point", "coordinates": [ 103.65553237609997, 1.513806431784491 ] } },
{ "type": "Feature", "properties": { "nodeID": "n_4_0061", "Type": "Corridor", "FloorLevel": "4", "LotNo": null, "ShopName": null, "Category": null, "layer": "Nodes_L4", "path": "C:/Users/Stephanie/Documents/001 Tasek Mall/04 GIS/Test_Claude_02/Nodes_L4.geojson" }, "geometry": { "type": "Point", "coordinates": [ 103.655669422826421, 1.513941624340791 ] } },
{ "type": "Feature", "properties": { "nodeID": "n_4_0062", "Type": "Toilet", "FloorLevel": "4", "LotNo": null, "ShopName": null, "Category": null, "layer": "Nodes_L4", "path": "C:/Users/Stephanie/Documents/001 Tasek Mall/04 GIS/Test_Claude_02/Nodes_L4.geojson" }, "geometry": { "type": "Point", "coordinates": [ 103.655672552872531, 1.513919925178121 ] } },
{ "type": "Feature", "properties": { "nodeID": "n_4_0063", "Type": "Toilet", "FloorLevel": "4", "LotNo": null, "ShopName": null, "Category": null, "layer": "Nodes_L4", "path": "C:/Users/Stephanie/Documents/001 Tasek Mall/04 GIS/Test_Claude_02/Nodes_L4.geojson" }, "geometry": { "type": "Point", "coordinates": [ 103.655689634517444, 1.513922314182139 ] } },
{ "type": "Feature", "properties": { "nodeID": "n_4_0064", "Type": "Toilet", "FloorLevel": "4", "LotNo": null, "ShopName": null, "Category": null, "layer": "Nodes_L4", "path": "C:/Users/Stephanie/Documents/001 Tasek Mall/04 GIS/Test_Claude_02/Nodes_L4.geojson" }, "geometry": { "type": "Point", "coordinates": [ 103.655687576730784, 1.513935606697116 ] } },
{ "type": "Feature", "properties": { "nodeID": "n_4_0065", "Type": "Corridor", "FloorLevel": "4", "LotNo": null, "ShopName": null, "Category": null, "layer": "Nodes_L4", "path": "C:/Users/Stephanie/Documents/001 Tasek Mall/04 GIS/Test_Claude_02/Nodes_L4.geojson" }, "geometry": { "type": "Point", "coordinates": [ 103.655737614427665, 1.514246286186244 ] } },
{ "type": "Feature", "properties": { "nodeID": "n_4_0066", "Type": "Corridor", "FloorLevel": "4", "LotNo": null, "ShopName": null, "Category": null, "layer": "Nodes_L4", "path": "C:/Users/Stephanie/Documents/001 Tasek Mall/04 GIS/Test_Claude_02/Nodes_L4.geojson" }, "geometry": { "type": "Point", "coordinates": [ 103.6544273344564, 1.514463713971279 ] } },
{ "type": "Feature", "properties": { "nodeID": "n_4_0067", "Type": "Entrance", "FloorLevel": "4", "LotNo": null, "ShopName": null, "Category": null, "layer": "Nodes_L4", "path": "C:/Users/Stephanie/Documents/001 Tasek Mall/04 GIS/Test_Claude_02/Nodes_L4.geojson" }, "geometry": { "type": "Point", "coordinates": [ 103.654673379530323, 1.51397442840533 ] } },
{ "type": "Feature", "properties": { "nodeID": "n_4_0068", "Type": "Shop", "FloorLevel": "4", "LotNo": "4-38", "ShopName": "Poolroom", "Category": "Leisure and Entertainment", "layer": "Nodes_L4", "path": "C:/Users/Stephanie/Documents/001 Tasek Mall/04 GIS/Test_Claude_02/Nodes_L4.geojson" }, "geometry": { "type": "Point", "coordinates": [ 103.654667483723884, 1.513939492737761 ] } },
{ "type": "Feature", "properties": { "nodeID": "n_4_0069", "Type": "Corridor", "FloorLevel": "4", "LotNo": null, "ShopName": null, "Category": null, "layer": "Nodes_L4", "path": "C:/Users/Stephanie/Documents/001 Tasek Mall/04 GIS/Test_Claude_02/Nodes_L4.geojson" }, "geometry": { "type": "Point", "coordinates": [ 103.654653072458785, 1.513953396160538 ] } },
{ "type": "Feature", "properties": { "nodeID": "n_4_0070", "Type": "Shop", "FloorLevel": "4", "LotNo": null, "ShopName": "Cosmo Seeds", "Category": null, "layer": "Nodes_L4", "path": "C:/Users/Stephanie/Documents/001 Tasek Mall/04 GIS/Test_Claude_02/Nodes_L4.geojson" }, "geometry": { "type": "Point", "coordinates": [ 103.654595704020167, 1.514383828404479 ] } },
{ "type": "Feature", "properties": { "nodeID": "n_4_0071", "Type": "Corridor", "FloorLevel": "4", "LotNo": null, "ShopName": null, "Category": null, "layer": "Nodes_L4", "path": "C:/Users/Stephanie/Documents/001 Tasek Mall/04 GIS/Test_Claude_02/Nodes_L4.geojson" }, "geometry": { "type": "Point", "coordinates": [ 103.654991680424487, 1.514239836866397 ] } },
{ "type": "Feature", "properties": { "nodeID": "n_4_0072", "Type": "Shop", "FloorLevel": "4", "LotNo": null, "ShopName": "Cosmo Seeds", "Category": null, "layer": "Nodes_L4", "path": "C:/Users/Stephanie/Documents/001 Tasek Mall/04 GIS/Test_Claude_02/Nodes_L4.geojson" }, "geometry": { "type": "Point", "coordinates": [ 103.65498497662665, 1.514246255512899 ] } },
{ "type": "Feature", "properties": { "nodeID": "n_4_0073", "Type": "Corridor", "FloorLevel": "4", "LotNo": null, "ShopName": null, "Category": null, "layer": "Nodes_L4", "path": "C:/Users/Stephanie/Documents/001 Tasek Mall/04 GIS/Test_Claude_02/Nodes_L4.geojson" }, "geometry": { "type": "Point", "coordinates": [ 103.655192068793497, 1.514083629207383 ] } },
{ "type": "Feature", "properties": { "nodeID": "n_5_0001", "Type": "Corridor", "FloorLevel": "5", "LotNo": null, "ShopName": null, "Category": null, "layer": "Nodes_L5", "path": "C:/Users/Stephanie/Documents/001 Tasek Mall/04 GIS/Test_Claude_02/Nodes_L5.geojson" }, "geometry": { "type": "Point", "coordinates": [ 103.655662183368477, 1.513948556200233 ] } },
{ "type": "Feature", "properties": { "nodeID": "n_5_0002", "Type": "Toilet", "FloorLevel": "5", "LotNo": null, "ShopName": null, "Category": null, "layer": "Nodes_L5", "path": "C:/Users/Stephanie/Documents/001 Tasek Mall/04 GIS/Test_Claude_02/Nodes_L5.geojson" }, "geometry": { "type": "Point", "coordinates": [ 103.655672552872531, 1.513919925178121 ] } },
{ "type": "Feature", "properties": { "nodeID": "n_5_0003", "Type": "Toilet", "FloorLevel": "5", "LotNo": null, "ShopName": null, "Category": null, "layer": "Nodes_L5", "path": "C:/Users/Stephanie/Documents/001 Tasek Mall/04 GIS/Test_Claude_02/Nodes_L5.geojson" }, "geometry": { "type": "Point", "coordinates": [ 103.655689614872415, 1.51392229363419 ] } },
{ "type": "Feature", "properties": { "nodeID": "n_5_0004", "Type": "Toilet", "FloorLevel": "5", "LotNo": null, "ShopName": null, "Category": null, "layer": "Nodes_L5", "path": "C:/Users/Stephanie/Documents/001 Tasek Mall/04 GIS/Test_Claude_02/Nodes_L5.geojson" }, "geometry": { "type": "Point", "coordinates": [ 103.655687576750438, 1.513935606678294 ] } },
{ "type": "Feature", "properties": { "nodeID": "n_5_0005", "Type": "Shop", "FloorLevel": "5", "LotNo": null, "ShopName": null, "Category": null, "layer": "Nodes_L5", "path": "C:/Users/Stephanie/Documents/001 Tasek Mall/04 GIS/Test_Claude_02/Nodes_L5.geojson" }, "geometry": { "type": "Point", "coordinates": [ 103.655649414028119, 1.51396078140098 ] } },
{ "type": "Feature", "properties": { "nodeID": "n_5_0006", "Type": "Shop", "FloorLevel": "5", "LotNo": null, "ShopName": null, "Category": null, "layer": "Nodes_L5", "path": "C:/Users/Stephanie/Documents/001 Tasek Mall/04 GIS/Test_Claude_02/Nodes_L5.geojson" }, "geometry": { "type": "Point", "coordinates": [ 103.655540033121284, 1.514155060494415 ] } },
{ "type": "Feature", "properties": { "nodeID": "n_5_0007", "Type": "Corridor", "FloorLevel": "5", "LotNo": null, "ShopName": null, "Category": null, "layer": "Nodes_L5", "path": "C:/Users/Stephanie/Documents/001 Tasek Mall/04 GIS/Test_Claude_02/Nodes_L5.geojson" }, "geometry": { "type": "Point", "coordinates": [ 103.655601335212637, 1.514282084043129 ] } },
{ "type": "Feature", "properties": { "nodeID": "n_5_0008", "Type": "Corridor", "FloorLevel": "5", "LotNo": null, "ShopName": null, "Category": null, "layer": "Nodes_L5", "path": "C:/Users/Stephanie/Documents/001 Tasek Mall/04 GIS/Test_Claude_02/Nodes_L5.geojson" }, "geometry": { "type": "Point", "coordinates": [ 103.655643771671251, 1.514297855781663 ] } },
{ "type": "Feature", "properties": { "nodeID": "n_5_0009", "Type": "Shop", "FloorLevel": "5", "LotNo": null, "ShopName": null, "Category": null, "layer": "Nodes_L5", "path": "C:/Users/Stephanie/Documents/001 Tasek Mall/04 GIS/Test_Claude_02/Nodes_L5.geojson" }, "geometry": { "type": "Point", "coordinates": [ 103.655684638476828, 1.514315479709581 ] } }
]
}
